velocidad,impacto,cantidad_reportes_zona,usuario_verificado,hora,descripcion_larga,zona_riesgo,gravedad,reporte_falso
28,0.25,8,0,7,0,2,2,0
26,6.77,2,1,1,0,0,1,0
55,2.33,0,0,22,1,0,1,0
114,5.89,0,0,22,1,1,2,0
71,1.55,10,0,2,1,0,1,0
91,8.47,8,0,23,1,2,2,0
31,9.73,12,0,17,1,2,2,0
92,5.77,2,0,21,0,1,2,0
20,8.55,3,1,8,1,2,2,0
93,1.63,11,0,21,1,2,2,0
18,6.09,5,0,5,1,1,1,0
69,9.9,7,1,1,0,0,2,0
80,4.01,2,0,18,1,0,2,0
127,3.96,14,0,8,0,0,2,0
67,7.47,13,1,11,0,0,1,0
130,4.94,1,0,4,0,2,2,0
108,5.96,12,1,19,1,2,2,0
64,9.71,0,0,21,1,2,2,0
87,1.12,13,0,14,0,2,2,0
67,9.72,5,0,20,1,2,2,0
129,6.09,4,1,5,0,2,2,0
82,4.89,3,1,9,0,0,2,0
61,8.78,2,0,23,1,0,2,0
32,1.28,15,0,8,1,0,0,0
51,7.13,12,1,14,1,0,1,0
63,2.25,10,0,18,0,2,2,0
56,0.07,1,0,2,0,1,1,0
18,5.14,8,1,6,0,2,2,0
121,2.43,15,1,6,0,0,2,0
110,3.54,13,1,23,0,2,2,0
25,0.61,10,0,7,0,0,0,0
114,1.4,5,1,14,0,0,2,0
113,8.08,3,0,20,0,0,2,0
60,1.66,15,1,6,1,0,1,0
42,3.79,12,1,14,1,1,1,0
124,1.55,9,0,1,0,2,2,0
80,0.57,15,0,1,0,0,2,0
17,5.95,7,1,3,0,2,2,0
10,6.19,13,1,8,0,2,2,0
80,2.39,12,0,21,1,1,2,0
80,9.29,2,0,14,0,0,2,0
54,5.06,4,1,2,0,1,1,0
72,1.58,9,0,21,1,2,2,0
26,9.39,4,1,3,0,2,2,0
39,2.72,6,1,6,1,2,2,0
125,2.51,1,0,20,1,1,2,0
11,0.04,4,1,5,1,2,2,0
109,5.61,3,0,22,0,2,2,0
9,8.35,4,1,4,0,1,2,0
93,8.99,1,1,6,0,2,2,0
26,3.54,13,0,7,0,0,0,0
105,0.25,10,1,21,0,1,2,0
40,7.87,3,1,1,1,0,1,0
51,8.17,14,1,9,0,0,2,0
6,6.6,12,1,8,0,1,1,0
89,6.41,12,1,0,0,1,2,0
45,5.81,8,0,3,1,1,1,0
80,4.36,3,1,18,0,1,2,0
11,7.09,0,0,11,1,0,1,0
84,6.23,3,1,16,1,2,2,0
104,3.26,9,0,6,1,2,2,0
97,6.77,5,1,12,0,1,2,0
73,2.1,10,1,14,1,2,2,0
54,5.11,5,0,9,1,0,1,0
60,6.73,7,0,4,0,0,1,0
62,9.84,2,1,13,0,2,2,0
98,4.94,7,0,20,0,0,2,0
108,2.19,14,0,17,0,0,2,0
116,1.33,14,1,14,1,2,2,0
114,8.97,15,1,8,0,2,2,0
70,7.66,15,0,8,1,0,1,0
73,2.34,10,1,17,0,0,1,0
38,2.31,4,0,2,1,1,1,0
84,5.43,13,0,6,1,1,2,0
5,8.57,12,1,0,1,1,2,0
99,8.53,13,0,15,0,1,2,0
111,4.86,12,1,21,1,2,2,0
42,8.41,4,0,12,0,0,2,0
109,1.36,14,0,1,1,1,2,0
83,2.12,10,1,12,1,1,2,0
64,8.35,15,0,23,0,1,2,0
57,6.5,1,0,7,0,0,1,0
39,2.39,15,0,18,0,1,1,0
65,7.67,5,0,5,1,0,1,0
6,9.29,12,1,22,0,0,2,0
62,1.02,9,0,18,0,1,1,0
109,6.62,2,1,0,1,1,2,0
27,4.34,11,1,22,0,1,1,0
45,7.34,8,1,14,1,2,2,0
68,3.22,7,0,8,1,0,1,0
118,5.7,12,1,0,1,1,2,0
46,4.88,11,1,10,1,2,2,0
70,5.56,6,0,7,1,1,1,0
61,6.91,15,1,0,0,1,1,0
56,4.04,7,1,21,1,1,1,0
88,4.26,10,1,22,1,1,2,0
78,2.51,3,0,10,0,2,2,0
47,1.92,15,1,23,1,0,1,0
49,2.96,11,0,9,0,2,2,0
32,2.74,1,1,22,0,2,2,0
125,1.03,0,1,15,1,1,2,0
87,1.84,1,1,15,0,0,2,0
102,4.92,1,0,4,1,0,2,0
63,1.18,13,0,16,1,1,1,0
113,2.97,13,1,18,0,2,2,0
25,9.48,6,0,8,0,0,2,0
61,1.74,2,0,0,1,1,1,0
120,2.91,7,1,22,1,2,2,0
116,0.71,7,1,20,0,1,2,0
29,5.45,4,1,4,0,0,1,0
42,7.93,9,1,3,1,2,2,0
77,7.0,8,1,14,0,2,2,0
10,8.89,10,1,0,0,0,2,0
5,10.0,8,0,5,1,2,2,0
113,9.16,5,1,20,1,0,2,0
120,3.48,10,1,21,0,0,2,0
84,4.12,15,1,21,1,2,2,0
9,4.55,10,1,10,0,1,1,0
0,6.58,14,1,1,0,2,2,0
92,6.23,15,1,1,0,1,2,0
33,9.28,14,1,3,0,2,2,0
61,7.1,9,0,17,1,0,1,0
57,9.92,3,1,3,0,1,2,0
74,5.09,8,1,15,1,0,1,0
116,5.51,12,0,19,0,0,2,0
70,7.73,13,1,16,1,0,1,0
72,7.26,15,0,14,1,1,1,0
85,5.52,12,1,10,0,2,2,0
61,5.72,7,1,1,1,2,2,0
121,7.05,12,1,21,0,1,2,0
9,1.26,10,0,14,0,2,2,1
116,0.15,4,1,20,0,0,2,0
120,7.82,8,1,19,1,2,2,0
20,8.52,12,1,20,1,2,2,0
9,6.17,7,1,7,0,1,1,0
25,7.6,3,1,5,1,0,1,0
11,3.24,1,1,11,1,1,1,0
37,2.44,13,0,5,0,0,1,0
97,6.2,7,1,18,0,0,2,0
118,6.38,14,1,21,0,1,2,0
73,6.78,5,0,14,1,2,2,0
76,6.39,13,1,14,1,0,1,0
98,8.53,3,0,12,1,2,2,0
75,9.93,9,0,21,1,1,2,0
2,5.66,1,1,9,0,2,2,0
90,2.19,6,1,21,0,2,2,0
24,9.03,1,1,14,0,2,2,0
93,7.32,2,1,10,1,0,2,0
51,1.32,11,1,5,1,1,1,0
75,7.47,10,0,14,0,0,1,0
57,8.6,12,1,2,1,0,2,0
67,5.37,14,1,21,1,2,2,0
97,8.22,11,0,21,0,1,2,0
6,6.2,10,0,20,0,2,2,0
118,9.09,9,1,3,0,0,2,0
9,3.04,15,0,3,0,2,2,0
34,3.89,11,1,18,0,1,1,0
25,8.34,13,1,1,1,0,2,0
113,4.45,7,1,3,1,2,2,0
91,0.61,8,0,3,1,0,2,0
54,6.42,0,0,10,0,0,1,1
52,0.69,6,0,7,1,0,1,0
0,2.77,4,0,17,1,0,0,0
28,6.61,0,0,0,1,0,1,0
82,0.16,8,0,4,1,2,2,0
29,7.46,15,1,11,0,1,1,0
128,2.22,1,1,14,0,0,2,0
122,8.47,13,0,15,1,0,2,0
20,3.22,4,0,4,1,2,2,0
83,3.81,9,1,16,1,0,2,0
29,8.53,6,1,14,0,1,2,0
86,8.27,12,1,23,0,1,2,0
109,3.13,8,1,4,1,0,2,0
23,8.32,2,1,3,1,0,2,0
15,5.86,10,0,13,1,2,2,0
108,8.68,1,1,19,1,1,2,0
26,5.78,6,0,21,1,0,1,0
27,3.5,11,0,8,0,1,1,0
6,6.09,8,0,5,1,2,2,0
79,9.22,11,0,5,0,2,2,0
102,0.7,0,0,23,0,1,2,1
107,4.54,5,1,9,1,2,2,0
21,8.83,4,0,19,0,2,2,0
20,2.72,13,1,19,1,1,1,0
69,2.16,3,1,13,0,1,1,0
124,5.27,9,0,7,1,2,2,0
14,0.08,9,0,4,1,1,1,0
83,1.2,15,1,5,0,1,2,0
58,5.0,11,0,12,0,1,1,0
4,4.6,2,1,18,1,2,2,0
103,7.09,13,1,3,1,0,2,0
83,1.72,14,1,2,1,0,2,0
62,4.36,12,0,12,1,2,2,0
86,2.22,5,0,16,0,2,2,0
130,1.94,11,1,23,0,0,2,0
26,1.46,6,0,19,0,2,2,0
19,1.77,15,1,18,1,2,2,0
82,8.64,10,0,14,0,1,2,0
113,6.31,8,0,11,0,1,2,0
118,4.52,1,1,9,0,2,2,0
23,6.15,12,1,18,0,1,1,0
48,3.22,15,0,1,1,0,1,0
87,9.82,2,0,1,0,2,2,0
112,9.91,5,1,11,1,1,2,0
104,7.74,1,1,2,1,0,2,0
98,2.84,4,1,2,0,1,2,0
79,9.68,12,0,19,0,1,2,0
96,6.43,10,0,21,0,2,2,0
108,5.08,0,1,9,0,0,2,0
87,9.48,15,0,7,0,0,2,0
19,2.96,3,0,21,1,2,2,0
33,5.97,4,0,5,0,2,2,0
112,0.44,11,0,14,1,2,2,0
114,2.34,7,1,15,0,1,2,0
112,4.62,9,1,16,1,0,2,0
51,8.01,4,1,1,1,1,2,0
26,7.11,3,1,2,0,1,1,0
115,9.05,4,1,2,0,1,2,0
89,9.3,13,0,12,1,0,2,0
98,9.95,11,0,0,1,0,2,0
85,7.91,4,0,9,1,2,2,0
35,7.59,15,1,19,0,0,1,0
4,2.56,4,1,3,1,0,0,0
77,1.22,7,1,20,1,0,1,0
28,8.37,15,0,20,0,2,2,0
36,2.91,0,1,7,1,0,1,0
21,5.23,11,0,16,0,1,1,0
120,0.44,12,1,8,0,1,2,0
17,3.45,3,1,4,0,1,1,0
86,8.14,5,1,22,1,2,2,0
46,8.11,2,1,1,1,0,2,0
11,7.91,1,1,9,1,2,2,0
121,2.53,6,1,11,0,2,2,0
84,2.73,11,1,12,1,1,2,0
86,9.74,15,1,11,1,0,2,0
108,0.79,5,1,10,0,0,2,0
83,6.61,9,1,19,1,0,2,0
113,3.52,1,1,19,1,1,2,0
14,0.75,12,1,16,0,0,0,0
36,8.49,14,0,4,0,0,2,0
93,3.62,1,0,21,1,1,2,0
95,4.44,2,0,16,1,1,2,0
80,6.5,7,0,0,0,1,2,0
99,9.14,3,1,8,1,0,2,0
73,6.94,15,0,3,0,0,1,0
115,1.73,14,0,21,1,2,2,0
88,7.1,9,1,5,0,1,2,0
130,2.24,6,0,7,1,0,2,0
92,5.54,11,1,17,0,2,2,0
22,0.66,12,1,16,1,1,1,0
18,1.25,10,0,14,1,2,2,0
88,1.28,5,0,13,0,0,2,0
39,3.04,5,1,22,0,1,1,0
72,8.46,8,0,20,1,0,2,0
77,6.14,2,0,18,0,0,1,0
86,8.43,1,0,2,0,2,2,0
67,6.51,13,0,15,1,2,2,0
77,4.83,12,1,14,0,2,2,0
15,1.58,13,1,14,0,1,1,0
36,3.13,10,1,12,0,1,1,0
27,3.19,14,0,8,1,0,0,0
36,0.97,9,1,19,1,0,1,0
40,8.13,10,0,5,1,2,2,0
119,4.99,9,1,0,0,1,2,0
129,4.57,7,0,18,1,0,2,0
12,2.81,15,1,17,0,0,0,0
110,1.34,8,1,12,1,0,2,0
102,0.51,6,1,17,1,0,2,0
98,5.04,8,0,4,0,1,2,0
95,7.95,10,1,4,0,2,2,0
130,4.01,1,0,1,0,2,2,0
85,8.04,14,0,19,0,1,2,0
81,1.63,9,1,16,1,2,2,0
76,4.75,0,1,10,0,1,1,0
78,7.97,0,1,8,0,2,2,0
13,5.84,5,1,4,0,0,1,0
28,1.91,14,1,13,0,1,1,0
52,4.1,15,0,22,0,2,2,0
53,5.61,15,1,10,0,1,1,0
87,5.46,8,1,6,0,1,2,0
76,2.25,9,1,22,0,2,2,0
125,3.17,11,1,9,0,2,2,0
97,8.96,12,1,4,1,0,2,0
73,9.55,2,1,14,1,2,2,0
122,2.14,8,1,4,0,2,2,0
61,2.42,7,0,1,0,1,1,0
84,7.17,3,0,0,0,1,2,0
121,4.77,6,1,10,1,2,2,0
15,9.08,2,0,17,0,0,2,0
106,8.82,5,0,12,1,0,2,0
74,8.77,0,1,18,0,1,2,0
72,4.54,15,0,16,1,1,1,0
49,8.09,10,0,23,1,2,2,0
65,7.19,0,1,9,0,0,1,0
103,8.27,10,0,12,0,0,2,0
35,4.77,7,0,8,1,0,1,0
114,7.54,10,1,18,0,1,2,0
92,6.93,1,0,14,1,0,2,0
103,6.86,9,0,20,1,1,2,0
56,2.19,4,1,4,1,2,2,0
95,4.16,15,0,7,0,2,2,0
114,5.28,11,0,18,0,0,2,0
129,2.02,4,0,10,1,0,2,0
52,7.17,15,0,16,1,0,1,0
116,1.32,13,1,18,0,2,2,0
118,6.73,9,0,12,1,0,2,0
55,5.78,1,1,11,0,2,2,0
15,9.35,2,1,1,1,1,2,0
46,7.69,13,1,12,1,1,1,0
96,0.8,4,1,3,0,2,2,0
100,5.29,7,0,0,1,1,2,0
108,5.32,7,0,14,1,0,2,0
70,1.88,3,0,21,1,2,2,0
4,2.41,2,0,19,0,1,1,0
12,2.45,1,1,14,0,2,2,0
55,7.54,1,0,16,1,0,1,0
81,5.77,10,0,9,0,2,2,0
56,4.14,8,0,17,0,2,2,0
109,5.56,1,1,20,1,2,2,0
81,6.96,13,0,9,1,0,2,0
121,2.41,7,1,22,0,1,2,0
14,5.62,13,0,12,0,1,1,0
52,3.3,2,1,11,0,2,2,0
48,0.52,12,0,2,0,2,2,0
55,4.79,10,1,0,0,0,1,0
30,7.47,15,0,22,0,1,1,0
61,5.52,9,1,14,1,1,1,0
66,3.6,15,1,3,1,1,1,0
52,3.71,13,0,18,0,2,2,0
37,0.16,13,1,4,0,1,1,0
58,3.8,7,1,17,1,1,1,0
125,9.67,15,1,5,1,0,2,0
35,7.2,15,0,17,0,2,2,0
8,8.39,2,0,0,1,0,2,0
59,0.68,4,0,6,1,1,1,0
15,6.18,15,1,0,0,2,2,0
105,0.12,8,1,0,1,0,2,0
27,9.18,4,0,6,1,1,2,0
68,7.95,2,1,12,1,2,2,0
62,9.9,7,1,21,0,2,2,0
8,0.94,12,1,17,1,0,0,0
2,7.03,2,1,13,1,2,2,0
24,8.95,1,0,6,1,1,2,0
11,9.24,8,0,5,1,0,2,0
53,5.87,12,0,9,0,2,2,0
61,5.67,12,1,12,0,2,2,0
20,5.01,11,0,3,1,0,1,0
19,3.41,12,1,0,1,1,1,0
125,2.28,12,1,5,1,0,2,0
75,7.98,2,0,8,0,1,1,0
39,7.4,10,1,3,0,0,1,0
78,4.45,8,0,4,0,0,1,0
110,4.49,13,0,0,0,1,2,0
23,5.97,10,1,0,1,1,1,0
99,7.79,7,0,21,1,0,2,0
35,2.69,8,1,4,0,0,1,0
111,2.76,9,1,2,1,1,2,0
63,7.21,15,0,14,0,0,1,0
77,0.07,12,1,19,1,1,1,0
112,3.35,4,1,10,0,1,2,0
80,1.78,12,1,9,1,2,2,0
62,3.26,8,1,11,0,2,2,0
51,5.92,5,0,23,1,2,2,0
53,4.38,9,0,13,1,0,1,0
77,2.42,4,1,12,0,1,1,0
122,5.82,13,0,11,0,0,2,0
63,6.58,11,0,20,0,2,2,0
102,9.67,10,1,3,0,0,2,0
66,2.22,7,1,11,1,1,1,0
128,1.51,0,1,3,1,1,2,0
21,1.16,4,1,9,1,1,1,0
52,5.21,11,1,3,1,2,2,0
115,3.19,9,0,22,0,0,2,0
87,6.48,5,0,16,0,2,2,0
40,3.31,13,1,7,1,2,2,0
47,1.86,13,1,0,0,1,1,0
109,3.89,6,0,8,0,2,2,0
26,8.0,5,1,10,0,1,2,0
29,2.62,15,1,19,1,2,2,0
100,5.87,11,1,14,0,2,2,0
76,9.19,2,0,10,0,0,2,0
78,1.17,11,0,16,1,1,1,0
35,5.75,13,0,15,0,2,2,0
42,4.9,4,0,10,1,2,2,0
13,8.66,0,1,4,0,1,2,0
129,6.53,13,1,13,1,1,2,0
42,0.83,0,0,9,0,1,1,1
57,5.38,5,1,18,1,2,2,0
130,1.13,3,1,17,1,2,2,0
10,7.6,14,0,13,0,2,2,0
63,2.98,1,1,8,1,0,1,0
112,8.65,3,0,6,1,2,2,0
109,1.66,4,0,6,0,2,2,0
89,5.32,5,1,22,1,1,2,0
68,9.52,3,0,13,0,1,2,0
32,7.01,4,0,4,1,0,1,0
100,4.89,8,1,12,1,0,2,0
23,4.03,8,1,14,1,1,1,0
0,8.69,2,1,20,1,0,2,0
101,2.18,13,0,15,1,1,2,0
72,3.38,4,1,10,0,0,1,0
25,6.26,14,0,3,0,1,1,0
116,0.01,13,0,22,0,2,2,0
77,1.59,8,0,20,1,1,1,0
21,3.72,5,0,12,1,2,2,0
59,4.29,2,0,0,0,1,1,0
19,1.33,7,1,0,0,2,2,0
87,8.17,13,0,15,0,0,2,0
98,0.89,3,0,10,1,1,2,0
35,3.83,4,0,2,0,2,2,0
42,4.4,6,0,13,1,0,1,0
22,8.97,4,0,18,1,1,2,0
109,3.15,4,0,8,0,0,2,0
72,7.79,0,1,6,0,2,2,0
100,2.96,1,0,15,1,0,2,0
61,5.0,2,0,11,1,0,1,0
99,8.61,13,1,17,0,1,2,0
18,0.17,2,0,8,0,0,0,0
15,9.49,12,1,20,1,1,2,0
102,0.82,4,1,2,1,0,2,0
130,9.21,4,1,12,0,1,2,0
111,7.3,7,0,7,0,1,2,0
29,4.53,1,1,21,0,0,1,0
3,7.08,0,0,15,1,2,2,0
66,1.67,4,1,23,0,0,1,0
85,8.07,8,0,8,0,1,2,0
116,5.11,1,1,18,0,1,2,0
40,2.55,3,0,7,0,0,1,0
3,2.45,15,1,12,0,0,0,0
9,5.53,13,0,10,0,1,1,0
81,2.71,2,1,3,0,0,2,0
57,8.04,1,1,2,1,1,2,0
79,3.27,14,0,11,0,1,1,0
77,7.4,7,1,11,1,0,1,0
62,1.51,13,0,7,1,2,2,0
2,9.51,0,1,23,1,0,2,0
52,5.3,7,1,15,0,0,1,0
71,0.93,7,1,22,1,1,1,0
21,5.81,4,1,2,0,1,1,0
33,2.37,8,1,12,1,1,1,0
115,2.72,2,0,4,0,0,2,0
27,1.64,14,1,13,0,2,2,0
91,9.65,6,1,9,1,1,2,0
30,0.9,9,0,6,1,0,0,0
23,7.11,11,1,16,0,2,2,0
76,2.6,5,0,12,1,2,2,0
63,0.95,3,0,3,0,0,1,0
56,1.31,12,1,21,0,2,2,0
66,9.17,2,0,2,0,2,2,0
113,8.09,2,1,3,0,1,2,0
12,1.68,13,1,15,0,1,1,0
109,1.73,6,0,8,1,1,2,0
38,0.35,7,1,15,1,2,2,0
122,0.61,8,1,4,1,0,2,0
63,6.31,0,1,22,1,1,1,0
124,3.44,10,1,8,0,0,2,0
81,5.97,0,1,1,1,2,2,0
91,7.67,7,0,3,0,2,2,0
61,2.67,1,0,18,1,1,1,0
44,1.76,10,1,18,0,2,2,0
90,9.48,4,0,15,1,0,2,0
125,0.38,1,0,19,0,0,2,0
122,0.01,6,0,10,0,1,2,0
15,0.22,4,0,16,1,0,0,0
95,7.05,12,0,10,1,1,2,0
34,9.76,13,1,20,1,0,2,0
91,2.23,5,1,9,1,0,2,0
45,7.29,12,0,5,1,2,2,0
56,6.4,3,1,4,1,2,2,0
19,2.38,10,0,20,0,2,2,0
85,4.47,8,0,7,0,1,2,0
65,7.87,0,0,12,1,2,2,0
107,9.69,13,1,12,1,2,2,0
96,1.01,15,0,5,1,0,2,0
8,2.95,10,1,3,0,1,1,0
43,8.88,5,0,17,0,1,2,0
123,7.05,13,0,19,1,0,2,0
13,1.01,6,0,13,1,2,2,0
72,2.97,3,0,12,1,0,1,0
13,3.61,13,0,9,1,0,0,0
24,0.26,5,1,2,1,0,0,0
78,7.85,15,1,21,1,0,1,0
99,1.85,12,1,5,1,0,2,0
67,4.4,8,0,8,0,0,1,0
24,0.86,11,1,18,0,2,2,0
15,8.41,13,1,18,0,1,2,0
76,0.79,1,0,3,1,0,1,0
42,9.72,6,0,1,1,0,2,0
111,2.02,4,1,10,0,0,2,0
99,5.56,10,1,16,1,0,2,0
107,1.13,4,0,18,0,0,2,0
25,7.86,11,1,8,1,2,2,0
124,5.72,15,0,5,1,1,2,0
36,6.18,12,0,12,1,2,2,0
60,0.49,15,1,11,0,1,1,0
77,3.11,15,0,7,0,1,1,0
113,7.74,10,1,23,1,2,2,0
22,1.88,6,1,23,1,2,2,0
95,8.21,5,0,9,1,0,2,0
7,1.74,6,0,7,0,1,1,1
12,9.18,6,1,11,1,2,2,0
101,6.35,3,0,7,1,1,2,0
114,1.78,15,1,11,0,1,2,0
23,2.85,12,0,5,0,0,0,0
57,6.78,8,1,16,0,2,2,0
2,4.74,4,0,19,0,0,1,0
64,6.08,9,1,13,1,1,1,0
117,2.52,14,1,21,1,2,2,0
26,0.07,11,1,9,0,1,1,0
16,3.36,8,1,8,1,2,2,0
76,1.88,7,0,19,1,2,2,0
81,6.81,0,1,9,1,1,2,0
103,3.88,1,0,10,0,2,2,0
121,9.07,11,1,5,0,1,2,0
24,4.71,8,0,21,1,2,2,0
22,2.22,7,1,13,1,1,1,0
66,5.86,14,0,15,0,2,2,0
18,4.72,6,0,21,1,2,2,0
76,4.13,4,0,6,1,1,1,0
117,1.43,5,0,15,1,2,2,0
45,3.13,1,0,14,1,0,1,0
43,5.76,5,1,2,0,2,2,0
111,6.33,12,1,15,1,0,2,0
9,5.34,11,0,10,0,0,1,0
1,6.27,7,0,22,1,1,1,0
33,1.03,9,0,2,0,1,1,0
74,4.56,10,1,21,0,1,1,0
125,3.59,6,0,12,0,0,2,0
57,7.27,4,0,23,0,2,2,0
129,1.69,11,0,12,1,2,2,0
12,5.94,1,0,20,0,0,1,0
29,4.17,12,0,17,1,1,1,0
39,2.05,0,1,13,0,2,2,0
69,6.23,4,1,3,0,1,1,0
29,7.85,15,0,19,0,1,1,0
51,3.58,13,1,5,0,2,2,0
127,9.1,15,1,7,0,0,2,0
22,9.07,15,0,2,0,2,2,0
25,9.05,7,1,9,1,1,2,0
12,1.0,5,0,9,1,2,2,0
80,4.26,3,0,1,0,0,2,0
43,3.29,14,1,23,0,1,1,0
87,1.83,12,1,14,1,1,2,0
122,8.0,5,0,4,0,0,2,0
26,4.16,15,1,5,1,1,1,0
7,8.63,4,1,15,0,1,2,0
112,0.46,8,1,0,0,2,2,0
86,5.19,3,1,21,0,1,2,0
88,6.64,12,0,17,0,0,2,0
40,5.06,15,1,5,0,1,1,0
82,2.41,8,0,16,0,2,2,0
96,4.03,7,0,14,1,2,2,0
114,0.88,15,1,10,0,1,2,0
4,1.03,13,0,17,0,0,0,1
77,8.9,6,1,10,1,0,2,0
57,8.44,10,1,22,1,2,2,0
115,1.14,7,0,10,1,2,2,0
74,5.48,11,0,1,0,1,1,0
35,8.22,13,0,8,0,0,2,0
30,9.3,12,0,14,0,2,2,0
86,1.08,13,0,20,0,1,2,0
117,6.58,4,1,0,0,2,2,0
110,8.39,15,0,22,0,2,2,0
32,1.04,10,1,13,0,1,1,0
101,9.64,9,1,4,0,1,2,0
76,8.43,10,0,6,0,2,2,0
74,6.87,4,0,16,1,2,2,0
29,7.61,15,1,21,1,1,1,0
3,5.23,0,1,4,0,2,2,0
14,2.0,5,1,21,1,0,0,0
15,6.91,9,0,17,0,1,1,0
115,1.02,7,1,7,1,2,2,0
12,9.26,12,1,21,1,2,2,0
13,0.13,8,0,19,1,0,0,0
94,7.55,6,0,9,1,0,2,0
19,1.87,5,0,12,0,1,1,0
71,5.57,4,0,18,1,0,1,0
84,4.66,4,0,4,1,2,2,0
13,7.74,9,1,18,1,0,1,0
81,5.25,5,0,16,0,1,2,0
103,0.92,7,0,21,1,1,2,0
92,2.94,15,0,3,1,1,2,0
61,9.04,7,0,21,1,1,2,0
29,3.86,9,0,16,1,2,2,0
130,4.46,1,1,20,0,1,2,0
21,9.48,5,0,20,0,0,2,0
54,8.65,13,0,6,1,2,2,0
18,7.47,4,0,14,1,0,1,0
22,0.73,5,1,17,0,2,2,0
58,9.11,13,1,14,1,1,2,0
80,0.17,3,0,20,0,2,2,0
11,7.01,2,1,16,0,1,1,0
77,6.07,9,1,12,1,2,2,0
7,4.74,7,0,23,1,2,2,0
75,9.6,4,1,21,1,0,2,0
36,1.23,0,1,17,0,1,1,0
53,7.48,11,0,13,0,0,1,0
47,2.21,8,0,3,0,2,2,0
13,8.51,14,0,9,0,1,2,0
25,1.97,15,1,11,0,2,2,0
60,1.0,2,0,10,1,1,1,0
84,6.16,9,0,18,1,1,2,0
109,1.69,10,0,7,1,1,2,0
92,1.34,10,1,14,1,1,2,0
78,4.87,3,0,20,0,1,1,0
35,8.91,6,1,23,0,2,2,0
19,8.92,0,1,18,0,0,2,0
66,5.43,15,0,11,1,0,1,0
74,1.34,2,1,11,0,2,2,0
61,8.48,5,0,14,0,0,2,0
37,7.36,15,1,1,0,1,1,0
59,0.63,11,0,1,0,2,2,0
92,3.88,14,0,1,1,0,2,0
70,8.35,8,0,12,1,1,2,0
19,5.17,12,0,16,1,1,1,0
88,4.87,15,0,16,0,1,2,0
42,2.3,8,0,4,0,0,1,0
92,6.02,3,0,13,1,2,2,0
29,4.82,15,1,6,0,2,2,0
105,0.22,1,0,18,0,0,2,0
10,8.91,4,0,5,1,0,2,0
103,5.99,0,1,2,0,1,2,0
120,8.67,5,0,13,0,2,2,0
46,6.23,8,0,23,1,1,1,0
17,2.3,12,0,3,0,0,0,0
129,6.84,4,0,5,1,2,2,0
9,8.78,3,0,15,0,2,2,0
0,8.97,13,1,11,0,2,2,0
109,2.29,15,1,11,0,1,2,0
34,2.55,7,0,9,1,1,1,0
48,0.05,0,0,16,0,1,1,1
52,6.88,10,1,11,0,0,1,0
109,6.52,8,1,17,1,2,2,0
93,6.12,12,0,13,1,0,2,0
94,5.59,15,1,9,1,2,2,0
101,7.36,3,0,14,0,0,2,0
54,5.08,10,0,5,1,2,2,0
1,8.04,4,1,19,1,0,2,0
16,2.63,11,0,19,0,2,2,0
98,9.31,12,1,22,0,0,2,0
126,4.39,6,1,6,0,2,2,0
130,5.16,7,0,21,0,1,2,0
61,6.55,5,0,8,1,1,1,0
101,4.05,6,0,23,0,0,2,0
72,7.26,11,1,8,0,2,2,0
49,4.55,12,0,8,0,1,1,0
129,1.06,2,1,10,0,2,2,0
65,8.76,8,1,12,1,0,2,0
86,9.61,14,1,18,0,1,2,0
29,2.58,12,0,21,0,1,1,0
105,9.55,0,1,7,1,0,2,0
102,6.74,10,0,17,0,1,2,0
80,3.54,8,0,23,0,1,2,0
51,2.35,7,1,6,0,0,1,0
63,8.36,11,0,3,0,0,2,0
126,6.14,1,1,11,1,1,2,0
70,4.91,8,1,7,0,0,1,0
108,4.78,1,1,12,0,1,2,0
30,6.98,14,1,22,0,0,1,0
53,3.79,3,1,11,1,0,1,0
67,2.37,15,1,11,0,1,1,0
108,2.11,11,1,12,1,1,2,0
46,5.71,7,0,23,1,0,1,0
110,8.56,6,0,23,0,1,2,0
2,1.77,15,0,20,1,1,1,0
76,2.51,1,1,3,0,0,1,0
55,8.14,15,0,14,1,1,2,0
92,3.6,8,1,0,1,0,2,0
89,8.67,6,0,9,1,1,2,0
130,4.87,14,0,12,1,1,2,0
37,8.68,10,1,20,1,0,2,0
20,1.62,7,1,10,1,2,2,0
68,6.05,12,1,14,1,2,2,0
115,4.14,5,0,4,0,2,2,0
64,9.4,2,0,5,1,0,2,0
24,0.64,15,0,0,1,2,2,0
21,1.04,4,0,20,1,1,1,0
58,2.47,9,1,20,0,0,1,0
43,0.29,11,1,15,1,2,2,0
69,5.49,4,0,18,1,2,2,0
111,5.23,9,1,15,0,0,2,0
113,3.08,13,1,4,1,0,2,0
0,5.23,4,1,9,1,2,2,0
2,6.88,15,1,9,0,1,1,0
74,5.97,0,1,6,1,2,2,0
111,3.95,5,1,12,0,1,2,0
20,4.22,7,1,9,1,1,1,0
48,8.53,5,0,9,0,2,2,0
116,6.18,8,1,6,1,0,2,0
38,0.5,0,0,3,1,1,1,0
32,7.15,0,0,2,0,0,1,1
126,2.17,13,1,15,1,1,2,0
8,3.3,4,0,8,1,0,0,0
120,1.82,8,1,0,0,2,2,0
63,3.85,14,0,23,0,0,1,0
117,7.35,3,0,15,1,2,2,0
79,9.36,5,0,23,0,1,2,0
123,6.39,6,1,1,0,0,2,0
60,6.33,10,0,5,1,2,2,0
30,3.96,7,0,1,1,2,2,0
39,3.71,2,0,5,1,0,1,0
86,9.31,1,0,11,0,2,2,0
27,1.26,7,1,17,1,1,1,0
49,0.21,12,1,23,0,1,1,0
10,4.85,14,1,17,1,0,1,0
47,5.44,10,1,8,0,0,1,0
39,4.49,8,1,14,0,2,2,0
129,3.79,5,0,19,1,2,2,0
61,3.21,2,1,6,1,2,2,0
39,6.13,10,1,20,1,0,1,0
24,5.23,2,0,4,0,0,1,0
51,1.07,6,0,1,1,2,2,0
125,5.26,8,0,11,0,2,2,0
18,0.13,6,1,2,1,2,2,0
15,3.61,13,1,22,0,2,2,0
68,5.29,2,1,2,0,2,2,0
24,1.01,7,1,6,0,2,2,0
63,5.7,5,1,23,0,2,2,0
91,6.74,13,0,5,0,2,2,0
102,5.05,5,1,11,1,2,2,0
83,8.45,13,1,23,1,2,2,0
61,5.63,6,1,17,1,1,1,0
115,4.47,12,0,23,0,1,2,0
4,5.18,9,0,9,0,0,1,0
80,0.22,8,0,3,0,1,2,0
91,1.56,8,1,18,0,0,2,0
65,8.11,2,1,18,0,2,2,0
19,7.24,15,0,15,0,2,2,0
76,0.37,12,0,1,1,1,1,0
111,4.17,3,0,23,0,2,2,0
97,0.54,1,1,17,0,1,2,0
128,6.98,4,0,21,1,1,2,0
129,0.9,13,1,12,0,0,2,0
86,0.83,1,1,8,0,1,2,0
128,4.34,4,0,15,0,1,2,0
101,6.52,6,0,7,0,1,2,0
110,3.23,2,0,21,1,1,2,0
93,3.48,10,1,19,0,1,2,0
43,9.88,14,0,14,0,0,2,0
51,6.85,4,0,3,0,0,1,0
37,8.69,9,0,10,0,1,2,0
115,4.71,10,0,23,0,0,2,0
66,5.49,4,0,12,0,1,1,0
43,0.6,6,1,1,1,2,2,0
2,0.67,8,1,3,0,1,1,0
98,2.31,12,0,10,1,2,2,0
22,1.86,14,0,1,0,2,2,0
78,3.34,12,0,0,1,2,2,0
90,3.55,9,0,16,1,0,2,0
65,8.79,0,1,7,0,1,2,0
100,6.57,2,1,16,0,1,2,0
61,5.73,13,1,19,1,1,1,0
33,2.07,4,0,4,1,2,2,0
34,4.3,4,0,10,0,2,2,0
30,1.84,4,0,10,1,1,1,0
77,4.43,8,0,6,0,0,1,0
47,0.26,8,0,19,0,0,1,0
6,3.59,15,0,16,1,2,2,0
95,1.84,12,1,15,0,0,2,0
49,2.26,13,0,8,1,0,1,0
51,7.58,2,0,14,1,2,2,0
83,8.67,7,1,12,0,2,2,0
97,7.2,12,0,16,0,1,2,0
116,8.27,1,0,16,1,2,2,0
10,5.58,1,0,9,1,1,1,0
77,7.74,9,1,5,1,1,1,0
13,6.9,4,1,20,1,0,1,0
128,1.13,4,1,13,1,1,2,0
6,1.79,6,1,2,1,1,1,0
41,7.18,3,0,3,1,2,2,0
92,0.85,12,0,12,1,0,2,0
43,9.12,4,0,4,0,2,2,0
13,4.2,9,1,9,0,0,1,0
33,9.6,0,1,0,1,1,2,0
127,5.44,0,1,7,0,2,2,0
121,4.54,14,0,19,0,0,2,0
71,6.2,6,0,5,0,0,1,0
89,0.37,1,1,10,0,0,2,0
27,4.17,5,0,21,1,2,2,0
45,9.66,11,0,2,1,1,2,0
94,8.98,2,1,17,0,1,2,0
120,1.35,8,1,16,1,2,2,0
53,6.96,1,0,18,0,1,1,0
73,4.27,10,1,16,1,0,1,0
127,5.2,15,1,5,0,2,2,0
74,9.79,0,0,0,1,2,2,0
30,7.37,6,1,13,0,1,1,0
89,5.6,6,0,20,0,2,2,0
72,2.54,2,1,9,1,0,1,0
29,6.86,10,1,23,0,0,1,0
49,3.31,10,1,15,0,2,2,0
34,4.81,14,1,14,1,2,2,0
14,8.35,9,1,17,0,0,2,0
84,8.0,11,0,4,1,0,2,0
86,9.84,5,1,5,0,1,2,0
80,7.1,8,1,2,1,0,2,0
95,4.52,9,0,16,1,0,2,0
28,3.74,1,0,2,1,2,2,0
6,7.99,4,0,10,1,2,2,0
79,7.76,4,0,16,0,0,1,0
9,4.59,3,0,9,0,2,2,0
22,3.33,1,0,16,1,0,0,0
79,6.39,6,1,6,0,1,1,0
70,5.32,14,0,8,0,0,1,0
70,1.14,3,0,17,1,2,2,0
81,2.71,9,0,5,0,1,2,0
86,5.41,1,0,0,1,2,2,0
12,1.06,1,0,13,1,0,0,0
114,6.16,9,1,6,0,1,2,0
33,0.93,14,0,14,1,2,2,0
119,4.71,7,0,19,1,1,2,0
100,1.83,10,1,14,1,0,2,0
16,4.75,11,1,14,0,1,1,0
89,6.04,4,0,12,0,1,2,0
18,7.92,14,1,18,1,0,1,0
62,5.48,15,1,2,1,0,1,0
110,7.84,13,1,17,0,0,2,0
19,7.39,15,0,18,1,1,1,0
24,8.22,5,1,12,0,2,2,0
27,6.86,12,1,15,0,0,1,0
55,8.17,0,0,21,0,1,2,1
74,3.9,14,0,6,1,1,1,0
77,9.19,13,1,2,0,2,2,0
130,4.04,4,1,1,1,2,2,0
13,0.01,11,0,9,0,0,0,0
110,7.02,12,1,22,1,1,2,0
97,4.35,6,0,15,0,0,2,0
98,8.43,11,1,4,1,2,2,0
32,1.34,2,0,4,1,2,2,0
111,9.75,4,0,4,1,1,2,0
108,6.23,14,1,17,1,1,2,0
90,2.26,13,0,18,1,2,2,0
60,7.12,8,1,17,1,0,1,0
9,5.68,11,0,18,1,2,2,0
20,1.42,8,1,16,0,2,2,0
22,2.45,2,1,19,0,1,1,0
2,4.69,15,1,13,1,1,1,0
74,1.68,9,1,1,1,2,2,0
43,5.73,9,0,9,1,0,1,0
32,5.06,8,1,4,1,1,1,0
65,0.14,3,0,18,0,2,2,0
114,3.7,5,1,22,0,1,2,0
46,7.99,1,1,2,0,2,2,0
39,8.38,13,1,7,1,2,2,0
42,2.11,11,0,20,1,0,1,0
13,1.68,12,1,9,1,2,2,0
59,3.8,12,1,8,0,2,2,0
111,0.12,14,1,21,1,2,2,0
10,0.97,11,1,19,1,1,1,0
69,2.67,3,1,20,1,1,1,0
61,7.34,6,1,21,0,1,1,0
2,6.73,2,0,13,0,2,2,0
26,6.85,11,0,23,1,1,1,0
49,0.34,2,0,19,0,2,2,0
31,7.08,3,0,19,0,1,1,0
47,8.96,5,1,9,1,2,2,0
19,6.39,8,1,22,1,1,1,0
41,7.81,8,0,12,1,1,1,0
15,2.58,8,0,14,0,1,1,0
51,6.1,5,1,3,0,2,2,0
110,2.18,3,1,22,1,0,2,0
8,0.73,8,1,0,1,0,0,0
0,9.33,12,1,4,1,1,2,0
0,5.15,15,1,13,1,2,2,0
17,5.4,0,1,22,1,0,1,0
91,3.33,9,1,1,0,1,2,0
87,0.8,14,1,20,0,0,2,0
10,9.68,6,1,22,1,0,2,0
91,4.87,14,0,4,0,0,2,0
6,7.2,7,1,12,0,2,2,0
78,5.0,14,0,1,1,0,1,0
86,7.88,1,1,3,0,2,2,0
117,9.4,4,0,2,0,2,2,0
36,4.89,0,1,19,0,0,1,0
33,0.14,1,1,3,1,2,2,0
43,8.35,2,0,3,1,2,2,0
56,0.63,6,1,10,1,1,1,0
30,9.76,4,1,6,0,2,2,0
44,3.36,3,1,4,1,0,1,0
94,5.53,14,0,18,0,0,2,0
25,7.91,12,0,0,1,0,1,0
1,0.07,2,1,13,1,2,2,0
32,2.06,8,1,13,0,0,0,0
9,5.96,15,0,20,1,1,1,0
107,0.05,7,0,3,0,2,2,0
92,8.63,7,1,20,0,1,2,0
13,1.94,4,1,15,0,0,0,0
11,0.54,11,1,6,1,1,1,0
85,6.17,14,0,3,0,2,2,0
45,1.58,0,1,16,0,0,1,0
60,7.21,10,1,6,1,0,1,0
28,3.26,3,0,23,1,0,0,0
96,8.91,2,1,18,1,0,2,0
111,1.45,14,0,12,1,0,2,0
117,7.2,11,1,6,1,0,2,0
8,6.92,1,1,4,0,1,1,0
117,4.18,10,0,9,0,2,2,0
43,5.78,7,0,13,1,0,1,0
121,8.37,8,0,23,1,2,2,0
63,2.48,13,0,18,0,2,2,0
1,4.18,1,0,15,0,1,1,0
100,4.79,3,1,15,0,0,2,0
3,6.93,13,0,4,1,1,1,0
61,6.48,2,0,15,1,0,1,0
117,8.58,0,1,14,0,2,2,0
103,1.85,11,1,22,0,2,2,0
18,3.85,10,0,9,1,1,1,0
53,7.88,2,1,23,0,2,2,0
93,8.88,3,1,11,1,2,2,0
10,3.66,5,0,17,0,0,0,0
85,2.39,3,1,23,0,2,2,0
57,3.2,8,1,8,0,0,1,0
95,3.45,15,0,15,1,1,2,0
94,8.0,2,0,14,0,0,2,0
100,8.98,9,0,3,0,1,2,0
28,6.97,15,0,6,0,1,1,0
106,9.7,4,1,11,1,1,2,0
5,2.92,2,0,7,1,1,1,0
87,6.56,10,1,18,1,1,2,0
77,5.67,9,0,8,0,1,1,0
95,9.71,1,0,11,1,1,2,0
42,6.19,5,1,5,0,2,2,0
39,1.61,3,0,10,0,1,1,0
66,3.7,6,0,21,1,1,1,0
37,3.73,5,1,3,0,1,1,0
127,7.69,14,1,4,0,2,2,0
129,3.31,9,1,9,0,2,2,0
113,3.39,3,1,1,0,2,2,0
29,3.08,12,0,14,1,0,0,0
83,0.55,6,0,8,0,0,2,0
21,5.38,14,0,16,1,0,1,0
125,3.18,1,1,12,0,2,2,0
109,3.7,11,0,9,1,1,2,0
78,9.78,2,0,23,1,2,2,0
106,8.04,9,0,23,1,2,2,0
106,1.4,2,0,6,1,1,2,0
85,0.66,12,0,0,1,2,2,0
69,4.15,14,0,6,0,1,1,0
74,5.54,1,1,18,1,1,1,0
118,2.25,0,0,8,1,2,2,0
120,1.24,9,1,5,1,2,2,0
62,0.28,8,1,2,1,2,2,0
123,5.66,8,1,22,0,1,2,0
4,8.45,5,0,4,1,1,2,0
34,3.57,1,1,11,1,2,2,0
91,0.49,9,0,16,0,2,2,0
46,7.65,5,1,10,1,1,1,0
92,0.96,11,0,0,0,2,2,0
72,3.73,15,1,10,0,0,1,0
55,1.55,7,0,17,0,1,1,0
117,9.16,3,0,0,1,1,2,0
79,6.91,4,1,19,1,0,1,0
77,0.29,3,0,4,0,2,2,0
58,3.07,6,0,2,1,2,2,0
28,0.78,15,1,1,0,0,0,0
8,7.93,1,1,3,1,0,1,0
16,3.02,0,0,3,0,2,2,1
51,1.85,11,0,2,0,2,2,0
71,9.49,11,1,5,0,2,2,0
17,0.99,0,0,22,0,1,1,1
43,9.02,0,0,6,1,1,2,0
47,4.4,3,0,11,1,1,1,0
54,5.14,13,0,10,0,1,1,0
28,5.2,15,1,22,1,2,2,0
10,0.82,15,0,12,1,1,1,0
79,6.87,14,0,17,1,1,1,0
109,1.89,2,1,21,1,0,2,0
3,9.99,15,0,12,1,2,2,0
21,1.19,12,1,22,0,2,2,0
43,0.65,6,1,6,1,0,1,0
59,8.38,15,1,22,1,2,2,0
102,3.56,12,1,16,1,0,2,0
116,1.08,8,1,15,0,2,2,0
34,0.3,1,0,15,0,0,0,0
97,6.05,10,0,9,0,0,2,0
126,7.93,6,1,21,1,1,2,0
129,2.62,10,0,1,1,0,2,0
98,4.5,12,1,14,0,0,2,0
45,5.57,9,0,15,1,0,1,0
79,7.16,15,0,18,1,2,2,0
120,4.76,5,0,12,1,1,2,0
96,6.17,11,1,10,0,0,2,0
11,1.28,11,1,23,0,2,2,0
87,3.81,13,1,11,1,1,2,0
14,6.61,7,0,20,1,2,2,0
21,9.1,2,1,3,1,0,2,0
5,5.38,1,1,21,1,2,2,0
107,2.67,15,0,10,1,2,2,0
99,3.22,3,1,3,0,1,2,0
127,5.03,10,0,19,1,1,2,0
111,2.02,2,0,9,1,0,2,0
76,9.96,12,0,19,0,2,2,0
24,5.92,8,0,18,1,1,1,0
53,3.47,2,1,16,1,1,1,0
80,2.0,12,1,19,1,2,2,0
46,8.81,5,1,6,1,1,2,0
111,9.35,1,0,11,1,0,2,0
61,1.5,9,1,13,1,0,1,0
52,8.46,8,1,20,0,1,2,0
60,4.06,3,0,6,0,0,1,0
79,4.64,13,1,20,0,0,1,0
40,2.73,0,1,8,0,2,2,0
10,9.64,15,0,1,0,1,2,0
76,8.67,13,1,21,0,1,2,0
35,2.36,3,1,15,0,0,1,0
31,7.73,10,1,18,1,2,2,0
60,9.36,6,0,3,0,0,2,0
70,4.39,8,0,15,1,2,2,0
28,3.16,13,1,21,0,1,1,0
37,3.63,11,1,0,0,2,2,0
13,6.91,7,1,17,1,1,1,0
92,9.03,3,0,14,1,0,2,0
100,9.28,8,1,2,0,1,2,0
53,8.59,5,1,20,1,2,2,0
104,7.89,8,0,15,1,2,2,0
105,9.26,10,1,3,0,2,2,0
66,5.06,11,1,19,1,1,1,0
7,7.62,5,1,20,0,0,1,0
102,2.0,9,1,18,0,0,2,0
40,2.5,4,1,10,1,1,1,0
34,2.61,10,1,6,0,1,1,0
94,1.82,12,0,0,0,2,2,0
58,9.07,14,0,8,0,0,2,0
102,6.18,8,0,2,1,0,2,0
30,0.14,13,1,21,1,0,0,0
57,7.14,6,1,9,1,1,1,0
33,4.31,6,0,9,0,1,1,0
46,4.09,4,0,9,1,0,1,0
115,9.07,11,1,2,0,1,2,0
34,8.71,12,0,22,1,2,2,0
108,7.36,8,0,3,0,0,2,0
85,9.31,15,1,19,0,0,2,0
64,5.05,12,1,12,1,0,1,0
10,5.8,8,0,16,1,1,1,0
119,1.32,10,1,4,1,0,2,0
80,0.44,4,1,8,1,1,2,0
72,9.03,8,1,16,1,1,2,0
42,3.16,15,0,17,1,0,1,0
48,1.49,7,0,1,1,1,1,0
41,7.06,13,0,15,0,1,1,0
91,9.89,15,1,15,0,2,2,0
37,1.24,2,0,9,0,0,1,0
130,8.23,6,0,16,0,1,2,0
19,2.46,15,0,10,0,1,1,0
31,3.94,3,1,4,0,0,0,0
117,8.31,15,1,20,1,2,2,0
1,3.29,1,1,10,0,0,0,0
12,8.02,9,1,1,0,2,2,0
97,0.93,8,0,7,1,0,2,0
5,8.52,5,1,12,1,2,2,0
39,1.21,15,1,23,1,2,2,0
33,3.59,3,1,16,0,1,1,0
114,8.85,15,1,18,1,0,2,0
108,8.11,5,1,20,1,0,2,0
10,5.13,14,0,20,0,1,1,0
21,2.91,13,0,15,1,0,0,0
32,6.84,9,0,16,1,1,1,0
12,5.51,1,0,16,1,1,1,0
24,4.65,8,1,8,0,2,2,0
4,1.14,14,0,5,1,0,0,0
21,4.16,9,1,18,1,2,2,0
115,6.24,8,1,5,0,0,2,0
20,7.47,8,0,13,0,0,1,0
101,1.17,5,1,14,1,2,2,0
124,3.03,11,1,9,0,0,2,0
34,0.14,3,0,22,0,0,0,0
53,4.81,4,0,13,0,0,1,0
77,7.7,4,1,13,0,0,1,0
42,9.02,14,1,15,0,1,2,0
62,2.01,12,0,10,0,0,1,0
110,9.79,15,1,1,1,1,2,0
124,5.13,15,0,22,0,2,2,0
4,4.22,10,0,8,1,1,1,0
29,4.95,11,1,22,1,0,1,0
41,2.88,6,1,11,1,0,1,0
129,2.2,10,1,4,1,2,2,0
99,9.6,11,1,5,0,1,2,0
22,6.67,4,0,6,0,2,2,0
125,1.01,13,1,9,0,0,2,0
12,9.99,11,1,11,0,0,2,0
128,0.32,2,1,13,0,2,2,0
58,1.21,7,1,8,1,1,1,0
11,7.7,8,0,22,0,2,2,0
12,9.27,14,1,3,0,2,2,0
26,8.24,1,0,5,0,0,2,0
92,1.57,9,1,16,1,2,2,0
25,1.54,11,1,4,0,0,0,0
112,9.7,0,0,15,1,1,2,0
129,1.71,8,1,22,1,1,2,0
62,1.52,13,0,4,1,1,1,0
104,8.98,11,0,14,0,0,2,0
17,0.85,10,1,5,1,0,0,0
100,7.59,4,0,20,1,1,2,0
102,8.86,9,1,11,0,1,2,0
37,7.0,14,0,17,1,2,2,0
88,8.88,12,0,9,0,0,2,0
85,3.9,4,1,6,0,2,2,0
79,5.21,5,0,0,1,0,1,0
77,7.27,3,0,11,1,2,2,0
129,3.54,1,0,14,1,2,2,0
1,4.53,7,0,11,1,1,1,0
35,7.14,7,0,10,0,1,1,0
116,0.98,13,1,2,0,0,2,0
108,8.89,15,0,14,0,1,2,0
103,5.88,12,1,18,1,2,2,0
108,9.97,15,1,5,0,2,2,0
32,4.85,14,0,22,0,2,2,0
54,4.55,1,0,17,1,0,1,0
104,1.1,11,1,1,0,0,2,0
95,3.05,11,1,9,1,0,2,0
36,1.42,13,0,9,1,0,1,0
46,8.19,15,0,3,1,0,2,0
11,4.18,9,1,10,1,1,1,0
33,7.62,14,1,21,1,0,1,0
83,0.89,13,1,7,1,1,2,0
11,9.58,14,1,20,0,0,2,0
6,5.72,9,0,20,0,0,1,0
13,9.57,6,1,16,0,0,2,0
46,9.62,8,0,7,1,0,2,0
82,4.02,1,1,0,1,1,2,0
46,4.15,10,1,8,0,0,1,0
25,5.42,9,0,5,1,0,1,0
39,3.07,13,0,1,1,0,1,0
6,7.13,9,1,3,1,0,1,0
105,8.93,8,1,3,0,0,2,0
61,7.52,7,1,16,1,0,1,0
68,0.61,14,1,2,1,0,1,0
104,6.34,0,1,17,0,0,2,0
32,3.05,13,1,2,0,0,0,0
95,5.4,5,0,17,1,2,2,0
115,0.42,14,1,20,0,0,2,0
15,9.34,15,1,19,1,2,2,0
97,9.99,6,1,1,0,2,2,0
17,3.01,12,0,4,1,1,1,0
53,6.1,10,1,20,1,2,2,0
115,2.73,10,1,6,1,2,2,0
84,0.16,4,0,19,1,0,2,0
2,6.73,13,1,12,0,2,2,0
19,5.39,14,0,11,1,2,2,0
91,3.87,0,0,14,1,0,2,0
113,0.09,0,1,21,1,0,2,0
23,8.16,9,0,7,1,1,2,0
9,2.81,6,0,6,1,0,0,0
71,5.69,15,0,17,0,2,2,0
44,0.65,4,0,4,1,2,2,0
58,8.81,8,0,21,0,2,2,0
64,6.81,14,0,13,0,1,1,0
110,8.44,13,1,3,1,1,2,0
92,5.17,1,0,1,1,1,2,0
114,3.16,12,0,10,0,2,2,0
6,9.9,7,1,2,0,0,2,0
42,3.29,2,0,0,1,1,1,0
6,5.93,10,1,7,0,1,1,0
61,9.59,1,1,16,0,0,2,0
112,7.64,14,0,2,0,0,2,0
96,3.13,2,0,1,1,0,2,0
77,6.11,13,0,3,0,2,2,0
13,2.95,12,1,3,1,0,0,0
2,4.53,14,1,19,0,1,1,0
6,4.54,10,0,3,0,0,1,0
17,5.93,6,0,20,1,1,1,0
107,4.81,14,0,7,0,0,2,0
15,1.28,13,1,9,0,0,0,0
120,3.09,10,1,11,0,2,2,0
37,0.57,1,1,11,0,0,1,0
51,7.85,10,0,21,1,2,2,0
119,6.0,10,1,19,1,1,2,0
84,1.62,14,0,15,0,0,2,0
57,6.93,14,0,7,1,2,2,0
84,8.07,12,0,12,0,0,2,0
92,0.1,11,0,17,0,0,2,0
74,4.4,11,0,0,0,0,1,0
72,1.74,8,0,10,0,0,1,0
50,0.21,8,0,0,0,1,1,0
28,3.38,6,1,14,0,1,1,0
95,6.61,13,0,3,0,0,2,0
48,1.92,12,1,10,1,2,2,0
62,9.21,6,1,4,1,0,2,0
13,6.29,8,0,16,1,0,1,0
20,7.85,2,0,16,1,2,2,0
130,3.74,14,0,10,1,2,2,0
123,7.16,15,1,8,1,2,2,0
9,2.07,6,1,7,1,0,0,0
78,4.25,12,0,11,1,2,2,0
21,1.34,2,1,14,1,0,0,0
10,4.65,10,1,14,1,1,1,0
104,3.68,15,1,8,1,0,2,0
45,4.42,8,0,11,0,1,1,0
128,5.13,2,1,7,0,0,2,0
18,3.6,6,1,6,1,1,1,0
77,7.45,8,0,22,0,2,2,0
66,0.09,9,1,11,1,1,1,0
3,4.72,4,1,7,0,2,2,0
53,4.74,14,1,10,0,1,1,0
48,4.29,13,0,14,1,2,2,0
7,3.75,4,1,23,0,1,1,0
90,3.4,13,1,21,1,2,2,0
76,3.26,0,0,4,0,1,1,1
100,9.8,6,1,2,1,0,2,0
121,1.09,14,1,2,0,0,2,0
45,0.32,15,0,5,0,0,1,0
98,2.84,7,1,21,0,1,2,0
14,3.69,0,0,10,1,1,1,0
40,9.9,4,1,15,0,1,2,0
52,1.3,6,1,13,1,0,1,0
79,5.87,14,1,6,0,0,1,0
114,0.64,12,0,16,1,2,2,0
125,4.6,1,0,9,1,1,2,0
76,3.91,5,1,7,0,2,2,0
110,4.58,5,0,12,0,0,2,0
40,2.74,9,0,22,0,1,1,0
105,9.92,3,1,2,0,2,2,0
83,4.1,5,1,6,0,1,2,0
6,0.73,14,1,10,1,0,0,0
101,0.38,8,0,22,0,1,2,0
118,4.85,2,0,17,0,2,2,0
112,1.4,8,0,5,0,2,2,0
25,1.77,3,1,5,0,2,2,0
2,6.77,4,1,11,0,0,1,0
8,8.93,6,1,22,0,2,2,0
26,3.91,9,1,1,0,0,0,0
96,7.67,7,1,7,0,0,2,0
4,4.22,0,1,6,0,0,1,0
24,7.97,5,0,1,1,2,2,0
27,8.16,10,0,19,0,2,2,0
101,9.39,3,0,6,0,1,2,0
82,1.74,12,1,0,1,0,2,0
117,2.2,8,1,1,0,0,2,0
105,3.02,15,0,22,0,1,2,0
24,6.0,12,0,10,0,2,2,0
81,9.78,15,0,10,0,2,2,0
114,3.82,7,0,7,0,2,2,0
31,3.09,13,0,19,0,0,0,0
35,3.75,9,0,4,1,0,1,0
9,2.38,14,1,4,1,1,1,0
10,5.21,13,1,0,0,2,2,0
84,3.43,6,0,21,0,2,2,0
56,6.08,12,1,5,1,2,2,0
1,0.65,15,0,6,0,2,2,1
36,9.38,4,0,5,0,0,2,0
129,0.78,14,1,5,0,0,2,0
108,1.76,7,1,9,1,2,2,0
51,2.72,15,0,11,1,1,1,0
42,4.71,13,1,4,1,0,1,0
97,4.27,2,1,19,0,2,2,0
44,2.57,14,1,14,1,1,1,0
123,0.72,4,1,6,0,0,2,0
1,0.13,11,1,12,1,1,1,0
95,3.84,9,0,13,0,0,2,0
98,9.32,5,0,13,1,2,2,0
89,5.1,15,1,22,0,2,2,0
98,9.27,7,0,15,0,1,2,0
7,6.97,4,1,19,1,2,2,0
37,2.54,5,0,3,0,2,2,0
98,3.98,2,0,13,0,1,2,0
64,6.92,12,1,23,1,2,2,0
22,1.09,11,0,8,0,2,2,0
101,6.99,0,0,15,0,0,2,1
17,7.74,13,1,20,1,2,2,0
110,1.71,11,0,22,0,0,2,0
124,1.82,3,1,18,0,0,2,0
51,0.59,5,0,8,1,1,1,0
27,8.68,5,0,9,0,1,2,0
31,2.77,10,0,18,0,1,1,0
124,6.73,3,0,1,1,0,2,0
10,0.97,0,1,19,1,1,1,0
121,7.57,13,1,11,1,1,2,0
61,9.41,12,1,19,0,1,2,0
84,8.06,0,1,22,1,2,2,0
35,0.26,3,1,22,0,1,1,0
115,6.18,15,1,21,0,0,2,0
82,0.17,11,0,23,1,2,2,0
113,2.34,15,1,23,0,1,2,0
109,9.39,15,0,23,1,1,2,0
49,7.12,1,0,15,0,1,1,0
119,1.68,14,0,15,0,0,2,0
54,1.7,2,0,13,0,0,1,0
83,9.03,8,0,23,1,2,2,0
121,9.52,3,0,17,1,0,2,0
85,8.72,2,1,12,1,2,2,0
111,8.08,7,1,3,1,0,2,0
28,0.89,6,0,18,1,0,0,0
80,9.54,0,1,1,0,1,2,0
108,3.2,11,0,16,0,0,2,0
101,0.09,14,1,4,1,0,2,0
127,6.8,4,1,4,0,2,2,0
81,3.09,3,1,22,1,2,2,0
55,4.95,12,0,10,0,2,2,0
53,8.48,7,0,5,1,2,2,0
100,2.99,5,0,17,1,1,2,0
108,6.78,11,1,12,0,2,2,0
72,2.82,6,1,3,0,1,1,0
13,8.5,9,1,20,0,2,2,0
35,4.42,15,1,4,0,0,1,0
50,7.35,0,1,23,0,2,2,0
37,3.77,13,0,1,0,1,1,0
121,1.8,1,0,16,1,2,2,0
111,9.7,12,0,1,0,0,2,0
101,4.89,5,1,22,0,1,2,0
97,2.75,14,1,0,0,0,2,0
21,1.22,7,0,18,1,1,1,0
24,7.94,5,1,15,1,1,1,0
32,0.99,2,0,12,0,1,1,0
125,0.64,3,0,21,0,0,2,0
46,0.05,14,1,3,0,0,1,0
52,6.53,2,1,1,0,0,1,0
129,2.99,5,1,21,0,0,2,0
76,0.46,9,1,4,1,2,2,0
80,5.23,11,0,22,0,2,2,0
11,2.37,6,0,9,0,0,0,0
55,5.92,8,0,23,1,0,1,0
65,2.61,5,1,14,0,1,1,0
108,9.4,4,0,2,1,2,2,0
49,7.14,5,1,4,1,1,1,0
97,0.26,7,0,8,0,2,2,0
28,6.84,13,0,10,0,1,1,0
85,7.78,4,0,8,0,0,2,0
96,9.79,7,1,3,0,0,2,0
78,5.89,15,0,16,1,2,2,0
72,5.52,3,0,5,1,1,1,0
46,3.45,12,1,18,0,1,1,0
2,6.87,4,0,4,1,2,2,0
68,0.53,11,0,21,1,2,2,0
117,1.83,11,1,16,1,1,2,0
109,5.21,7,1,20,0,1,2,0
104,7.71,2,0,2,0,0,2,0
42,5.75,2,1,17,1,0,1,0
108,6.77,4,1,15,0,1,2,0
3,6.16,0,1,22,1,0,1,0
10,6.07,5,0,5,0,1,1,0
34,5.14,1,1,15,1,0,1,0
95,9.7,10,0,17,0,1,2,0
76,4.83,8,0,0,1,0,1,0
78,9.29,1,1,19,1,0,2,0
91,0.06,14,1,9,1,0,2,0
1,3.5,5,1,11,0,0,0,0
110,4.92,2,0,13,0,1,2,0
1,1.56,8,0,15,1,1,1,0
76,3.64,5,1,3,1,2,2,0
112,1.62,11,1,0,1,2,2,0
50,1.11,9,0,4,1,1,1,0
84,9.01,5,0,15,1,0,2,0
107,4.89,15,0,10,1,2,2,0
99,1.31,3,0,4,0,1,2,0
128,0.14,7,0,21,1,1,2,0
2,4.34,9,1,15,0,1,1,0
63,6.18,5,0,8,0,1,1,0
63,6.66,13,0,15,0,2,2,0
128,6.11,6,0,7,0,0,2,0
102,0.38,6,0,13,0,2,2,0
51,0.91,1,1,13,1,2,2,0
59,2.22,13,1,1,1,2,2,0
13,3.04,8,1,8,1,2,2,0
107,2.47,1,0,1,0,0,2,0
82,2.12,15,1,19,0,1,2,0
47,2.52,15,1,10,1,0,1,0
24,6.69,4,1,11,1,2,2,0
95,2.38,8,0,18,1,0,2,0
27,1.3,3,0,18,0,0,0,0
114,9.26,2,1,9,1,0,2,0
39,0.44,6,1,17,1,2,2,0
88,8.95,14,0,13,0,1,2,0
107,5.24,0,0,19,1,2,2,0
33,2.9,1,0,23,1,1,1,0
19,1.66,12,1,12,1,0,0,0
47,0.04,6,0,16,1,2,2,0
66,3.03,7,1,22,1,2,2,0
30,1.71,1,0,9,0,2,2,0
37,9.42,8,0,8,0,2,2,0
63,9.9,6,0,0,1,2,2,0
94,3.25,8,0,13,1,1,2,0
14,6.26,0,1,7,1,0,1,0
65,9.72,3,1,20,1,2,2,0
52,8.17,7,1,8,0,2,2,0
101,1.56,7,1,11,0,1,2,0
23,4.96,14,0,5,0,2,2,0
125,9.43,5,1,0,1,0,2,0
45,8.17,6,0,4,0,1,2,0
62,4.55,12,0,23,0,2,2,0
3,6.03,12,1,0,0,0,1,0
11,1.32,2,1,4,0,0,0,0
27,5.42,10,0,6,0,1,1,0
113,8.15,9,1,15,0,0,2,0
14,5.44,8,0,0,0,0,1,0
75,1.03,13,0,0,0,0,1,0
58,4.27,4,1,20,1,0,1,0
98,6.87,3,1,5,0,0,2,0
26,9.56,9,1,2,1,0,2,0
92,9.23,2,0,19,0,0,2,0
109,5.3,5,1,4,1,2,2,0
73,3.48,3,1,15,1,1,1,0
19,7.89,4,0,10,0,1,1,0
114,7.21,15,0,3,1,2,2,0
71,1.45,10,0,5,1,1,1,0
81,4.94,15,1,19,1,0,2,0
62,3.83,15,1,17,0,1,1,0
21,5.81,13,0,22,0,0,1,0
92,0.03,0,1,17,1,0,2,0
28,0.6,11,1,4,1,1,1,0
36,8.35,13,0,6,0,0,2,0
35,1.17,4,1,23,0,2,2,0
108,3.72,3,0,15,0,0,2,0
37,3.65,2,0,2,0,2,2,0
106,1.5,5,1,23,0,2,2,0
76,4.7,10,1,20,0,1,1,0
28,1.56,1,0,16,0,0,0,0
101,8.33,14,1,18,1,2,2,0
58,4.24,5,1,2,1,0,1,0
54,4.0,1,0,12,0,2,2,0
19,8.17,14,1,10,1,1,2,0
42,0.55,11,1,6,1,0,1,0
26,0.78,10,0,7,1,0,0,0
27,0.65,0,1,6,0,2,2,0
8,2.4,2,0,18,1,0,0,0
12,3.15,9,0,11,1,1,1,0
128,1.95,12,1,4,0,1,2,0
104,8.97,3,0,0,1,1,2,0
9,2.9,4,1,2,0,2,2,0
59,8.84,4,0,16,1,1,2,0
33,3.39,11,1,1,1,0,0,0
53,9.97,2,0,18,1,0,2,0
3,1.43,9,0,15,0,1,1,1
80,1.7,9,0,2,1,2,2,0
93,3.53,2,0,22,1,1,2,0
121,9.78,14,0,3,1,0,2,0
93,8.59,12,1,19,0,1,2,0
93,5.12,10,1,2,1,2,2,0
115,2.63,1,0,23,0,2,2,0
2,1.55,3,1,12,0,2,2,0
102,8.54,7,1,14,0,1,2,0
119,4.68,14,0,2,0,2,2,0
27,9.17,12,1,6,1,1,2,0
16,3.17,15,0,22,1,0,0,0
71,4.55,4,1,4,0,1,1,0
8,9.88,12,0,11,1,1,2,0
54,0.54,0,1,8,1,2,2,0
45,0.84,2,1,12,0,1,1,0
115,8.71,6,1,5,0,0,2,0
109,3.42,9,0,6,1,1,2,0
123,4.75,5,1,11,1,0,2,0
50,0.78,4,1,21,1,0,1,0
38,8.97,4,1,10,0,2,2,0
104,2.63,0,1,4,1,2,2,0
24,0.36,6,1,22,0,2,2,0
96,2.16,6,0,21,0,1,2,0
93,0.16,9,0,22,1,2,2,0
116,4.14,11,1,17,1,2,2,0
85,1.13,5,1,13,1,0,2,0
41,5.43,12,1,21,1,2,2,0
72,7.02,3,0,3,0,2,2,0
4,6.16,13,0,15,0,2,2,0
113,5.03,1,1,13,0,0,2,0
116,5.52,3,0,15,0,1,2,0
118,4.13,12,0,11,0,2,2,0
72,2.68,8,1,13,0,0,1,0
106,0.33,0,0,11,1,1,2,0
43,9.59,13,0,17,1,0,2,0
100,8.29,13,0,20,1,2,2,0
44,4.03,10,0,13,0,0,1,0
32,5.04,12,1,17,0,1,1,0
52,0.93,0,1,0,0,0,1,0
20,5.72,0,0,14,1,0,1,0
61,6.53,7,1,6,0,2,2,0
96,7.7,1,1,2,0,2,2,0
5,6.38,3,0,14,0,0,1,0
36,2.82,5,0,2,1,1,1,0
53,3.91,15,0,13,0,1,1,0
19,2.1,13,1,10,1,0,0,0
46,2.99,5,0,3,1,1,1,0
123,9.95,0,0,16,1,0,2,0
49,6.06,0,0,6,1,0,1,0
55,0.29,4,0,2,0,1,1,0
70,4.82,2,1,22,1,1,1,0
126,4.36,12,0,8,0,0,2,0
71,9.62,3,1,5,0,2,2,0
124,4.33,14,1,19,1,1,2,0
27,6.07,13,0,18,1,1,1,0
16,4.49,1,1,18,1,1,1,0
90,3.98,3,0,10,1,0,2,0
91,2.45,6,1,11,0,1,2,0
31,0.1,0,1,6,1,2,2,0
82,8.99,2,1,9,0,2,2,0
55,1.03,8,0,18,1,2,2,0
111,3.18,10,0,6,0,1,2,0
127,0.47,8,1,3,0,1,2,0
43,6.01,12,0,18,0,1,1,0
4,6.44,0,1,9,0,1,1,0
9,8.96,1,1,20,0,0,2,0
120,0.95,13,1,8,1,1,2,0
102,0.8,10,1,19,0,1,2,0
76,6.96,14,1,20,0,1,1,0
26,0.29,1,0,4,0,1,1,0
111,2.26,2,0,23,1,2,2,0
1,9.34,1,1,1,0,0,2,0
77,0.75,10,1,8,0,0,1,0
117,1.2,10,0,18,1,2,2,0
114,6.68,7,1,21,1,1,2,0
82,7.73,15,0,2,1,1,2,0
21,3.53,7,0,22,0,0,0,0
126,0.6,0,0,14,1,0,2,0
124,1.05,6,1,9,1,2,2,0
39,8.48,3,0,7,1,1,2,0
115,8.68,6,1,6,0,1,2,0
108,1.64,9,0,4,1,0,2,0
28,2.41,14,0,8,0,1,1,0
115,3.52,3,0,11,1,0,2,0
38,3.97,13,1,1,1,1,1,0
94,0.98,12,1,6,1,0,2,0
103,1.77,8,1,16,1,0,2,0
12,6.46,3,0,3,0,0,1,0
68,2.39,3,1,7,1,1,1,0
100,1.01,8,1,6,0,0,2,0
88,6.37,9,0,3,0,2,2,0
122,7.39,7,0,10,0,0,2,0
47,3.32,14,0,0,1,1,1,0
85,0.21,8,0,5,0,2,2,0
90,9.7,0,1,7,1,0,2,0
11,8.19,9,0,16,0,0,2,0
24,1.0,10,1,15,1,2,2,0
65,6.63,8,1,14,0,1,1,0
77,7.1,15,0,8,0,0,1,0
105,8.56,4,1,15,0,0,2,0
110,3.59,2,0,12,0,1,2,0
115,9.87,5,1,21,1,1,2,0
100,5.89,8,1,6,0,2,2,0
87,8.34,3,1,14,1,1,2,0
28,9.69,15,0,14,0,2,2,0
74,6.24,5,1,15,1,0,1,0
75,0.16,1,0,9,0,0,1,0
125,3.06,13,1,21,0,0,2,0
64,1.38,9,0,2,1,0,1,0
50,4.32,2,1,7,0,1,1,0
90,2.49,12,1,12,0,1,2,0
77,5.97,5,1,21,1,2,2,0
35,6.83,6,1,4,1,2,2,0
51,3.01,2,1,18,1,2,2,0
46,3.76,13,0,4,1,2,2,0
80,5.04,11,1,11,1,1,2,0
107,9.61,14,0,17,0,1,2,0
22,7.56,9,0,18,1,0,1,0
75,0.54,12,0,12,0,1,1,0
117,8.39,2,0,8,0,1,2,0
24,8.22,15,1,1,0,2,2,0
130,7.39,1,0,16,0,2,2,0
126,1.36,4,1,20,1,2,2,0
1,8.06,6,0,2,0,0,2,0
30,5.2,7,0,3,1,0,1,0
129,4.44,1,0,9,1,1,2,0
47,8.2,8,1,21,0,1,2,0
37,6.36,5,0,23,0,0,1,0
130,7.42,6,1,15,1,1,2,0
25,9.59,15,1,21,1,1,2,0
98,6.98,3,1,13,1,0,2,0
7,2.83,3,1,0,1,0,0,0
113,0.43,11,0,14,1,1,2,0
2,9.82,11,0,11,1,2,2,0
16,1.74,4,1,20,1,1,1,0
35,2.78,9,1,2,1,1,1,0
120,6.06,5,1,4,1,2,2,0
89,5.84,12,0,1,0,2,2,0
40,2.32,3,1,21,1,1,1,0
59,9.81,7,0,5,1,1,2,0
16,0.62,8,0,1,0,1,1,0
95,6.07,0,0,10,0,2,2,1
115,3.78,6,0,8,1,1,2,0
73,2.25,5,1,16,0,0,1,0
6,6.29,3,0,1,0,0,1,0
92,7.74,2,1,5,1,0,2,0
53,5.7,15,1,11,0,0,1,0
112,4.28,12,0,18,0,0,2,0
76,1.01,15,0,1,1,0,1,0
57,8.21,9,1,12,1,0,2,0
40,9.68,2,0,16,1,1,2,0
14,5.46,3,1,8,0,0,1,0
86,4.21,6,1,1,0,0,2,0
84,9.24,1,0,15,0,2,2,0
9,3.46,2,1,19,0,2,2,0
122,9.47,8,0,3,0,1,2,0
129,2.25,11,1,15,1,0,2,0
5,9.31,0,0,17,1,2,2,0
4,5.52,1,1,12,0,1,1,0
109,5.5,3,1,3,1,1,2,0
49,3.43,1,0,7,0,2,2,0
2,2.27,1,0,23,0,0,0,0
19,0.57,14,0,9,0,1,1,0
89,6.02,7,1,4,1,1,2,0
31,6.57,2,1,17,0,1,1,0
91,8.98,7,1,22,1,1,2,0
74,8.69,7,1,10,0,0,2,0
88,9.0,15,1,2,0,0,2,0
59,3.05,6,0,11,0,0,1,0
60,6.98,14,0,0,1,0,1,0
69,2.78,12,1,2,0,1,1,0
98,4.95,12,1,14,0,0,2,0
52,3.79,13,0,21,1,0,1,0
89,9.37,10,1,18,0,0,2,0
87,7.26,13,1,23,0,0,2,0
99,9.52,9,1,13,1,0,2,0
97,4.67,7,0,0,1,2,2,0
70,0.86,7,1,10,1,0,1,0
70,3.62,8,0,3,1,2,2,0
82,8.36,5,1,14,0,1,2,0
2,4.66,11,1,20,0,1,1,0
14,5.8,2,1,19,1,0,1,0
112,1.8,8,1,15,0,0,2,0
44,1.47,1,0,3,0,0,1,0
129,8.61,10,0,17,0,0,2,0
66,9.75,0,1,17,0,2,2,0
60,3.5,2,1,3,0,0,1,0
52,3.26,11,1,2,1,1,1,0
36,0.25,11,1,13,1,1,1,0
75,6.22,5,1,1,1,0,1,0
6,1.06,6,1,16,1,0,0,0
96,8.31,1,0,12,0,0,2,0
57,5.65,13,0,16,0,2,2,0
120,6.59,14,1,8,0,2,2,0
75,9.11,10,0,11,0,1,2,0
80,7.48,3,0,14,1,1,2,0
20,3.52,2,1,20,1,2,2,0
58,4.49,13,0,18,0,2,2,0
62,7.76,13,0,19,1,1,1,0
87,3.14,2,1,13,0,2,2,0
126,6.33,6,0,14,0,0,2,0
30,4.19,15,0,4,0,1,1,0
6,6.9,2,0,16,1,1,1,0
90,1.27,7,1,3,1,1,2,0
27,9.94,1,0,23,1,1,2,0
104,6.31,13,1,15,0,2,2,0
46,7.24,2,0,0,1,2,2,0
116,3.79,14,0,16,1,0,2,0
59,2.97,10,0,18,1,1,1,0
82,3.84,5,0,1,0,1,2,0
71,5.75,10,0,11,1,0,1,0
30,2.88,15,1,7,0,1,1,0
66,9.89,3,0,21,1,0,2,0
24,2.07,5,0,19,0,2,2,0
49,0.07,0,1,6,1,2,2,0
109,7.32,4,1,9,0,2,2,0
30,4.44,13,1,8,0,0,1,0
71,7.32,3,1,2,0,2,2,0
19,3.27,10,1,14,0,2,2,0
80,8.92,1,1,3,1,0,2,0
9,9.49,0,0,4,1,0,2,0
50,2.65,4,1,5,1,1,1,0
33,1.99,2,0,0,1,0,0,0
125,5.58,6,0,1,1,2,2,0
67,6.13,7,1,15,0,1,1,0
59,8.75,15,1,20,1,2,2,0
91,5.43,9,0,7,0,1,2,0
107,9.69,10,0,21,1,0,2,0
45,4.65,10,0,11,1,2,2,0
32,7.74,15,1,19,1,2,2,0
60,0.29,8,0,13,0,2,2,0
82,2.62,10,1,12,1,1,2,0
102,2.61,1,1,15,0,1,2,0
11,3.09,13,0,18,0,2,2,0
52,7.8,3,1,4,0,2,2,0
5,8.02,2,1,11,0,2,2,0
12,5.19,11,0,5,1,2,2,0
58,2.9,5,1,10,1,0,1,0
63,9.4,1,0,16,0,2,2,0
101,7.91,1,0,9,1,0,2,0
58,6.32,7,0,8,0,1,1,0
102,1.31,8,0,2,0,2,2,0
106,0.2,4,0,23,1,0,2,0
79,7.85,13,0,9,1,1,1,0
51,1.0,15,1,9,1,0,1,0
56,9.67,8,1,9,0,1,2,0
4,9.93,12,1,17,0,1,2,0
57,5.78,0,1,7,1,1,1,0
122,5.63,9,1,4,0,0,2,0
43,2.08,15,0,2,0,1,1,0
121,5.23,7,0,15,1,1,2,0
79,7.41,4,0,10,1,0,1,0
68,6.9,15,1,10,0,1,1,0
118,7.09,2,0,13,0,1,2,0
32,7.57,5,0,5,0,1,1,0
29,0.39,13,1,5,1,0,0,0
107,3.99,9,0,13,1,2,2,0
69,5.22,11,0,4,1,2,2,0
52,8.03,11,1,15,1,0,2,0
84,9.27,4,0,16,1,0,2,0
81,4.16,4,1,2,0,1,2,0
48,1.99,3,1,10,0,0,1,0
119,5.94,2,1,20,0,1,2,0
3,9.28,8,1,13,1,1,2,0
103,9.34,6,0,18,0,0,2,0
55,2.8,8,0,4,1,1,1,0
70,9.67,15,0,5,0,0,2,0
55,0.91,4,0,5,1,0,1,0
82,0.78,1,0,16,1,1,2,0
120,3.27,3,0,17,1,1,2,0
98,7.06,11,1,16,1,2,2,0
20,8.83,6,0,20,1,2,2,0
36,8.4,14,1,22,1,2,2,0
30,5.58,13,1,5,0,1,1,0
119,7.71,11,1,6,0,1,2,0
95,1.79,0,0,14,1,2,2,0
49,0.06,9,1,3,1,1,1,0
128,9.22,8,0,20,1,2,2,0
122,3.98,8,1,20,0,2,2,0
7,8.63,15,1,15,0,1,2,0
26,0.38,0,0,22,0,0,0,1
21,4.2,3,0,14,0,1,1,0
24,8.58,8,0,20,0,1,2,0
81,8.98,5,1,16,0,2,2,0
103,4.16,1,0,6,0,2,2,0
68,0.84,14,0,8,0,2,2,0
129,4.09,0,1,8,1,0,2,0
87,4.66,2,1,2,0,0,2,0
46,7.3,5,1,18,0,0,1,0
2,2.18,11,1,2,0,1,1,0
48,7.47,4,1,1,1,2,2,0
73,1.78,4,1,13,0,0,1,0
69,8.84,5,1,8,1,1,2,0
23,4.9,11,1,20,1,2,2,0
43,0.37,12,0,17,0,2,2,0
111,3.47,9,0,10,1,0,2,0
53,2.58,14,1,1,0,2,2,0
47,4.75,14,1,11,1,2,2,0
8,3.22,3,1,0,0,1,1,0
121,3.35,3,0,11,1,0,2,0
119,5.47,0,1,19,1,2,2,0
111,7.31,15,0,8,1,2,2,0
86,4.83,12,1,1,0,2,2,0
27,4.21,8,1,18,0,0,1,0
42,9.22,6,0,4,1,0,2,0
23,3.09,4,1,14,1,0,0,0
117,0.01,4,0,5,1,1,2,0
20,1.85,6,1,2,0,0,0,0
95,0.05,5,1,3,1,2,2,0
100,6.99,15,1,14,0,0,2,0
99,1.29,4,1,10,1,2,2,0
108,5.97,2,1,15,0,0,2,0
45,7.68,11,1,10,0,2,2,0
101,9.15,7,0,15,0,0,2,0
54,3.02,2,1,12,0,1,1,0
38,2.85,12,1,1,1,1,1,0
45,1.64,3,1,2,1,2,2,0
25,6.56,12,0,5,1,0,1,0
129,3.84,14,0,15,1,1,2,0
13,3.03,8,0,19,1,2,2,0
95,7.81,10,1,3,0,1,2,0
98,8.7,2,0,0,1,2,2,0
66,1.98,14,1,1,1,1,1,0
10,1.22,15,1,11,0,2,2,0
94,2.52,10,1,0,1,0,2,0
75,3.57,0,1,10,1,2,2,0
9,5.96,11,0,17,1,0,1,0
44,0.84,3,0,23,0,2,2,0
126,4.31,8,1,14,0,2,2,0
117,0.41,10,1,1,0,2,2,0
25,3.82,2,1,20,1,1,1,0
102,0.22,8,0,13,0,0,2,0
66,9.95,7,0,11,1,0,2,0
111,2.75,5,1,16,0,2,2,0
102,9.1,9,1,0,1,0,2,0
4,7.82,4,1,8,1,2,2,0
81,0.97,7,0,22,1,0,2,0
16,6.11,14,1,20,1,2,2,0
99,4.76,0,1,10,1,1,2,0
113,1.52,15,0,17,0,2,2,0
99,2.56,1,0,20,1,2,2,0
88,0.83,11,1,9,1,1,2,0
119,0.3,5,1,18,1,1,2,0
5,7.51,9,1,7,1,2,2,0
33,3.78,3,0,12,0,0,0,0
28,5.71,5,0,23,1,2,2,0
104,3.52,6,1,19,1,1,2,0
92,6.3,10,1,7,1,1,2,0
118,2.86,14,0,5,1,1,2,0
0,5.33,10,1,20,0,2,2,0
25,3.83,13,1,13,0,2,2,0
7,6.19,4,0,19,1,0,1,0
83,6.1,5,1,21,0,1,2,0
5,7.43,12,0,5,1,1,1,0
61,1.75,6,1,4,1,0,1,0
7,2.07,14,1,7,1,0,0,0
45,9.73,3,1,5,0,1,2,0
17,0.07,1,1,16,1,1,1,0
18,7.83,8,0,22,0,1,1,0
123,8.28,1,1,12,0,1,2,0
102,7.17,14,1,3,0,0,2,0
67,7.58,3,0,11,1,2,2,0
86,1.42,7,1,6,1,0,2,0
84,6.42,2,1,22,1,0,2,0
66,3.42,14,1,14,1,2,2,0
70,5.94,4,0,16,1,0,1,0
56,8.8,11,1,9,0,2,2,0
78,4.75,14,1,4,0,0,1,0
74,8.59,8,0,0,0,2,2,0
77,1.48,0,1,11,1,1,1,0
43,9.72,4,1,16,1,1,2,0
124,6.48,15,0,15,1,0,2,0
16,3.42,9,0,7,0,1,1,0
30,6.5,11,1,14,0,2,2,0
58,7.41,11,0,12,0,1,1,0
129,0.67,2,0,14,0,0,2,0
65,7.97,5,0,7,1,0,1,0
10,9.79,8,1,2,0,2,2,0
16,9.06,4,1,1,0,0,2,0
62,5.86,15,1,3,0,1,1,0
18,1.96,3,1,2,1,0,0,0
25,5.42,6,1,9,0,2,2,0
110,8.61,3,1,20,0,2,2,0
116,9.92,8,1,19,1,1,2,0
45,3.29,15,1,20,1,1,1,0
63,3.41,9,1,3,0,1,1,0
1,3.19,15,1,5,0,0,0,0
110,6.73,3,1,10,0,0,2,0
27,7.63,6,1,16,1,1,1,0
120,1.03,9,0,18,0,1,2,0
40,1.92,12,0,5,0,1,1,0
121,6.53,13,1,7,1,1,2,0
77,3.71,9,1,23,1,2,2,0
80,4.5,13,1,13,0,1,2,0
14,9.69,11,0,14,1,0,2,0
51,2.09,8,1,11,0,1,1,0
109,7.91,10,0,6,1,1,2,0
27,0.74,5,1,23,1,2,2,0
120,9.52,1,1,22,1,0,2,0
71,9.87,12,0,3,0,2,2,0
87,2.76,11,1,9,0,1,2,0
34,8.81,2,1,23,1,0,2,0
38,5.9,6,0,14,0,1,1,0
66,5.57,9,0,4,0,2,2,0
80,9.57,11,1,23,0,0,2,0
82,4.68,14,1,10,0,2,2,0
66,2.55,0,0,3,1,1,1,0
101,8.06,1,0,16,1,0,2,0
111,9.96,10,1,9,1,2,2,0
17,7.34,2,0,17,0,2,2,0
22,5.74,14,0,2,1,1,1,0
119,4.51,4,1,2,0,2,2,0
86,4.54,13,0,12,1,0,2,0
99,0.19,7,1,13,0,1,2,0
57,5.84,10,1,20,0,2,2,0
90,8.93,4,0,4,0,1,2,0
46,1.01,1,0,17,1,0,1,0
83,8.71,7,0,6,1,0,2,0
108,9.91,7,0,11,0,0,2,0
112,1.23,12,0,14,0,1,2,0
12,4.47,12,0,6,1,2,2,0
31,0.93,5,0,5,0,0,0,0
125,7.41,11,1,13,0,0,2,0
23,8.0,11,1,8,0,1,2,0
4,0.07,13,1,3,1,1,1,0
79,8.37,13,1,7,0,2,2,0
99,8.76,0,1,23,1,0,2,0
36,8.47,5,0,4,0,0,2,0
120,7.62,1,0,23,1,1,2,0
106,8.23,13,0,5,0,2,2,0
46,3.65,3,0,0,1,0,1,0
78,4.04,11,1,19,1,0,1,0
6,3.32,15,0,23,0,1,1,0
11,5.39,5,0,3,0,1,1,0
57,0.92,2,0,15,1,1,1,0
112,1.34,0,1,15,1,1,2,0
32,3.23,11,0,15,1,2,2,0
50,1.26,4,0,7,0,2,2,0
24,7.17,9,0,7,0,1,1,0
47,7.3,9,1,22,1,2,2,0
68,7.6,4,1,13,1,2,2,0
37,5.79,1,1,20,0,0,1,0
46,0.14,1,0,5,1,1,1,0
2,5.72,15,1,6,1,1,1,0
54,4.53,8,1,3,1,2,2,0
86,3.37,5,1,10,1,2,2,0
116,6.63,10,1,2,1,1,2,0
6,9.65,4,0,7,1,0,2,0
30,5.5,9,0,11,1,1,1,0
111,5.53,2,0,12,0,0,2,0
56,7.76,6,1,16,0,2,2,0
12,8.0,11,0,22,0,1,2,0
40,1.0,5,0,22,0,2,2,0
108,8.58,8,0,12,1,1,2,0
107,8.94,14,1,4,1,0,2,0
19,2.51,9,0,23,0,0,0,0
105,1.4,15,0,7,1,0,2,0
107,3.91,6,0,11,0,0,2,0
70,1.4,12,0,23,0,0,1,0
113,1.42,8,1,0,0,2,2,0
79,5.24,15,0,21,1,1,1,0
31,5.41,14,0,2,1,1,1,0
10,3.82,8,0,20,1,1,1,0
43,8.76,15,1,7,0,0,2,0
92,2.41,15,1,13,0,2,2,0
26,8.65,8,1,8,1,1,2,0
64,9.83,2,0,3,1,0,2,0
126,2.21,13,1,3,1,2,2,0
96,6.07,12,0,19,0,2,2,0
25,5.76,3,0,11,1,1,1,0
10,3.47,14,1,18,0,1,1,0
110,6.69,0,0,18,0,0,2,1
84,0.99,13,0,23,1,1,2,0
91,8.18,11,1,7,1,1,2,0
12,3.25,8,0,6,1,2,2,0
102,7.53,5,1,2,1,1,2,0
58,3.17,9,0,23,0,2,2,0
103,3.13,15,0,12,0,1,2,0
124,3.51,14,1,5,0,1,2,0
4,1.11,9,1,17,0,1,1,0
19,1.99,2,1,8,0,2,2,0
87,5.33,12,0,12,0,2,2,0
75,6.13,2,1,7,1,0,1,0
62,5.48,8,0,15,0,2,2,0
56,2.45,7,1,20,0,0,1,0
3,2.97,0,1,14,1,2,2,0
49,4.12,12,1,23,1,2,2,0
93,8.03,8,1,11,1,0,2,0
81,5.4,2,0,10,0,2,2,0
32,0.97,15,1,3,0,2,2,0
89,7.18,7,1,8,0,1,2,0
112,4.97,13,0,5,0,2,2,0
114,5.59,1,1,15,0,0,2,0
90,0.65,8,1,23,0,2,2,0
125,4.31,4,1,6,1,1,2,0
77,3.31,13,0,17,1,0,1,0
13,7.12,11,0,2,0,2,2,0
105,7.3,6,0,19,0,0,2,0
7,6.49,15,0,10,0,0,1,0
103,5.74,12,1,12,1,0,2,0
87,1.83,9,1,5,1,1,2,0
127,0.91,8,1,6,0,1,2,0
20,3.4,3,1,0,0,2,2,0
15,6.83,3,0,0,0,0,1,0
83,3.85,0,1,2,0,0,2,0
127,1.82,6,1,3,0,2,2,0
95,5.74,14,0,16,0,1,2,0
7,6.22,3,1,9,0,1,1,0
46,5.9,5,0,15,0,2,2,0
39,9.97,10,1,21,1,1,2,0
29,6.69,2,1,7,1,0,1,0
61,9.6,15,0,12,0,1,2,0
15,9.17,15,0,16,0,2,2,0
82,9.12,12,0,9,1,0,2,0
114,7.64,9,1,12,1,1,2,0
21,4.9,15,0,10,1,2,2,0
99,3.06,9,0,16,0,0,2,0
22,3.07,5,1,23,0,2,2,0
7,0.47,9,1,6,1,2,2,0
13,8.24,13,0,16,1,2,2,0
11,9.11,3,1,5,0,2,2,0
81,0.73,6,1,6,0,0,2,0
97,2.06,3,1,0,0,2,2,0
84,9.84,12,0,11,1,0,2,0
39,1.42,7,1,13,1,0,1,0
69,4.09,0,1,13,1,1,1,0
48,8.17,15,1,19,0,2,2,0
101,0.42,14,0,21,0,0,2,0
29,1.15,15,0,5,1,0,0,0
65,9.55,12,1,17,1,1,2,0
66,1.08,3,1,6,0,2,2,0
127,2.01,1,1,15,0,0,2,0
58,0.38,12,0,2,0,0,1,0
111,6.15,14,0,14,0,2,2,0
128,7.67,6,0,23,1,0,2,0
3,9.49,10,1,5,1,1,2,0
51,9.02,1,1,12,0,1,2,0
129,0.64,5,0,10,1,0,2,0
112,0.69,7,1,17,0,0,2,0
81,0.57,2,1,16,0,2,2,0
43,7.24,10,1,1,0,0,1,0
59,0.06,0,0,12,0,0,1,1
9,5.64,2,0,20,1,2,2,0
98,2.82,12,1,23,0,2,2,0
125,6.13,11,1,15,0,1,2,0
92,2.24,9,0,12,1,0,2,0
94,7.4,13,1,4,0,1,2,0
105,7.11,7,1,4,1,0,2,0
103,4.21,13,1,23,1,1,2,0
99,4.64,10,1,21,1,0,2,0
52,2.46,6,0,23,1,1,1,0
104,3.75,9,0,12,0,1,2,0
27,5.43,14,1,19,1,0,1,0
51,2.17,5,1,16,1,0,1,0
113,0.24,6,1,18,0,1,2,0
39,6.41,6,0,13,1,1,1,0
62,8.68,4,1,10,0,2,2,0
24,7.87,2,0,0,0,1,1,0
23,3.13,11,0,23,0,0,0,0
78,8.41,11,1,18,1,1,2,0
86,7.04,9,1,3,0,0,2,0
41,4.15,13,0,17,1,2,2,0
71,6.9,7,0,21,0,1,1,0
24,7.56,4,1,15,1,1,1,0
43,7.67,11,1,18,0,1,1,0
5,9.7,11,1,2,1,0,2,0
45,1.35,9,1,4,0,2,2,0
50,9.62,10,1,22,0,1,2,0
126,0.16,13,0,11,1,0,2,0
71,9.82,0,1,10,0,0,2,0
61,7.01,8,1,13,1,0,1,0
69,7.5,14,0,10,0,0,1,0
2,7.35,0,1,12,0,1,1,0
97,3.88,8,1,10,1,2,2,0
108,4.07,10,0,11,1,2,2,0
49,4.89,8,0,14,0,2,2,0
81,8.61,3,0,4,0,0,2,0
19,1.77,2,0,18,0,0,0,0
19,0.1,0,1,19,0,0,0,0
117,6.31,10,0,19,0,0,2,0
35,2.0,2,0,2,0,0,1,0
110,7.92,7,0,1,0,1,2,0
82,6.25,6,1,6,1,2,2,0
47,4.69,1,1,5,0,0,1,0
45,9.74,8,0,17,0,2,2,0
31,7.03,2,0,5,1,0,1,0
41,3.95,9,1,16,1,0,1,0
109,2.51,11,0,16,0,2,2,0
64,2.81,5,0,1,0,1,1,0
88,9.03,1,1,2,1,0,2,0
22,3.18,11,0,18,1,2,2,0
81,4.51,15,1,15,1,1,2,0
80,5.46,6,0,18,0,0,2,0
90,4.1,14,1,12,1,1,2,0
115,1.53,12,1,0,0,1,2,0
97,9.9,4,1,11,0,1,2,0
44,1.51,5,0,3,0,1,1,0
120,1.5,10,0,0,1,1,2,0
40,3.04,8,0,6,1,2,2,0
127,4.33,5,1,21,0,1,2,0
27,0.67,10,1,19,1,0,0,0
60,5.19,15,0,13,1,0,1,0
78,6.32,10,1,21,1,2,2,0
31,5.99,9,1,23,1,2,2,0
32,3.7,15,0,0,1,1,1,0
106,2.46,10,0,10,1,1,2,0
87,5.77,10,0,4,1,2,2,0
58,7.08,7,0,15,1,0,1,0
80,5.11,3,1,4,1,0,2,0
125,4.63,8,0,14,1,0,2,0
70,7.12,11,0,15,0,0,1,0
0,3.27,15,0,8,1,1,1,0
80,6.05,6,0,19,0,1,2,0
15,7.35,6,1,7,1,1,1,0
2,2.98,6,0,9,0,0,0,0
107,0.79,14,0,14,1,2,2,0
40,5.94,10,0,8,1,1,1,0
50,7.06,14,1,5,0,1,1,0
4,1.24,10,1,11,0,1,1,0
96,5.5,13,1,12,0,1,2,0
8,6.44,10,0,16,0,2,2,0
33,4.97,2,0,4,0,2,2,0
41,9.4,7,0,11,1,1,2,0
20,4.13,2,1,12,0,2,2,0
106,6.42,12,0,17,0,0,2,0
114,1.59,8,0,7,0,2,2,0
6,0.52,7,1,1,0,0,0,0
59,9.5,4,1,10,1,2,2,0
101,0.19,9,1,0,1,2,2,0
17,0.4,1,0,7,1,0,0,0
89,7.02,11,0,12,0,0,2,0
1,9.15,9,1,17,1,2,2,0
99,1.6,6,1,10,0,1,2,0
66,3.93,9,1,0,1,2,2,0
103,2.05,3,0,12,0,2,2,0
52,2.0,9,0,18,1,1,1,0
118,0.54,7,1,6,0,1,2,0
3,2.16,5,1,6,1,2,2,0
99,7.2,14,1,19,0,1,2,0
122,5.61,9,0,2,0,0,2,0
7,6.19,0,1,0,1,1,1,0
97,7.29,5,0,1,1,0,2,0
48,9.71,11,0,8,1,2,2,0
5,2.97,1,0,9,0,1,1,0
116,9.3,6,0,20,0,1,2,0
44,0.14,2,0,14,1,1,1,0
5,7.03,15,0,23,0,0,1,0
16,3.98,12,0,1,1,1,1,0
119,4.12,0,0,21,0,1,2,1
72,7.19,6,1,0,1,0,1,0
60,6.9,0,0,18,1,2,2,0
125,7.92,1,1,11,0,2,2,0
94,4.56,15,0,11,1,2,2,0
37,3.21,11,1,5,1,1,1,0
119,9.84,9,0,21,1,2,2,0
104,3.6,13,0,19,1,0,2,0
85,9.25,14,1,17,0,0,2,0
87,5.06,4,1,17,0,2,2,0
35,9.77,6,1,2,1,0,2,0
128,5.44,3,0,8,0,2,2,0
58,6.84,10,1,3,1,2,2,0
95,5.48,12,1,7,1,2,2,0
104,6.88,3,0,20,1,0,2,0
48,7.16,3,1,4,0,2,2,0
78,2.42,12,1,6,0,0,1,0
6,0.16,9,0,6,0,2,2,1
18,0.67,14,0,13,1,2,2,0
103,0.11,9,1,12,1,0,2,0
77,4.29,15,0,21,1,0,1,0
127,3.2,0,1,22,1,1,2,0
25,4.23,11,1,0,1,0,1,0
124,7.59,2,1,8,0,0,2,0
62,7.24,3,1,12,1,0,1,0
120,0.34,9,1,6,1,0,2,0
2,6.84,0,1,2,0,1,1,0
70,6.97,12,0,8,0,2,2,0
125,1.74,14,1,5,0,1,2,0
84,4.27,4,0,6,1,1,2,0
63,0.06,5,1,1,1,0,1,0
57,3.4,15,0,22,1,2,2,0
29,1.02,4,0,23,0,1,1,0
127,3.67,13,0,22,1,2,2,0
27,4.19,1,1,13,1,0,1,0
16,0.87,11,1,12,0,0,0,0
30,0.24,2,0,21,0,1,1,0
95,5.57,15,0,21,0,2,2,0
105,1.16,1,0,6,0,1,2,0
34,7.47,12,0,11,0,2,2,0
3,1.13,8,0,9,0,1,1,1
62,8.61,6,0,21,1,1,2,0
122,2.14,5,1,17,0,0,2,0
32,8.58,4,0,15,0,2,2,0
42,2.47,13,1,7,1,1,1,0
15,7.52,1,1,12,0,0,1,0
95,3.91,7,0,15,1,2,2,0
40,2.41,9,1,2,1,2,2,0
7,4.17,2,0,20,0,1,1,0
71,3.93,14,1,9,1,1,1,0
120,5.11,12,0,15,1,0,2,0
125,9.75,2,1,20,1,1,2,0
73,5.94,7,1,10,0,2,2,0
48,3.49,9,0,10,1,1,1,0
67,5.98,6,0,22,1,0,1,0
92,7.13,10,0,14,0,0,2,0
74,6.39,6,1,5,1,1,1,0
62,3.92,8,1,17,1,0,1,0
65,6.06,8,0,12,1,0,1,0
17,1.89,8,1,14,1,2,2,0
107,1.99,1,1,20,1,2,2,0
27,4.76,12,1,3,0,0,1,0
31,3.61,1,0,2,1,0,0,0
68,1.27,3,1,6,0,2,2,0
15,0.1,10,1,9,1,0,0,0
59,2.2,8,1,7,0,0,1,0
81,7.62,5,1,6,0,0,2,0
23,5.71,8,1,3,0,0,1,0
104,2.21,14,0,5,0,1,2,0
27,0.03,9,1,18,1,1,1,0
54,2.32,2,1,22,1,1,1,0
38,7.39,12,1,0,1,0,1,0
125,4.37,10,1,0,1,2,2,0
99,8.38,6,1,4,0,2,2,0
96,1.68,12,0,6,1,1,2,0
103,2.74,9,0,12,1,0,2,0
62,6.45,2,1,22,0,1,1,0
88,3.6,0,1,13,1,1,2,0
22,4.37,11,0,8,1,1,1,0
122,1.58,7,0,1,1,1,2,0
12,7.61,2,0,2,0,1,1,0
20,5.25,8,1,4,1,0,1,0
111,2.79,5,0,13,1,0,2,0
17,2.32,2,0,18,0,1,1,0
120,9.42,5,0,0,0,2,2,0
19,0.67,3,1,5,0,1,1,0
94,7.23,4,0,7,0,1,2,0
43,7.66,0,0,12,0,0,1,1
12,4.69,4,0,19,1,2,2,0
71,4.62,14,0,22,0,2,2,0
63,1.62,1,0,12,0,0,1,0
73,4.61,15,1,17,1,2,2,0
119,9.62,11,1,8,1,0,2,0
128,8.58,4,0,6,0,2,2,0
94,8.42,3,1,12,1,1,2,0
95,0.24,15,0,0,0,1,2,0
37,4.5,4,1,12,0,0,1,0
4,9.01,14,1,15,1,1,2,0
119,3.72,6,1,4,1,0,2,0
62,9.48,3,1,11,0,1,2,0
119,9.09,13,0,19,1,1,2,0
122,0.41,15,0,11,1,0,2,0
79,9.22,5,0,3,0,2,2,0
69,0.6,6,1,0,1,1,1,0
85,7.99,14,1,19,1,1,2,0
94,0.51,3,1,15,1,2,2,0
9,6.66,2,0,12,1,2,2,0
112,7.31,8,0,4,0,0,2,0
98,2.76,7,0,1,1,0,2,0
34,1.94,6,1,4,1,2,2,0
65,9.9,6,0,2,0,0,2,0
67,7.27,2,0,14,0,2,2,0
126,1.14,14,1,19,1,1,2,0
66,5.77,10,1,16,0,2,2,0
71,8.06,7,0,0,1,1,2,0
69,3.28,9,1,23,1,0,1,0
76,8.02,8,0,4,0,0,2,0
63,4.64,4,0,22,1,1,1,0
102,4.19,10,1,2,0,0,2,0
123,9.48,2,1,1,1,1,2,0
110,1.54,15,0,10,1,0,2,0
78,2.36,15,1,18,0,1,1,0
110,8.49,9,0,19,0,1,2,0
40,5.98,12,0,3,0,0,1,0
2,1.5,13,1,2,0,0,0,0
0,4.71,1,0,9,1,2,2,0
91,6.66,2,0,5,1,1,2,0
25,0.39,2,0,19,0,0,0,0
43,8.97,15,0,8,1,2,2,0
18,8.32,9,0,2,1,2,2,0
66,1.57,3,1,19,0,2,2,0
72,0.32,10,0,22,1,1,1,0
91,9.52,9,1,20,1,1,2,0
60,7.94,9,1,6,0,1,1,0
38,7.03,1,0,1,0,0,1,0
27,9.98,4,0,23,0,1,2,0
85,6.88,7,1,13,1,0,2,0
77,9.37,6,1,20,0,1,2,0
40,3.91,11,0,1,0,1,1,0
99,1.87,15,1,21,1,2,2,0
82,4.5,10,1,21,1,2,2,0
47,0.07,5,1,13,0,1,1,0
85,1.48,4,0,16,1,1,2,0
51,7.21,13,0,0,1,2,2,0
87,8.0,11,1,0,0,1,2,0
128,2.02,4,1,21,1,2,2,0
100,8.9,6,1,23,0,1,2,0
74,5.39,14,0,9,1,0,1,0
104,5.89,2,1,13,1,2,2,0
59,9.23,7,1,8,1,2,2,0
9,8.17,8,1,8,0,2,2,0
58,0.41,14,0,12,0,1,1,0
12,9.59,8,1,0,1,2,2,0
13,4.97,6,1,3,0,1,1,0
84,1.77,6,0,21,1,0,2,0
84,6.47,15,0,3,0,2,2,0
66,1.69,9,1,13,0,1,1,0
52,7.29,11,0,9,1,2,2,0
17,0.76,4,0,0,0,0,0,0
69,9.65,3,1,10,0,2,2,0
119,5.11,15,1,2,1,0,2,0
90,1.76,6,1,23,0,2,2,0
22,9.92,5,0,10,0,2,2,0
49,4.79,11,0,10,1,1,1,0
26,8.07,12,0,5,0,2,2,0
123,7.73,2,0,21,1,2,2,0
117,3.87,11,0,1,0,1,2,0
48,0.04,11,0,21,1,2,2,0
86,4.16,0,1,14,0,0,2,0
24,5.95,3,0,15,1,2,2,0
87,1.2,1,1,7,1,2,2,0
108,2.93,3,0,9,0,2,2,0
66,8.16,4,1,10,1,0,2,0
93,0.75,9,1,13,0,0,2,0
72,3.28,2,0,16,0,1,1,0
29,0.95,8,1,10,0,0,0,0
54,5.82,2,0,1,1,1,1,0
20,8.12,9,1,3,1,0,2,0
79,9.19,13,0,21,1,1,2,0
13,1.37,3,0,3,1,0,0,0
120,8.1,12,0,8,0,2,2,0
63,0.82,5,0,20,0,2,2,0
4,4.7,4,0,23,0,1,1,0
1,6.81,8,0,15,0,0,1,0
110,2.11,12,0,16,1,1,2,0
34,4.05,13,1,8,0,2,2,0
31,7.07,8,1,0,0,1,1,0
48,7.47,4,0,20,0,2,2,0
63,1.32,1,0,7,0,2,2,0
18,6.84,4,0,8,0,2,2,0
0,6.52,3,0,13,0,1,1,0
52,4.47,4,0,11,1,1,1,0
96,6.6,8,1,21,0,2,2,0
37,2.07,11,0,21,0,1,1,0
125,9.49,13,0,8,0,1,2,0
118,1.59,1,1,16,1,0,2,0
105,1.1,9,0,9,1,0,2,0
109,7.69,15,0,18,1,1,2,0
77,6.44,14,0,22,1,1,1,0
99,2.7,15,0,14,0,0,2,0
60,6.45,12,0,17,0,0,1,0
68,7.21,8,0,8,1,2,2,0
103,0.2,3,0,9,1,0,2,0
46,6.28,0,0,0,1,2,2,0
107,5.68,0,1,6,0,0,2,0
78,7.21,13,1,22,1,2,2,0
51,6.29,11,0,12,1,2,2,0
50,8.9,10,0,10,1,1,2,0
61,5.32,15,0,13,0,2,2,0
19,1.03,4,0,13,0,0,0,0
119,4.12,2,0,21,1,2,2,0
34,2.21,6,0,11,0,0,0,0
65,0.12,13,0,8,1,0,1,0
23,3.41,7,0,2,1,2,2,0
61,0.44,8,0,21,0,1,1,0
55,7.96,10,0,2,0,2,2,0
71,0.0,11,1,14,0,0,1,0
24,9.81,0,1,6,0,0,2,0
59,7.37,5,0,6,0,0,1,0
75,4.61,14,0,19,0,0,1,0
30,7.26,6,1,20,1,2,2,0
110,1.54,2,0,15,1,0,2,0
43,3.75,5,1,3,0,0,1,0
54,0.73,13,0,13,0,2,2,0
42,2.66,10,1,5,0,1,1,0
108,1.72,14,1,10,1,2,2,0
54,9.26,0,0,12,1,1,2,0
119,9.27,3,0,1,0,2,2,0
28,5.6,12,0,1,0,2,2,0
59,7.99,7,0,16,0,0,1,0
21,3.39,2,1,8,1,2,2,0
34,8.28,1,1,15,0,0,2,0
56,6.99,2,0,19,1,0,1,0
108,7.21,2,1,14,0,2,2,0
70,9.93,10,0,1,0,0,2,0
6,8.63,0,0,10,0,2,2,1
20,0.83,6,1,3,1,2,2,0
95,0.57,0,0,11,1,1,2,0
29,7.95,9,1,8,0,0,1,0
37,6.0,15,1,15,0,0,1,0
44,8.24,9,0,10,1,1,2,0
10,5.07,14,0,1,0,0,1,0
66,8.86,12,1,20,1,0,2,0
92,7.24,8,0,12,1,2,2,0
31,2.36,4,1,16,0,1,1,0
94,6.61,11,1,5,1,2,2,0
10,5.53,1,1,1,1,0,1,0
61,4.1,14,1,0,0,0,1,0
16,0.61,1,0,12,1,2,2,0
31,8.9,0,1,20,1,2,2,0
45,5.47,15,1,7,0,1,1,0
48,5.28,2,1,8,0,0,1,0
16,1.42,12,1,23,0,2,2,0
78,4.08,5,0,7,1,2,2,0
33,3.68,13,0,3,1,1,1,0
21,4.62,1,1,9,1,0,1,0
90,9.46,11,1,1,0,1,2,0
58,7.21,11,1,17,0,1,1,0
49,9.59,0,0,15,1,1,2,0
105,7.92,9,0,7,0,1,2,0
61,5.56,5,1,10,0,1,1,0
15,6.74,10,0,9,0,1,1,0
61,2.05,6,0,11,0,2,2,0
65,5.87,3,1,23,0,0,1,0
26,0.9,14,1,23,0,2,2,0
12,6.06,6,0,18,0,2,2,0
50,4.93,4,1,20,1,0,1,0
10,8.82,1,0,2,1,1,2,0
99,0.95,13,0,0,0,0,2,0
6,9.97,0,0,10,1,0,2,0
32,8.38,0,0,22,1,1,2,0
120,6.37,15,1,23,1,2,2,0
30,9.6,13,0,19,0,1,2,0
94,6.1,11,0,1,0,1,2,0
18,8.09,9,0,17,1,0,2,0
59,3.97,15,1,0,0,1,1,0
49,1.71,5,0,19,0,0,1,0
61,4.51,10,1,13,0,0,1,0
65,9.34,9,0,16,1,2,2,0
10,8.3,0,1,7,1,1,2,0
109,4.35,1,0,3,0,1,2,0
4,9.39,6,0,16,0,1,2,0
99,3.98,2,0,12,0,2,2,0
116,0.73,6,0,5,0,1,2,0
87,3.56,13,0,13,0,1,2,0
124,4.24,4,0,16,1,1,2,0
10,1.16,9,0,16,1,0,0,0
87,2.98,15,0,13,0,0,2,0
59,6.45,3,0,3,1,1,1,0
4,6.06,1,1,18,0,1,1,0
73,5.74,0,1,8,0,1,1,0
107,7.67,12,1,17,1,0,2,0
75,1.45,11,1,20,0,0,1,0
84,5.65,9,0,16,1,2,2,0
49,9.53,6,0,5,0,1,2,0
36,7.76,13,1,18,0,1,1,0
5,9.9,15,0,12,0,1,2,0
106,9.72,0,1,5,0,1,2,0
58,5.2,7,1,21,1,2,2,0
62,8.99,4,0,9,0,1,2,0
104,8.87,3,0,22,1,1,2,0
7,5.49,4,1,18,1,2,2,0
37,4.34,8,0,17,1,2,2,0
96,3.45,2,0,0,1,1,2,0
25,6.72,4,0,16,1,2,2,0
86,9.8,3,1,6,1,1,2,0
38,2.41,9,1,20,0,0,1,0
42,4.78,7,0,0,1,2,2,0
100,9.07,12,0,1,0,1,2,0
128,2.02,2,0,19,1,0,2,0
12,9.45,12,0,19,1,0,2,0
75,6.3,2,1,1,1,1,1,0
45,8.63,6,1,20,1,2,2,0
36,0.5,11,0,20,1,1,1,0
4,8.96,14,1,19,1,1,2,0
41,0.58,14,0,23,1,1,1,0
33,5.96,11,0,17,0,2,2,0
125,7.25,15,1,1,0,2,2,0
17,7.69,8,0,12,1,0,1,0
49,1.98,14,0,2,0,1,1,0
91,7.15,5,0,11,1,0,2,0
119,5.45,2,1,0,0,0,2,0
26,0.79,5,0,12,0,0,0,0
108,2.38,10,0,14,1,2,2,0
88,3.76,6,0,14,0,2,2,0
75,3.07,1,0,18,1,0,1,0
36,8.64,9,0,3,1,1,2,0
72,9.95,7,1,6,1,0,2,0
101,4.7,3,0,14,1,2,2,0
43,9.15,2,0,5,0,1,2,0
46,1.02,6,1,16,1,0,1,0
87,7.35,15,1,7,1,0,2,0
62,8.77,5,1,13,0,1,2,0
58,5.72,14,0,15,1,1,1,0
30,4.54,1,1,15,0,1,1,0
37,8.6,0,1,0,1,2,2,0
36,0.84,5,0,7,1,1,1,0
40,0.86,12,1,0,1,2,2,0
114,9.37,8,1,18,0,2,2,0
18,5.23,5,0,18,0,1,1,0
101,9.69,1,1,7,1,2,2,0
73,7.83,0,0,4,0,1,1,1
8,9.51,7,1,23,1,2,2,0
74,6.48,9,1,23,0,2,2,0
21,2.84,14,1,1,1,0,0,0
91,9.24,7,1,14,1,1,2,0
50,5.39,5,0,19,1,1,1,0
97,7.8,2,1,15,1,1,2,0
38,8.57,13,1,22,0,0,2,0
81,5.16,6,1,23,0,2,2,0
81,6.82,0,1,20,0,2,2,0
60,3.69,8,0,21,1,1,1,0
97,7.28,10,1,18,0,0,2,0
31,1.68,5,1,11,1,1,1,0
46,9.34,12,1,18,1,0,2,0
35,3.53,9,0,20,0,2,2,0
34,6.84,8,1,7,0,2,2,0
26,3.4,5,1,2,1,0,0,0
86,7.22,15,0,10,1,0,2,0
43,4.04,7,0,10,1,0,1,0
57,8.6,3,1,11,1,0,2,0
125,5.19,12,1,0,1,1,2,0
73,8.25,7,0,6,1,2,2,0
30,8.78,2,0,15,1,0,2,0
12,1.99,10,0,8,0,0,0,0
93,2.1,9,0,10,1,1,2,0
27,3.27,10,0,3,0,2,2,0
44,3.66,6,1,15,0,0,1,0
109,4.47,10,0,0,1,0,2,0
27,2.83,2,0,11,0,1,1,0
98,6.16,3,1,17,0,2,2,0
33,7.58,0,1,11,0,0,1,0
89,4.02,4,1,17,1,1,2,0
14,9.56,13,1,17,1,1,2,0
76,8.63,4,1,22,1,2,2,0
86,9.83,8,1,23,1,1,2,0
81,7.88,9,0,16,0,1,2,0
30,9.68,13,1,0,0,0,2,0
10,0.43,9,1,20,0,2,2,0
59,0.73,7,0,20,0,1,1,0
81,0.69,0,1,10,1,0,2,0
52,6.33,13,0,21,0,1,1,0
77,2.84,12,1,18,1,0,1,0
127,9.63,7,1,14,1,2,2,0
74,6.43,4,0,4,1,2,2,0
42,9.19,9,0,2,0,0,2,0
27,7.37,6,0,4,0,2,2,0
36,8.79,0,1,19,0,0,2,0
96,7.38,2,0,13,1,1,2,0
40,2.04,14,1,0,0,1,1,0
103,5.19,2,1,5,0,1,2,0
122,4.64,8,1,17,1,1,2,0
34,3.79,1,1,4,0,2,2,0
116,3.82,7,0,12,0,2,2,0
46,7.18,3,1,5,0,1,1,0
55,1.98,6,0,0,1,0,1,0
44,1.55,6,1,5,0,2,2,0
109,7.99,2,1,7,0,0,2,0
42,3.25,11,0,18,0,1,1,0
78,2.67,3,1,23,1,2,2,0
126,2.19,12,1,7,0,2,2,0
85,2.61,8,1,19,0,0,2,0
114,6.04,14,0,5,0,1,2,0
17,1.62,10,0,21,1,2,2,0
127,7.19,6,1,22,1,0,2,0
62,1.31,0,0,4,1,1,1,0
13,5.48,5,0,1,1,2,2,0
125,6.07,14,1,11,0,2,2,0
95,6.67,11,0,7,1,0,2,0
10,2.02,8,1,7,1,2,2,0
20,8.15,10,0,14,0,1,2,0
41,9.54,2,0,4,0,2,2,0
89,6.64,2,1,6,1,1,2,0
130,1.93,6,0,18,1,1,2,0
21,2.1,15,0,19,0,0,0,0
101,0.48,4,0,3,0,0,2,0
30,8.67,14,1,14,0,0,2,0
29,6.06,2,0,3,1,1,1,0
26,1.3,5,0,3,0,1,1,0
34,7.23,14,0,6,0,0,1,0
75,5.72,13,1,10,0,2,2,0
3,6.6,14,1,16,0,0,1,0
72,1.76,2,1,0,1,2,2,0
35,9.22,0,1,4,0,2,2,0
73,3.76,0,0,22,1,1,1,0
97,8.4,2,0,6,1,0,2,0
127,8.23,3,0,14,0,0,2,0
70,1.91,11,1,17,1,1,1,0
78,7.63,4,0,0,1,0,1,0
39,0.26,15,0,13,0,1,1,0
41,4.79,15,1,1,0,2,2,0
15,4.43,2,1,13,0,1,1,0
58,1.3,9,0,10,1,1,1,0
40,8.28,0,0,22,1,0,2,0
63,0.59,0,1,12,1,2,2,0
115,3.69,9,0,11,1,2,2,0
89,3.72,13,0,7,1,1,2,0
27,1.37,8,1,13,0,0,0,0
11,5.55,3,0,1,0,0,1,0
105,5.54,3,1,12,1,0,2,0
125,1.62,1,0,16,0,2,2,0
93,4.48,4,0,23,0,1,2,0
15,4.63,6,0,13,1,0,1,0
63,0.54,7,1,2,0,1,1,0
92,9.7,8,1,9,0,1,2,0
44,1.14,6,0,0,1,0,1,0
89,5.32,11,1,13,1,2,2,0
64,4.96,6,0,17,0,1,1,0
50,10.0,6,1,5,1,1,2,0
111,8.9,13,0,2,1,2,2,0
16,5.25,4,1,0,0,0,1,0
68,4.03,13,0,9,1,2,2,0
6,7.55,3,0,14,1,2,2,0
119,1.24,8,0,0,1,2,2,0
60,5.44,2,1,18,0,1,1,0
63,6.68,2,1,5,0,1,1,0
128,0.38,9,1,12,1,2,2,0
57,6.48,6,1,18,1,2,2,0
30,8.14,12,1,3,1,1,2,0
25,1.48,15,1,1,1,1,1,0
68,2.48,5,1,13,0,0,1,0
74,5.83,3,1,0,0,2,2,0
67,1.65,13,0,0,0,1,1,0
13,5.16,5,0,2,1,0,1,0
40,6.61,0,1,3,0,0,1,0
94,6.84,14,0,3,0,1,2,0
5,7.31,9,0,2,1,1,1,0
77,5.35,5,0,14,1,2,2,0
59,5.71,14,1,14,0,2,2,0
44,0.62,0,1,17,0,1,1,0
121,3.2,2,0,6,1,2,2,0
21,3.0,12,0,20,0,0,0,0
130,8.91,8,0,19,1,2,2,0
129,1.5,12,1,21,0,1,2,0
11,5.89,7,0,8,0,2,2,0
108,1.12,13,0,15,0,0,2,0
124,2.84,7,1,23,1,1,2,0
27,7.79,14,1,5,1,2,2,0
11,8.85,13,1,19,1,1,2,0
63,7.2,13,0,8,1,2,2,0
79,1.52,14,0,4,1,0,1,0
98,1.42,11,0,20,1,1,2,0
32,0.0,7,1,17,1,2,2,0
128,2.28,1,1,4,1,1,2,0
122,1.51,14,0,13,0,2,2,0
16,0.89,2,0,3,0,1,1,0
41,9.99,6,1,3,0,0,2,0
121,7.2,0,1,5,0,0,2,0
65,3.21,3,1,10,0,0,1,0
92,9.06,8,1,15,0,1,2,0
31,6.16,13,1,20,0,0,1,0
74,2.74,13,1,2,1,2,2,0
123,8.97,2,0,22,1,2,2,0
10,5.47,0,1,14,0,0,1,0
69,0.8,8,1,16,0,0,1,0
83,6.23,12,1,8,1,2,2,0
63,6.99,12,1,9,1,2,2,0
79,6.89,2,1,10,1,1,1,0
12,1.11,4,0,1,1,1,1,0
63,6.97,12,0,11,0,0,1,0
121,0.79,1,0,19,1,0,2,0
107,3.14,13,0,3,1,1,2,0
95,5.99,12,1,0,0,0,2,0
77,8.07,9,1,5,0,1,2,0
96,9.99,8,1,13,1,1,2,0
12,3.27,13,1,5,0,1,1,0
80,4.24,11,1,14,1,2,2,0
7,5.71,9,1,7,0,2,2,0
7,4.25,7,1,8,1,1,1,0
33,8.54,5,1,10,1,0,2,0
27,3.96,10,1,7,0,0,0,0
108,1.6,5,0,5,0,1,2,0
46,9.63,14,1,15,1,1,2,0
102,1.34,10,0,12,0,0,2,0
20,1.77,3,0,11,1,2,2,0
99,9.93,0,0,3,1,2,2,0
101,4.81,15,0,6,0,0,2,0
91,4.44,0,1,14,0,2,2,0
104,7.93,5,1,2,0,2,2,0
28,9.2,1,0,16,1,0,2,0
122,3.42,13,1,22,1,2,2,0
12,4.61,11,0,11,1,2,2,0
44,3.1,3,0,16,1,1,1,0
92,7.97,8,0,1,1,1,2,0
78,6.53,9,1,10,0,0,1,0
19,1.11,6,0,22,1,1,1,0
125,6.82,2,1,14,1,0,2,0
62,6.64,5,1,5,0,0,1,0
97,6.85,2,1,11,0,2,2,0
15,8.01,2,1,7,0,1,2,0
84,7.15,6,0,12,0,1,2,0
128,8.3,8,0,10,0,1,2,0
3,0.36,3,0,22,1,1,1,0
121,5.05,2,1,11,0,1,2,0
65,2.54,11,1,8,1,0,1,0
53,8.19,11,0,15,0,1,2,0
27,0.16,10,0,20,0,0,0,0
116,9.6,8,1,19,1,2,2,0
39,8.85,1,1,10,1,2,2,0
34,8.38,3,1,14,0,1,2,0
96,2.33,2,1,22,1,0,2,0
68,1.32,6,0,18,1,0,1,0
60,2.38,3,0,3,1,0,1,0
100,9.2,5,0,5,0,2,2,0
54,1.68,3,0,3,0,0,1,0
58,1.76,0,0,2,1,1,1,0
111,3.79,1,0,16,1,2,2,0
98,1.22,2,1,6,1,1,2,0
23,2.89,7,1,10,0,2,2,0
21,5.9,1,1,8,1,2,2,0
35,1.95,9,1,18,1,2,2,0
25,0.35,6,0,14,1,0,0,0
0,3.7,8,1,23,1,1,1,0
19,3.31,1,1,13,1,1,1,0
68,0.92,0,1,11,1,0,1,0
23,7.04,7,1,0,1,2,2,0
82,1.01,8,1,1,0,1,2,0
49,4.3,6,1,17,0,1,1,0
103,1.59,14,0,16,0,2,2,0
110,5.58,3,1,16,1,2,2,0
18,3.64,11,1,5,1,1,1,0
19,5.69,12,0,22,0,0,1,0
5,9.43,4,1,22,1,1,2,0
47,3.8,9,0,17,0,2,2,0
94,9.35,2,1,11,1,2,2,0
80,9.72,3,1,15,1,1,2,0
23,6.71,4,1,9,1,2,2,0
47,7.84,3,0,8,0,2,2,0
103,9.4,13,1,5,0,0,2,0
122,3.34,2,1,1,1,2,2,0
93,2.66,4,0,17,1,2,2,0
75,3.73,1,1,13,0,0,1,0
36,1.26,11,1,0,0,2,2,0
12,0.63,12,0,22,1,1,1,0
70,9.51,14,0,6,0,1,2,0
120,9.92,5,1,23,1,0,2,0
14,0.89,5,0,22,1,2,2,0
115,2.4,4,1,2,1,2,2,0
95,0.06,2,0,11,0,0,2,0
29,5.74,0,0,14,0,2,2,1
22,3.15,13,0,23,0,2,2,0
92,2.27,14,0,18,0,0,2,0
11,0.33,2,1,18,1,2,2,0
3,0.05,15,1,22,0,2,2,0
79,5.62,10,1,7,0,2,2,0
119,4.13,6,1,11,0,2,2,0
65,2.79,15,0,13,0,2,2,0
36,9.77,6,1,17,0,0,2,0
18,0.36,10,0,4,1,2,2,0
103,2.22,5,0,14,1,0,2,0
92,4.38,7,1,4,1,2,2,0
15,4.06,8,1,1,1,1,1,0
49,5.88,7,1,9,0,2,2,0
77,9.68,10,0,12,1,1,2,0
35,5.4,10,1,1,1,1,1,0
70,7.05,12,1,14,1,1,1,0
20,3.64,12,0,6,0,2,2,0
2,5.94,10,1,3,0,1,1,0
79,7.31,3,0,3,0,0,1,0
118,7.79,12,0,19,0,0,2,0
84,8.05,14,1,1,0,0,2,0
6,4.06,11,0,10,1,2,2,0
21,6.83,0,0,21,0,0,1,1
112,9.01,11,0,0,0,1,2,0
12,0.79,3,1,6,0,1,1,0
66,4.4,10,0,14,1,0,1,0
126,1.0,14,0,4,1,2,2,0
12,9.31,11,0,7,0,0,2,0
2,9.83,9,0,9,0,0,2,0
30,0.03,11,0,1,0,1,1,0
11,5.06,9,0,2,1,2,2,0
24,9.55,10,0,17,1,1,2,0
62,9.09,10,0,1,1,1,2,0
18,0.33,13,1,18,0,2,2,0
4,3.98,13,0,2,1,2,2,0
112,4.78,1,0,15,1,2,2,0
32,7.17,6,0,18,1,1,1,0
95,8.62,0,0,12,1,1,2,0
96,7.59,5,1,10,0,0,2,0
41,6.33,0,0,15,0,1,1,1
80,2.55,12,0,9,0,1,2,0
65,1.84,1,0,21,0,0,1,0
56,3.08,3,0,0,0,2,2,0
10,6.43,13,0,11,0,0,1,0
105,5.1,7,0,4,0,0,2,0
98,3.93,7,0,19,0,1,2,0
85,9.58,14,1,18,1,1,2,0
47,0.88,13,1,5,1,0,1,0
59,9.53,7,1,21,0,0,2,0
36,4.58,11,0,2,1,1,1,0
118,8.9,4,0,14,0,0,2,0
88,8.42,7,0,5,0,1,2,0
43,0.99,5,0,11,0,2,2,0
125,7.23,11,0,13,0,0,2,0
128,4.37,11,1,17,0,2,2,0
80,5.69,14,1,5,0,1,2,0
11,7.09,10,0,15,0,0,1,0
96,6.09,4,1,5,1,1,2,0
79,8.66,3,0,5,1,0,2,0
0,0.54,6,1,17,0,2,2,0
58,1.35,4,0,8,0,1,1,0
71,4.87,8,0,23,0,2,2,0
28,0.66,11,0,22,0,2,2,0
32,7.36,0,0,1,0,0,1,1
70,9.37,4,0,4,0,2,2,0
112,4.98,4,0,7,1,2,2,0
49,0.41,4,0,13,1,0,1,0
104,2.53,6,0,21,0,1,2,0
59,9.35,14,1,14,1,1,2,0
24,6.11,7,0,2,0,2,2,0
41,9.91,2,1,21,0,1,2,0
76,3.78,1,0,18,0,0,1,0
7,2.64,8,0,19,1,1,1,0
41,1.51,2,0,3,1,1,1,0
3,5.01,11,1,17,1,1,1,0
100,4.61,1,1,7,1,0,2,0
21,5.7,12,1,11,0,1,1,0
73,7.79,8,1,20,0,1,1,0
110,3.92,6,1,19,0,2,2,0
57,5.68,11,0,9,1,0,1,0
116,1.9,5,1,4,1,0,2,0
22,2.96,4,1,6,1,2,2,0
35,9.2,10,1,8,0,0,2,0
10,5.34,15,0,23,1,0,1,0
61,7.24,2,1,8,0,0,1,0
86,8.05,4,1,14,0,1,2,0
14,3.65,7,0,7,1,0,0,0
8,8.09,7,0,2,1,2,2,0
127,4.06,11,1,11,1,2,2,0
99,9.16,8,1,10,1,1,2,0
68,7.22,10,0,11,0,1,1,0
94,5.64,8,1,12,1,0,2,0
110,2.09,8,0,2,0,1,2,0
73,3.7,0,1,19,1,2,2,0
22,8.15,5,1,19,0,1,2,0
95,5.76,12,1,14,0,0,2,0
61,0.14,8,0,7,1,2,2,0
30,2.66,12,0,9,0,2,2,0
67,6.51,6,0,5,1,0,1,0
77,7.77,9,0,22,0,1,1,0
105,2.2,14,0,3,0,0,2,0
31,4.96,11,0,4,0,0,1,0
94,7.3,14,0,17,1,1,2,0
40,2.09,8,0,13,1,1,1,0
68,8.44,15,0,3,1,0,2,0
41,8.7,0,1,10,0,0,2,0
113,4.63,4,1,12,1,1,2,0
48,1.95,0,0,8,0,2,2,1
11,9.25,11,0,14,0,0,2,0
94,3.25,1,0,0,0,1,2,0
45,7.29,2,1,5,1,1,1,0
49,1.2,0,1,7,0,0,1,0
101,5.29,2,1,5,0,0,2,0
31,1.98,11,1,22,0,2,2,0
100,1.76,0,0,18,1,0,2,0
88,1.28,11,1,21,0,0,2,0
37,1.69,14,0,22,0,2,2,0
44,0.01,11,1,22,0,1,1,0
57,1.29,13,1,2,1,0,1,0
120,3.97,1,1,1,0,1,2,0
127,7.88,3,0,6,1,0,2,0
25,0.14,3,0,12,0,1,1,0
56,8.93,5,0,15,1,2,2,0
67,5.34,8,1,15,0,1,1,0
113,7.54,4,0,6,0,2,2,0
39,1.42,5,0,20,0,2,2,0
74,2.54,4,1,17,0,2,2,0
47,1.79,11,1,1,1,0,1,0
86,2.11,1,1,7,1,0,2,0
17,8.55,3,0,8,1,2,2,0
125,2.76,7,0,15,1,0,2,0
78,7.72,10,0,0,0,0,1,0
98,1.75,1,1,21,1,0,2,0
121,6.57,12,0,10,1,1,2,0
11,3.62,8,0,5,0,1,1,0
22,4.28,8,0,2,1,1,1,0
109,2.72,2,1,18,0,2,2,0
82,4.51,15,1,5,0,1,2,0
0,8.11,0,1,5,1,0,2,0
3,0.71,15,0,4,0,0,0,1
78,0.73,6,0,22,1,2,2,0
103,4.63,14,1,1,1,0,2,0
18,1.65,15,1,7,0,2,2,0
47,1.32,12,0,14,1,2,2,0
121,6.49,13,1,7,0,2,2,0
79,2.03,2,1,10,1,0,1,0
7,9.54,10,0,7,0,0,2,0
11,1.59,2,1,0,1,1,1,0
96,2.72,9,1,9,1,0,2,0
12,0.01,13,1,12,1,1,1,0
111,4.96,9,1,18,1,1,2,0
22,4.2,6,1,11,1,2,2,0
8,2.57,10,0,0,1,0,0,0
90,3.15,7,1,6,0,2,2,0
98,9.75,13,0,14,1,0,2,0
28,8.83,11,0,18,1,0,2,0
82,2.06,11,1,23,0,0,2,0
94,3.5,5,0,14,1,2,2,0
52,4.27,7,0,10,1,2,2,0
85,6.12,11,1,13,1,0,2,0
76,9.72,8,1,23,0,1,2,0
65,7.86,9,0,12,0,2,2,0
62,8.34,8,1,18,1,1,2,0
57,5.75,8,1,8,0,2,2,0
43,1.46,1,1,16,1,0,1,0
122,7.24,6,1,3,0,0,2,0
26,9.67,14,0,1,0,0,2,0
122,7.62,15,1,9,1,0,2,0
73,6.3,13,1,10,1,2,2,0
33,8.59,4,0,7,0,0,2,0
77,2.78,13,1,12,0,0,1,0
57,5.67,0,0,23,1,0,1,0
34,7.79,6,1,10,1,1,1,0
100,1.9,10,1,0,1,0,2,0
55,9.44,8,1,17,1,0,2,0
66,6.96,12,1,7,0,0,1,0
57,9.35,11,0,6,1,0,2,0
48,8.29,5,0,1,0,0,2,0
79,4.58,5,1,13,0,2,2,0
27,0.19,7,1,22,1,2,2,0
101,7.81,0,0,17,1,2,2,0
36,5.69,8,1,18,0,0,1,0
22,6.47,15,1,9,0,1,1,0
67,1.88,1,1,6,1,0,1,0
39,2.28,11,0,5,0,2,2,0
71,4.22,10,0,14,1,2,2,0
40,1.99,4,0,19,0,0,1,0
34,0.16,10,1,18,0,0,0,0
52,8.78,7,0,7,0,1,2,0
104,4.68,2,0,21,1,1,2,0
93,9.33,0,1,13,0,1,2,0
88,7.51,10,0,23,0,0,2,0
71,6.42,6,0,2,0,0,1,0
66,8.16,5,0,0,0,1,2,0
33,0.47,9,1,2,0,0,0,0
116,7.18,5,0,9,0,1,2,0
14,4.39,13,1,21,1,2,2,0
26,8.32,15,1,10,1,1,2,0
27,6.22,5,1,1,1,1,1,0
58,5.37,14,0,21,1,2,2,0
37,3.39,2,0,4,1,2,2,0
10,8.03,10,1,12,1,2,2,0
65,9.15,4,0,15,0,2,2,0
48,4.51,2,0,3,0,0,1,0
22,9.79,3,1,16,0,0,2,0
88,9.83,13,0,21,0,1,2,0
12,8.63,15,1,22,0,2,2,0
57,5.98,11,0,18,1,2,2,0
90,1.78,10,0,15,0,0,2,0
44,1.42,15,1,23,1,0,1,0
56,5.58,5,0,0,1,1,1,0
38,1.44,12,0,12,1,2,2,0
66,5.91,12,0,6,0,2,2,0
50,2.02,9,1,9,1,0,1,0
78,5.02,15,1,0,1,1,1,0
5,8.04,0,1,19,1,2,2,0
89,0.71,10,0,21,1,1,2,0
65,6.24,5,1,13,0,0,1,0
81,4.14,8,0,14,1,1,2,0
81,7.95,5,1,18,0,0,2,0
107,0.81,12,1,17,0,0,2,0
34,0.28,11,0,4,1,0,0,0
18,3.23,13,0,1,0,2,2,0
81,3.16,12,0,13,0,1,2,0
39,6.46,5,1,21,0,0,1,0
110,3.77,10,1,19,0,2,2,0
86,0.97,6,0,7,0,0,2,0
69,5.74,7,0,2,0,0,1,0
38,0.94,5,0,11,1,2,2,0
28,7.11,4,1,17,1,2,2,0
127,9.91,9,0,3,0,2,2,0
83,2.62,1,1,9,1,0,2,0
0,0.43,12,0,18,1,1,1,0
122,2.45,10,1,23,1,2,2,0
102,2.82,12,1,23,0,2,2,0
111,7.24,6,1,21,0,0,2,0
36,7.15,13,0,5,0,0,1,0
46,0.17,2,0,9,0,2,2,0
64,5.32,3,1,23,1,2,2,0
28,0.9,14,0,13,1,2,2,0
24,6.52,6,0,23,0,0,1,0
56,8.75,13,1,0,0,2,2,0
0,0.62,11,0,23,0,2,2,1
86,1.93,12,0,3,0,1,2,0
11,3.27,5,1,7,0,2,2,0
0,9.35,5,1,19,0,2,2,0
15,0.6,12,1,5,1,1,1,0
62,8.58,5,0,16,1,2,2,0
52,2.14,15,1,23,0,2,2,0
86,6.35,12,0,12,1,0,2,0
63,4.34,9,0,0,0,0,1,0
39,6.64,5,0,7,0,0,1,0
130,7.31,7,1,5,1,2,2,0
16,5.28,10,0,12,1,1,1,0
98,0.95,1,1,20,1,2,2,0
42,0.06,3,1,7,0,2,2,0
32,4.67,14,1,3,1,2,2,0
28,3.52,13,0,17,1,1,1,0
127,1.78,0,0,22,1,1,2,0
94,6.96,12,1,5,1,2,2,0
24,1.38,14,0,9,0,1,1,0
83,2.24,8,1,20,0,1,2,0
76,8.87,0,1,8,1,0,2,0
105,4.23,9,0,14,1,1,2,0
5,5.62,14,1,21,1,1,1,0
90,6.86,9,1,8,0,2,2,0
49,8.03,9,0,13,1,0,2,0
73,8.39,10,0,12,0,1,2,0
74,7.76,0,1,9,1,0,1,0
42,6.63,12,0,10,0,0,1,0
8,1.64,4,1,1,1,1,1,0
74,5.53,1,0,17,0,1,1,0
64,3.59,3,0,0,0,2,2,0
10,3.3,9,0,19,1,1,1,0
27,5.53,13,0,0,0,1,1,0
94,9.15,1,0,6,0,2,2,0
88,7.2,12,0,18,1,2,2,0
52,0.17,11,1,9,0,2,2,0
66,7.67,6,1,17,1,1,1,0
114,5.69,15,0,20,0,2,2,0
120,1.62,1,0,3,0,1,2,0
95,8.89,3,0,7,1,1,2,0
77,9.5,8,0,19,0,1,2,0
123,2.74,10,1,17,1,1,2,0
42,3.01,1,1,4,0,0,1,0
82,9.1,13,1,4,1,1,2,0
45,1.84,5,0,19,0,1,1,0
60,2.15,9,1,0,1,1,1,0
78,4.8,12,1,17,1,2,2,0
83,3.72,7,1,10,0,0,2,0
59,5.34,10,0,15,0,0,1,0
73,3.33,11,0,3,0,2,2,0
14,0.03,7,1,4,0,0,0,0
17,9.29,15,0,20,0,2,2,0
118,4.95,13,1,17,0,2,2,0
88,5.56,10,1,5,0,2,2,0
78,1.7,11,0,22,1,0,1,0
103,1.16,10,1,11,0,1,2,0
17,0.55,1,0,11,1,2,2,0
23,2.58,14,1,8,1,0,0,0
93,6.39,11,0,9,1,2,2,0
75,1.12,14,0,11,1,2,2,0
117,1.99,9,0,1,1,0,2,0
125,5.11,0,0,6,0,2,2,1
55,4.21,2,0,7,0,1,1,0
9,5.13,5,0,11,0,1,1,0
121,1.96,9,1,5,1,2,2,0
16,3.13,3,1,22,1,1,1,0
83,8.32,6,1,23,0,1,2,0
12,1.02,3,1,13,1,0,0,0
74,2.79,12,1,2,1,1,1,0
96,9.34,12,0,9,0,0,2,0
101,1.37,8,1,20,1,1,2,0
87,0.53,0,0,3,0,2,2,1
87,4.8,0,0,21,1,0,2,0
24,7.04,13,1,9,0,2,2,0
75,3.9,9,1,18,1,1,1,0
43,5.61,11,1,10,1,2,2,0
32,9.45,3,0,5,0,0,2,0
112,7.45,14,0,4,1,2,2,0
48,6.39,14,0,14,0,1,1,0
76,9.16,8,1,3,1,0,2,0
108,4.96,5,1,16,0,0,2,0
46,7.26,0,0,16,1,1,1,0
29,7.75,7,1,17,0,1,1,0
86,5.76,0,0,3,1,1,2,0
12,3.7,4,1,13,0,0,0,0
95,0.89,10,0,23,1,2,2,0
3,7.69,10,0,4,1,0,1,0
31,1.22,7,0,0,0,2,2,0
32,8.53,15,1,4,1,1,2,0
31,2.43,13,0,18,0,2,2,0
83,8.26,3,0,1,1,1,2,0
15,8.79,9,0,22,1,0,2,0
102,0.7,10,1,6,1,1,2,0
35,9.15,2,0,22,1,2,2,0
102,5.68,6,1,7,0,2,2,0
1,6.27,10,1,2,1,2,2,0
74,4.5,7,0,20,1,1,1,0
96,2.39,15,0,11,1,0,2,0
25,3.8,7,1,21,0,2,2,0
34,8.38,7,1,15,0,1,2,0
7,8.55,13,1,13,0,1,2,0
63,2.95,2,1,8,1,0,1,0
105,0.77,3,1,10,0,1,2,0
76,4.1,8,0,11,0,0,1,0
48,6.69,0,0,15,0,0,1,1
67,1.43,13,0,13,0,2,2,0
26,2.63,8,1,14,0,2,2,0
58,5.92,6,0,18,1,2,2,0
11,4.18,12,1,22,0,2,2,0
44,1.73,8,1,8,1,1,1,0
28,8.56,7,1,17,1,0,2,0
125,1.23,8,0,0,1,2,2,0
30,7.89,12,1,23,0,0,1,0
78,9.47,2,1,6,1,1,2,0
91,9.62,7,0,6,1,1,2,0
121,4.5,8,0,7,0,2,2,0
3,6.23,3,1,6,1,0,1,0
47,5.45,12,0,11,1,0,1,0
10,9.24,2,0,7,0,2,2,0
8,7.24,11,1,14,0,0,1,0
68,7.58,2,0,1,1,2,2,0
69,1.0,6,0,8,1,0,1,0
19,0.59,15,1,3,0,0,0,0
70,5.44,14,0,18,1,0,1,0
99,9.83,13,0,5,0,1,2,0
20,9.92,9,0,5,1,0,2,0
67,8.32,6,0,13,0,0,2,0
13,0.35,9,1,16,1,0,0,0
97,2.15,15,0,4,1,1,2,0
43,0.56,4,0,1,1,0,1,0
100,8.93,13,0,2,1,0,2,0
104,9.58,0,0,10,1,1,2,0
80,0.3,3,1,7,0,1,2,0
3,0.26,14,0,19,1,0,0,0
48,7.53,1,1,5,0,0,1,0
27,2.04,12,0,23,1,0,0,0
99,4.96,5,0,0,1,1,2,0
71,7.43,3,1,3,0,2,2,0
17,4.74,0,1,8,1,0,1,0
104,0.54,4,0,9,1,0,2,0
47,3.61,2,1,0,0,1,1,0
46,2.15,8,0,4,0,2,2,0
69,3.05,14,1,5,1,2,2,0
5,2.08,5,1,20,1,1,1,0
24,2.25,4,1,13,0,2,2,0
119,6.03,9,0,21,0,1,2,0
88,8.27,11,1,3,1,0,2,0
33,1.06,3,1,17,0,0,0,0
110,5.4,12,1,23,1,1,2,0
122,5.56,13,0,6,1,1,2,0
15,9.08,8,1,14,1,0,2,0
130,7.49,14,0,18,0,2,2,0
8,4.91,4,0,13,1,0,1,0
12,4.04,6,1,19,0,0,1,0
83,9.8,8,1,16,1,1,2,0
114,9.45,1,0,3,0,2,2,0
105,3.19,13,0,4,0,0,2,0
16,9.98,6,1,21,0,0,2,0
91,9.03,0,0,6,0,0,2,1
5,0.18,12,0,9,1,1,1,0
61,5.94,0,0,16,0,0,1,1
64,1.19,0,0,18,0,1,1,1
38,8.2,4,1,6,1,2,2,0
117,7.4,1,1,0,1,1,2,0
21,9.43,13,1,8,1,0,2,0
10,0.51,8,0,7,1,0,0,0
24,7.23,7,1,2,0,2,2,0
21,3.18,11,1,10,0,2,2,0
79,1.5,0,0,20,1,2,2,0
3,0.68,6,1,7,1,1,1,0
105,0.3,10,1,18,1,1,2,0
69,8.63,13,1,4,0,0,2,0
14,5.51,8,0,4,0,2,2,0
129,1.52,4,0,16,1,2,2,0
73,9.68,4,1,4,0,2,2,0
88,5.01,2,1,8,1,0,2,0
119,2.27,11,0,13,1,0,2,0
56,3.44,14,0,0,1,0,1,0
40,6.2,4,1,3,0,2,2,0
107,9.38,5,1,11,0,1,2,0
101,1.14,1,0,14,0,0,2,0
14,2.65,13,0,1,0,0,0,0
62,5.22,14,0,0,0,2,2,0
44,2.01,4,1,2,1,0,1,0
32,0.29,8,1,0,1,2,2,0
109,4.35,10,0,23,1,1,2,0
97,7.25,9,0,4,1,1,2,0
56,8.52,9,1,0,0,2,2,0
22,3.33,0,1,15,0,2,2,0
79,4.92,4,1,7,1,2,2,0
107,0.83,13,0,5,1,0,2,0
32,8.26,5,1,14,0,2,2,0
100,8.47,12,1,22,1,0,2,0
33,2.76,2,1,13,1,2,2,0
69,7.9,9,1,14,0,2,2,0
40,5.78,6,1,0,0,1,1,0
27,8.06,9,1,9,0,0,2,0
60,3.13,8,0,9,0,1,1,0
107,8.79,12,0,3,0,0,2,0
86,7.91,13,1,19,1,0,2,0
91,2.57,5,0,12,1,1,2,0
22,7.66,3,1,6,0,2,2,0
37,4.64,0,1,7,1,0,1,0
86,6.77,9,0,23,0,2,2,0
70,5.87,13,0,12,1,1,1,0
4,3.47,3,0,1,0,0,0,0
41,8.15,11,1,6,1,0,2,0
47,2.47,0,0,22,1,0,1,0
79,6.11,13,0,7,1,0,1,0
25,7.14,12,0,1,0,0,1,0
15,10.0,6,0,19,1,2,2,0
12,0.8,8,0,0,0,1,1,0
121,8.13,7,0,22,1,2,2,0
25,5.9,14,1,1,0,2,2,0
99,8.84,4,1,21,0,2,2,0
129,2.58,9,1,16,1,1,2,0
2,6.29,2,0,14,1,0,1,0
86,5.3,3,0,15,0,2,2,0
113,5.23,0,1,4,1,2,2,0
14,7.15,14,0,13,0,1,1,0
7,5.53,3,1,4,0,0,1,0
98,2.51,15,0,17,0,1,2,0
86,8.38,1,1,13,0,0,2,0
46,7.98,0,1,11,1,2,2,0
8,0.15,8,1,6,0,0,0,0
101,9.64,5,0,12,0,1,2,0
97,5.51,14,1,12,1,0,2,0
99,8.01,11,0,13,0,0,2,0
93,6.97,4,0,10,0,2,2,0
29,8.39,9,0,12,0,0,2,0
122,9.28,6,0,11,0,2,2,0
66,8.93,5,1,6,0,2,2,0
56,5.78,9,1,16,0,0,1,0
6,0.1,3,1,19,0,0,0,0
80,8.58,1,0,3,1,0,2,0
96,4.76,11,1,22,1,1,2,0
62,2.31,10,0,9,0,0,1,0
0,3.26,3,1,15,1,1,1,0
39,4.91,13,0,10,1,0,1,0
86,3.21,3,0,17,0,1,2,0
126,3.3,3,0,7,1,2,2,0
127,5.07,10,1,8,0,1,2,0
11,7.62,14,0,7,1,0,1,0
39,2.96,9,1,23,1,1,1,0
108,7.73,14,0,1,1,0,2,0
113,1.02,14,0,1,1,0,2,0
92,3.84,8,1,17,0,1,2,0
15,2.17,15,1,9,0,2,2,0
4,7.76,14,1,2,1,2,2,0
83,7.06,5,1,1,0,2,2,0
44,3.32,12,1,4,1,0,1,0
76,9.97,14,1,13,1,0,2,0
2,4.45,12,0,4,1,0,1,0
52,9.43,6,1,15,1,2,2,0
35,3.58,4,0,16,1,2,2,0
129,8.36,1,1,21,0,1,2,0
100,5.91,7,0,1,1,1,2,0
60,2.6,11,0,21,0,1,1,0
51,5.78,2,1,19,1,1,1,0
65,7.77,10,0,21,1,1,1,0
115,0.58,15,1,15,1,1,2,0
65,1.59,2,0,7,1,0,1,0
46,4.77,12,0,14,0,0,1,0
15,7.06,5,0,15,0,0,1,0
19,8.36,11,1,13,0,1,2,0
27,4.23,1,1,5,1,0,1,0
73,2.68,12,0,1,1,0,1,0
26,8.36,0,0,18,0,0,2,1
7,8.98,13,0,3,1,0,2,0
101,2.69,2,0,13,0,0,2,0
115,4.65,0,0,2,1,0,2,0
114,8.87,1,1,21,0,0,2,0
74,5.83,6,0,13,1,0,1,0
64,9.17,12,0,3,1,0,2,0
71,7.83,13,0,17,0,2,2,0
56,9.58,1,1,10,1,0,2,0
40,8.81,10,0,22,0,2,2,0
57,1.27,5,1,5,0,0,1,0
30,8.22,7,1,20,0,1,2,0
109,0.59,13,1,14,1,2,2,0
84,8.24,14,0,17,1,1,2,0
52,5.88,8,1,0,1,2,2,0
0,5.06,13,1,0,1,2,2,0
126,9.94,13,0,5,0,2,2,0
2,6.65,3,0,19,0,0,1,0
47,7.72,11,1,7,0,1,1,0
66,5.42,1,0,5,0,1,1,0
49,2.47,5,0,5,0,1,1,0
17,0.41,11,1,11,0,0,0,0
57,9.89,9,1,22,0,0,2,0
103,5.81,9,0,19,0,0,2,0
49,8.75,9,0,12,0,2,2,0
109,1.32,0,1,18,0,0,2,0
32,8.32,8,1,2,0,2,2,0
14,4.44,10,1,10,0,0,1,0
30,1.43,15,1,6,0,1,1,0
117,3.09,11,1,5,0,0,2,0
98,1.82,8,0,18,0,1,2,0
87,6.22,3,0,5,1,1,2,0
19,7.03,3,1,11,0,2,2,0
102,1.28,13,1,15,1,0,2,0
130,6.3,12,1,12,0,0,2,0
6,8.9,13,0,14,0,0,2,0
1,5.71,5,1,10,0,1,1,0
15,1.91,3,0,11,0,1,1,0
90,0.1,3,1,6,0,0,2,0
26,3.0,1,1,15,1,2,2,0
35,2.61,4,1,22,1,0,1,0
39,9.71,7,1,20,1,2,2,0
28,5.91,0,1,17,1,1,1,0
10,4.31,12,0,6,0,0,1,0
110,3.54,11,0,5,1,1,2,0
74,9.6,8,0,16,1,2,2,0
128,7.86,11,0,23,0,1,2,0
111,7.11,15,0,12,0,0,2,0
130,2.66,15,0,21,0,1,2,0
78,9.24,10,1,2,1,0,2,0
40,1.73,11,0,3,0,1,1,0
103,1.68,9,1,5,1,0,2,0
64,8.81,0,0,5,0,0,2,1
70,0.87,5,0,0,1,1,1,0
43,8.31,14,0,4,1,1,2,0
0,2.62,10,0,18,1,1,1,0
49,1.85,15,1,20,0,0,1,0
59,6.15,1,0,18,0,0,1,0
94,7.63,5,0,5,1,1,2,0
23,0.87,7,1,0,0,1,1,0
5,9.32,4,1,15,0,1,2,0
102,2.81,3,1,1,1,1,2,0
33,3.91,6,1,0,0,2,2,0
83,2.28,5,0,8,1,0,2,0
113,8.26,4,0,21,0,0,2,0
50,7.87,3,0,20,1,1,1,0
23,9.65,9,0,6,0,1,2,0
89,2.76,9,0,23,0,1,2,0
45,4.64,12,1,15,1,0,1,0
108,8.59,6,1,19,1,0,2,0
11,8.19,13,0,15,1,1,2,0
25,5.12,14,0,2,1,2,2,0
48,1.72,5,0,5,1,2,2,0
56,4.45,8,1,2,1,0,1,0
56,2.69,13,1,6,1,2,2,0
65,4.49,0,0,11,1,2,2,0
94,7.45,12,0,13,0,1,2,0
119,1.73,13,1,2,0,0,2,0
86,2.27,10,1,15,1,0,2,0
23,3.91,8,0,10,0,0,0,0
56,4.77,2,1,21,1,0,1,0
78,4.89,13,0,9,0,1,1,0
129,9.56,8,1,6,1,0,2,0
101,7.28,2,1,20,1,1,2,0
65,8.96,14,0,21,1,0,2,0
103,5.53,2,1,21,1,2,2,0
22,5.19,1,0,4,1,1,1,0
42,5.77,3,0,16,1,1,1,0
10,6.98,12,0,9,0,1,1,0
105,7.53,13,0,10,0,0,2,0
63,4.44,13,0,6,0,1,1,0
123,6.45,6,0,12,1,2,2,0
30,5.48,4,0,23,0,1,1,0
105,8.88,15,1,2,0,2,2,0
115,5.08,13,1,6,1,2,2,0
11,3.87,6,1,6,1,2,2,0
43,6.96,15,1,0,1,2,2,0
82,8.48,9,0,4,0,2,2,0
116,0.59,13,0,17,1,2,2,0
113,0.3,12,0,5,0,0,2,0
102,7.63,0,1,6,0,2,2,0
20,6.73,5,1,3,0,1,1,0
82,9.66,6,0,14,0,1,2,0
1,5.34,9,1,5,1,2,2,0
74,1.58,6,0,2,0,1,1,0
77,6.87,0,0,9,1,2,2,0
107,4.5,12,0,2,1,2,2,0
112,1.9,11,1,19,0,1,2,0
59,5.61,8,0,1,0,2,2,0
19,4.66,3,1,15,0,1,1,0
96,9.54,8,0,21,0,1,2,0
13,1.03,8,0,20,0,1,1,0
0,2.0,14,0,3,1,0,0,0
39,4.12,9,0,14,0,0,1,0
7,5.13,1,0,14,0,1,1,0
38,5.29,13,0,20,1,1,1,0
83,7.52,0,0,14,0,2,2,1
129,6.6,10,0,20,1,2,2,0
70,0.89,13,0,13,0,2,2,0
98,8.59,5,1,12,1,0,2,0
3,5.57,4,0,7,0,1,1,0
14,6.36,5,1,6,1,1,1,0
68,2.18,12,0,20,1,1,1,0
124,9.0,2,0,0,1,2,2,0
36,2.98,11,0,13,0,2,2,0
23,9.39,4,0,14,1,0,2,0
2,1.83,8,1,12,0,0,0,0
96,6.49,14,0,4,1,0,2,0
96,3.18,9,0,11,1,0,2,0
108,2.56,2,1,11,1,2,2,0
4,9.71,12,1,16,0,0,2,0
90,8.74,14,1,7,1,1,2,0
102,4.11,6,0,7,1,0,2,0
97,4.03,14,1,9,0,0,2,0
95,5.81,15,0,4,0,1,2,0
47,6.05,12,0,5,1,2,2,0
32,0.11,13,1,2,1,2,2,0
104,1.77,11,1,19,0,2,2,0
63,2.15,15,1,17,1,2,2,0
126,4.51,5,1,13,0,1,2,0
31,2.47,5,0,16,1,2,2,0
63,0.96,6,0,19,0,0,1,0
32,4.02,0,0,2,1,1,1,0
12,6.52,14,1,4,0,1,1,0
58,8.53,9,0,6,1,0,2,0
4,2.04,15,1,4,1,0,0,0
8,5.91,13,1,21,1,1,1,0
40,7.42,4,1,0,1,2,2,0
38,0.56,5,0,10,0,0,1,0
124,9.93,13,0,19,1,2,2,0
102,1.25,1,1,12,0,0,2,0
21,4.74,11,0,20,0,1,1,0
104,4.09,13,1,15,0,2,2,0
74,8.5,0,1,7,1,1,2,0
65,1.21,5,1,7,0,2,2,0
49,4.82,10,1,3,0,0,1,0
127,4.9,6,0,2,1,1,2,0
15,2.26,2,0,1,0,2,2,0
85,8.33,2,0,16,1,0,2,0
53,4.6,6,1,23,0,1,1,0
79,2.75,14,1,17,0,1,1,0
126,4.31,14,1,4,0,1,2,0
16,9.23,0,1,13,1,0,2,0
18,7.86,1,1,2,1,2,2,0
61,9.61,5,1,2,1,1,2,0
98,1.93,8,0,19,0,2,2,0
90,5.09,11,1,17,0,2,2,0
24,3.21,14,1,8,1,2,2,0
93,2.49,3,1,1,1,1,2,0
0,0.51,0,0,0,1,1,1,1
79,1.17,8,0,7,0,0,1,0
20,8.04,0,0,18,1,1,2,0
41,7.67,1,0,16,1,2,2,0
102,6.84,8,0,21,1,2,2,0
3,1.52,10,0,19,1,0,0,0
97,2.82,13,0,6,0,1,2,0
106,1.32,1,0,19,1,1,2,0
67,8.5,1,1,15,0,2,2,0
123,9.92,1,0,1,0,2,2,0
23,5.41,9,0,2,0,0,1,0
37,8.11,12,0,3,1,2,2,0
70,5.54,1,1,5,1,0,1,0
47,6.58,3,1,1,1,1,1,0
40,1.47,10,0,19,1,2,2,0
1,4.76,8,1,22,1,1,1,0
122,7.26,1,0,20,0,0,2,0
113,7.51,9,1,23,0,2,2,0
86,7.29,8,1,15,1,1,2,0
33,8.73,5,0,10,1,0,2,0
93,2.32,0,0,23,1,0,2,0
77,0.16,11,1,17,1,0,1,0
55,9.07,12,0,10,0,1,2,0
60,0.42,12,0,13,0,1,1,0
11,1.29,2,1,8,0,2,2,0
30,0.11,6,0,18,0,0,0,0
15,8.05,7,0,4,1,0,2,0
5,6.08,10,0,22,0,1,1,0
94,5.68,11,0,3,0,1,2,0
10,0.5,13,0,4,1,1,1,0
126,9.34,10,1,8,0,0,2,0
81,2.86,9,1,10,0,2,2,0
23,1.24,0,0,22,1,1,1,0
89,5.29,9,1,10,1,1,2,0
40,8.67,11,0,3,1,2,2,0
126,0.52,13,1,0,0,1,2,0
26,8.11,4,1,17,1,0,2,0
114,0.1,14,0,13,1,0,2,0
33,1.97,2,1,16,1,0,0,0
18,3.74,6,0,2,1,0,0,0
23,4.23,3,1,13,0,1,1,0
112,5.72,11,0,5,1,1,2,0
19,2.09,10,1,14,1,0,0,0
96,9.69,11,0,3,1,2,2,0
119,5.84,10,1,3,0,2,2,0
101,4.35,9,1,18,0,1,2,0
84,3.88,3,0,6,1,2,2,0
126,2.64,14,1,17,0,1,2,0
119,0.49,5,0,23,1,1,2,0
22,5.42,7,0,20,0,2,2,0
47,1.64,11,1,15,0,0,1,0
48,8.5,4,1,6,0,0,2,0
103,2.89,1,0,17,0,1,2,0
61,7.63,12,1,12,0,1,1,0
42,4.39,7,0,7,1,2,2,0
36,0.47,7,0,0,0,1,1,0
0,0.65,6,0,5,1,1,1,0
35,2.12,9,1,21,0,2,2,0
38,8.89,0,1,10,1,0,2,0
84,8.43,10,0,12,0,1,2,0
82,4.36,2,0,17,0,0,2,0
7,0.04,12,1,7,0,2,2,0
39,1.84,13,0,4,1,1,1,0
119,4.67,6,0,13,0,1,2,0
102,9.29,15,0,14,0,0,2,0
92,0.52,12,0,10,1,0,2,0
128,7.96,4,1,2,0,2,2,0
121,7.91,9,0,4,1,1,2,0
4,6.75,13,1,11,0,1,1,0
116,4.2,11,0,13,0,0,2,0
10,2.45,12,0,16,1,2,2,0
103,8.83,8,1,23,0,1,2,0
114,2.67,15,0,3,0,2,2,0
124,7.49,8,0,8,1,0,2,0
80,8.14,0,1,19,0,0,2,0
106,7.75,13,1,6,0,0,2,0
56,9.75,8,1,3,0,0,2,0
40,7.19,2,0,10,1,2,2,0
86,2.28,0,0,22,0,0,2,1
115,4.37,5,0,6,1,1,2,0
76,1.73,5,1,12,1,2,2,0
129,6.96,2,0,4,0,1,2,0
123,0.58,9,0,12,0,1,2,0
19,9.87,6,1,18,1,1,2,0
78,4.68,8,1,0,1,2,2,0
109,6.87,8,1,6,0,0,2,0
113,1.54,12,0,1,0,2,2,0
36,4.17,12,1,4,0,0,1,0
107,3.23,10,1,21,1,1,2,0
84,4.99,12,1,10,1,1,2,0
90,1.0,5,1,15,1,1,2,0
1,0.07,12,1,10,1,2,2,0
33,2.91,1,1,2,1,1,1,0
90,2.55,3,0,5,1,1,2,0
66,0.69,15,1,0,0,0,1,0
51,5.29,13,0,16,0,1,1,0
120,8.67,2,1,0,0,1,2,0
49,0.46,9,1,4,0,2,2,0
105,0.61,1,1,23,0,2,2,0
57,0.3,8,0,6,1,2,2,0
3,5.84,13,0,19,1,2,2,0
124,8.68,15,0,8,1,0,2,0
68,1.1,11,1,19,1,2,2,0
3,2.99,1,1,6,1,1,1,0
125,2.99,0,1,15,0,2,2,0
64,6.77,10,0,4,1,0,1,0
43,7.17,8,1,4,0,0,1,0
23,3.54,4,1,16,1,2,2,0
4,4.69,9,0,1,0,0,1,0
112,6.65,15,1,17,1,1,2,0
92,6.1,3,1,2,1,2,2,0
68,9.93,5,0,0,0,2,2,0
81,7.87,12,1,3,1,0,2,0
62,6.47,7,0,13,0,2,2,0
92,7.23,12,1,5,1,1,2,0
123,2.93,6,0,14,0,2,2,0
0,3.84,5,0,21,0,1,1,0
23,9.82,2,1,17,0,1,2,0
37,8.86,11,1,18,1,1,2,0
5,9.34,4,0,4,1,2,2,0
36,2.2,15,0,14,0,0,1,0
43,2.28,1,0,22,1,1,1,0
69,8.73,14,0,21,1,1,2,0
114,5.81,8,0,20,1,1,2,0
127,3.14,6,0,17,0,1,2,0
53,4.63,2,1,18,0,1,1,0
126,6.03,9,1,16,1,0,2,0
103,8.27,6,1,17,1,1,2,0
52,5.25,4,0,21,1,1,1,0
20,1.51,12,0,5,0,2,2,0
7,6.32,10,0,17,0,0,1,0
99,8.47,3,0,0,1,0,2,0
102,3.88,1,0,1,1,2,2,0
33,2.19,4,0,12,0,0,0,0
70,9.05,13,1,19,1,0,2,0
62,7.14,1,1,15,1,1,1,0
130,6.14,7,0,10,1,2,2,0
114,0.13,15,1,7,0,0,2,0
55,1.0,10,1,20,0,2,2,0
81,4.4,1,1,4,0,2,2,0
122,6.18,7,1,22,1,1,2,0
11,3.11,6,0,2,1,0,0,0
78,8.88,1,0,4,0,2,2,0
82,8.51,6,1,17,1,0,2,0
83,6.28,12,0,23,0,2,2,0
112,8.78,14,1,17,0,0,2,0
59,6.39,9,1,11,1,2,2,0
74,2.63,15,1,0,0,1,1,0
109,9.54,0,0,13,0,0,2,1
81,4.8,15,0,3,1,2,2,0
127,3.66,5,0,21,1,0,2,0
26,5.09,6,0,4,0,1,1,0
94,9.22,9,0,7,0,0,2,0
76,0.9,11,0,17,1,2,2,0
65,5.38,13,1,0,1,0,1,0
76,2.92,12,1,22,1,1,1,0
45,7.27,11,1,17,1,2,2,0
21,9.22,15,1,23,0,1,2,0
16,4.42,10,0,5,0,0,1,0
24,4.04,2,1,3,0,1,1,0
70,6.68,12,0,22,1,2,2,0
52,6.94,14,1,0,0,2,2,0
32,5.36,9,0,6,0,0,1,0
108,9.62,11,0,18,1,2,2,0
47,1.17,6,1,12,1,1,1,0
31,6.0,12,1,13,1,0,1,0
0,1.4,10,1,7,1,0,0,0
8,1.34,4,0,21,0,1,1,1
10,0.72,6,1,13,0,1,1,0
124,3.58,0,0,15,1,2,2,0
18,3.27,9,1,12,0,1,1,0
75,0.27,5,0,7,1,0,1,0
117,3.04,12,1,13,1,0,2,0
96,8.14,3,1,7,1,0,2,0
97,2.18,11,1,19,1,1,2,0
40,6.39,15,1,12,1,0,1,0
76,6.08,0,0,17,1,0,1,0
45,7.43,10,1,2,0,1,1,0
73,9.25,8,1,15,0,0,2,0
58,5.73,9,1,7,0,0,1,0
64,9.25,8,1,23,0,1,2,0
123,2.92,6,0,11,0,0,2,0
66,6.97,14,1,18,1,0,1,0
16,1.34,0,1,0,1,1,1,0
62,4.41,13,1,3,0,0,1,0
95,5.02,1,0,23,1,0,2,0
21,3.12,2,1,2,0,1,1,0
58,4.33,13,0,20,0,0,1,0
124,7.98,2,1,3,0,2,2,0
103,6.31,10,1,9,0,1,2,0
116,8.39,13,0,4,1,2,2,0
50,2.44,2,1,8,0,2,2,0
50,0.12,1,0,5,0,0,1,0
47,9.59,13,1,20,1,2,2,0
4,6.75,4,0,9,0,0,1,0
74,7.88,0,1,13,1,0,1,0
26,3.15,8,1,23,0,0,0,0
24,9.83,12,1,7,0,2,2,0
36,1.29,4,1,1,0,1,1,0
59,8.69,4,0,21,0,0,2,0
95,3.78,0,0,21,0,0,2,1
29,7.58,8,1,6,0,2,2,0
25,1.92,5,1,5,1,0,0,0
54,1.58,8,1,13,1,1,1,0
32,2.17,5,1,9,1,2,2,0
113,4.28,0,0,8,1,1,2,0
49,2.68,1,1,7,1,1,1,0
121,6.25,7,1,21,1,0,2,0
120,8.3,11,1,2,1,2,2,0
45,9.97,12,1,10,0,1,2,0
124,7.64,12,0,11,0,2,2,0
130,0.61,13,1,9,0,1,2,0
121,7.83,11,0,7,1,2,2,0
94,1.59,14,1,12,1,2,2,0
81,6.67,10,0,17,1,0,2,0
86,7.48,4,1,6,1,1,2,0
38,2.98,10,1,2,0,2,2,0
117,8.63,13,0,23,0,1,2,0
69,2.13,9,1,17,1,2,2,0
109,2.46,0,1,3,1,2,2,0
37,2.96,15,0,19,0,1,1,0
24,3.54,7,0,3,1,2,2,0
50,6.95,2,0,7,0,1,1,0
53,4.74,12,0,15,0,0,1,0
24,2.74,13,1,17,0,2,2,0
35,3.87,8,0,3,0,0,1,0
73,3.98,6,1,14,1,0,1,0
82,6.42,4,0,12,1,1,2,0
103,2.05,6,0,14,0,2,2,0
76,0.11,12,1,16,0,2,2,0
28,1.82,13,1,22,1,2,2,0
117,0.88,13,1,21,0,1,2,0
57,2.18,7,0,1,0,1,1,0
27,1.7,0,0,12,0,2,2,1
69,7.31,1,0,6,0,0,1,0
69,9.72,6,1,21,1,1,2,0
52,9.57,8,0,9,0,2,2,0
67,0.89,1,0,13,1,2,2,0
55,0.38,8,0,3,1,0,1,0
72,5.78,2,0,1,1,2,2,0
41,8.94,1,0,16,1,1,2,0
30,4.04,1,0,19,0,0,1,0
74,1.44,6,1,16,1,1,1,0
66,8.88,1,0,10,0,0,2,0
108,0.61,15,0,15,0,0,2,0
97,0.59,10,1,3,0,1,2,0
29,2.03,4,0,18,1,0,0,0
34,3.03,14,0,5,0,1,1,0
23,1.19,14,1,10,0,1,1,0
19,7.73,6,1,15,1,1,1,0
97,2.95,13,0,19,0,0,2,0
20,0.38,15,1,19,0,2,2,0
97,1.22,9,0,7,0,0,2,0
89,2.84,1,0,22,0,0,2,0
85,2.18,1,1,19,1,2,2,0
47,3.89,13,1,11,1,0,1,0
82,1.76,15,1,2,0,0,2,0
93,2.83,2,1,18,1,2,2,0
91,4.26,9,0,1,0,1,2,0
27,5.91,10,1,14,1,2,2,0
102,2.08,11,1,4,0,1,2,0
22,4.56,12,1,4,1,1,1,0
93,0.26,12,0,15,0,2,2,0
10,0.83,8,0,7,0,1,1,0
130,6.48,13,0,8,0,2,2,0
113,7.78,3,0,0,1,1,2,0
15,6.72,3,1,4,0,0,1,0
120,4.08,6,0,3,1,2,2,0
41,1.4,4,0,5,0,2,2,0
39,2.84,8,1,10,0,2,2,0
49,3.58,9,0,0,1,0,1,0
9,7.26,8,1,19,0,0,1,0
95,8.9,3,0,7,1,2,2,0
7,8.26,10,0,10,1,0,2,0
42,7.66,4,0,13,1,0,1,0
92,9.57,1,1,16,0,0,2,0
32,9.27,0,0,0,1,0,2,0
73,9.1,10,0,9,0,2,2,0
85,8.72,4,0,20,1,1,2,0
120,5.56,14,1,23,0,2,2,0
9,1.75,7,0,12,0,1,1,1
127,9.81,0,0,14,0,2,2,1
37,0.97,14,1,7,1,2,2,0
3,3.19,10,1,11,1,1,1,0
78,6.98,0,1,5,0,1,1,0
110,5.66,1,1,11,0,2,2,0
109,0.15,2,0,12,1,1,2,0
117,2.41,14,1,11,1,0,2,0
21,3.99,4,1,13,0,0,0,0
107,6.64,2,1,18,0,0,2,0
91,2.2,0,1,6,1,2,2,0
102,6.16,5,1,9,1,1,2,0
117,7.74,15,0,10,0,2,2,0
72,6.75,7,0,8,0,0,1,0
77,5.12,1,1,2,1,2,2,0
32,3.08,10,1,7,1,2,2,0
27,3.28,10,1,14,1,2,2,0
7,3.84,15,1,0,0,1,1,0
42,3.69,1,0,6,0,2,2,0
36,6.21,10,1,11,0,0,1,0
21,3.22,4,1,7,0,1,1,0
5,9.12,4,1,12,0,2,2,0
23,4.43,3,1,9,0,2,2,0
35,8.29,0,1,2,1,1,2,0
45,9.05,11,0,18,0,1,2,0
97,6.04,15,0,12,0,0,2,0
90,7.52,6,0,7,0,2,2,0
11,3.02,11,0,5,0,0,0,0
107,0.95,1,0,18,0,2,2,0
62,2.12,7,1,19,1,0,1,0
15,0.02,0,0,22,1,1,1,0
25,3.77,5,1,12,1,2,2,0
126,0.64,11,1,19,1,0,2,0
115,5.79,4,0,0,1,1,2,0
55,1.37,7,0,12,1,1,1,0
19,2.85,12,1,14,1,0,0,0
113,0.13,3,1,11,0,2,2,0
26,9.2,14,1,13,1,2,2,0
109,3.4,11,0,21,1,2,2,0
107,0.67,0,0,17,0,2,2,1
82,4.77,1,1,21,0,2,2,0
15,1.56,7,0,21,0,1,1,0
122,6.26,14,0,12,1,2,2,0
109,2.04,7,0,4,0,2,2,0
124,1.23,11,0,2,0,1,2,0
72,6.47,11,1,7,1,0,1,0
21,2.86,4,1,6,0,0,0,0
7,9.39,7,1,10,0,2,2,0
38,8.74,2,0,4,1,1,2,0
88,5.99,12,1,19,0,0,2,0
122,7.55,8,0,15,0,2,2,0
127,4.13,2,1,6,0,0,2,0
24,0.98,8,0,12,1,0,0,0
109,3.93,5,1,14,0,1,2,0
16,8.05,15,0,8,1,1,2,0
56,9.62,7,1,11,1,1,2,0
98,6.14,13,1,16,1,2,2,0
75,5.89,5,0,8,1,2,2,0
94,8.3,0,1,13,0,1,2,0
1,9.59,4,1,10,1,2,2,0
85,8.59,4,0,13,0,1,2,0
106,7.11,5,0,23,1,2,2,0
5,6.14,6,1,21,1,0,1,0
18,1.31,3,1,13,1,0,0,0
47,1.47,6,1,15,1,2,2,0
1,2.87,11,1,23,1,0,0,0
95,1.16,9,0,14,0,0,2,0
58,6.5,4,0,9,1,2,2,0
36,7.74,6,1,20,0,2,2,0
14,9.26,8,1,2,1,1,2,0
102,7.66,14,0,12,0,1,2,0
56,6.71,13,0,0,0,0,1,0
35,8.83,4,0,1,1,2,2,0
68,1.27,8,0,6,0,1,1,0
115,6.76,12,0,16,0,2,2,0
103,4.99,2,0,12,0,1,2,0
64,6.07,9,1,19,0,0,1,0
94,9.17,8,0,3,0,0,2,0
66,6.22,2,0,11,0,2,2,0
0,0.77,10,1,12,0,1,1,0
88,7.87,1,0,6,0,1,2,0
65,6.38,1,1,1,1,0,1,0
16,3.49,12,1,2,0,1,1,0
48,5.22,3,1,16,0,1,1,0
79,4.58,11,0,6,0,2,2,0
3,1.03,12,1,12,1,1,1,0
28,4.87,14,1,1,0,2,2,0
9,1.55,14,0,12,0,1,1,1
26,4.36,3,1,16,1,1,1,0
108,1.13,15,1,14,1,2,2,0
51,6.64,5,1,2,1,0,1,0
82,8.65,10,0,11,0,1,2,0
91,6.44,2,1,13,1,1,2,0
38,5.45,7,1,7,0,2,2,0
130,1.63,5,1,12,0,0,2,0
119,9.05,15,1,17,0,0,2,0
84,5.39,8,1,13,1,2,2,0
53,0.04,6,0,4,1,0,1,0
40,9.01,14,0,15,1,1,2,0
56,2.55,2,1,23,0,0,1,0
81,1.26,11,1,13,0,0,2,0
1,8.04,14,0,0,1,0,2,0
2,6.39,7,0,15,1,1,1,0
116,9.2,3,0,16,1,0,2,0
81,1.28,15,1,6,0,2,2,0
15,0.09,2,0,2,0,0,0,0
71,1.41,9,1,15,0,2,2,0
13,3.49,15,1,15,0,2,2,0
109,9.35,15,0,12,1,2,2,0
111,3.5,12,1,14,1,1,2,0
10,6.07,12,0,6,1,1,1,0
4,0.17,11,0,5,1,0,0,0
97,6.82,11,0,14,0,2,2,0
46,1.27,2,0,8,0,2,2,0
3,4.59,11,1,15,0,1,1,0
12,7.62,10,1,20,0,0,1,0
84,0.37,3,0,2,1,2,2,0
38,4.19,0,0,4,1,1,1,0
53,6.69,14,1,19,1,2,2,0
52,2.21,9,0,11,1,0,1,0
47,1.08,12,1,18,0,1,1,0
98,2.42,13,1,9,0,0,2,0
5,8.77,2,1,22,0,2,2,0
104,4.23,4,0,9,1,2,2,0
85,2.64,5,1,21,0,1,2,0
0,0.39,1,0,0,1,2,2,0
12,0.86,12,0,10,0,2,2,0
6,5.59,10,1,6,0,1,1,0
29,4.01,6,0,20,0,0,1,0
81,8.99,6,1,19,0,0,2,0
22,9.07,1,0,18,0,2,2,0
60,0.66,14,0,23,0,1,1,0
11,1.73,7,1,22,1,0,0,0
85,5.44,5,0,19,0,0,2,0
67,7.06,14,1,13,0,0,1,0
106,3.94,0,0,4,0,2,2,1
109,5.2,11,1,14,1,1,2,0
0,8.72,7,0,2,0,1,2,0
54,6.74,7,0,19,1,1,1,0
51,6.05,9,0,3,0,2,2,0
78,1.4,13,0,15,1,2,2,0
91,6.48,3,1,15,1,1,2,0
25,5.09,15,1,4,0,1,1,0
60,4.32,11,0,2,1,2,2,0
41,4.6,12,0,18,0,0,1,0
108,4.32,14,0,18,0,1,2,0
101,0.86,12,1,5,0,2,2,0
0,4.64,7,1,18,0,0,1,0
82,3.41,15,1,14,0,1,2,0
82,9.75,15,1,9,0,2,2,0
48,9.12,11,0,10,0,0,2,0
74,1.25,14,0,12,1,1,1,0
48,5.72,4,1,12,1,0,1,0
112,0.8,3,1,16,1,0,2,0
14,8.73,11,0,0,0,1,2,0
69,5.94,5,1,17,1,1,1,0
118,9.92,7,0,4,0,0,2,0
31,1.02,4,1,20,0,0,0,0
129,3.91,1,1,8,0,2,2,0
5,4.02,11,0,5,0,0,1,0
48,4.08,6,0,20,0,1,1,0
43,8.86,0,1,20,0,0,2,0
34,8.12,5,1,20,1,0,2,0
66,7.02,14,1,7,1,2,2,0
73,9.94,10,1,22,0,2,2,0
70,3.05,11,1,21,1,1,1,0
12,7.2,15,0,11,1,1,1,0
95,2.19,10,0,8,1,2,2,0
109,8.96,13,1,16,0,2,2,0
68,5.07,9,0,21,1,2,2,0
109,6.3,13,1,6,1,1,2,0
76,5.18,7,0,0,1,1,1,0
93,5.25,0,1,7,0,2,2,0
104,7.71,6,1,9,0,2,2,0
110,9.97,10,0,11,0,2,2,0
78,3.19,1,1,23,0,2,2,0
44,5.32,12,1,5,0,0,1,0
117,1.97,5,0,18,0,2,2,0
119,4.47,15,0,18,1,1,2,0
88,6.67,0,0,17,0,0,2,1
107,1.38,11,0,11,0,2,2,0
33,6.89,0,1,10,0,2,2,0
47,9.59,3,1,6,1,0,2,0
16,1.39,14,1,21,0,0,0,0
125,6.2,10,0,2,0,0,2,0
36,2.39,11,0,8,0,1,1,0
91,1.85,14,1,4,1,2,2,0
97,9.06,11,0,22,0,2,2,0
93,4.96,6,1,11,1,1,2,0
20,2.6,13,0,19,0,2,2,0
59,3.24,2,1,21,1,1,1,0
91,3.13,7,1,22,0,1,2,0
34,4.74,3,1,14,0,0,1,0
113,2.5,3,0,2,1,1,2,0
95,9.63,5,1,8,0,0,2,0
108,0.29,8,0,16,1,1,2,0
40,0.14,1,1,18,0,0,1,0
110,2.4,7,1,2,1,2,2,0
126,9.41,9,1,1,1,2,2,0
36,9.18,4,1,14,0,2,2,0
25,9.48,6,1,7,0,1,2,0
128,3.44,2,1,20,0,0,2,0
37,3.69,7,1,9,1,0,1,0
37,5.53,7,0,7,1,0,1,0
120,3.62,11,1,12,1,0,2,0
16,1.1,10,1,18,0,2,2,0
73,6.29,6,0,16,0,2,2,0
76,2.49,11,0,2,0,2,2,0
40,6.64,15,1,3,0,1,1,0
4,4.08,3,1,19,0,1,1,0
86,8.09,14,0,5,0,1,2,0
36,6.85,2,0,23,1,0,1,0
39,1.57,7,1,18,0,1,1,0
113,2.18,14,1,15,0,0,2,0
91,1.37,14,1,0,1,2,2,0
74,3.46,2,1,6,0,1,1,0
70,3.18,0,0,0,0,2,2,1
96,7.42,7,1,17,0,0,2,0
79,6.38,1,0,19,1,2,2,0
102,4.53,12,0,7,0,1,2,0
2,6.05,6,1,13,1,2,2,0
89,2.98,2,0,7,1,2,2,0
129,0.96,2,0,17,0,1,2,0
44,0.72,10,0,7,0,1,1,0
96,0.6,9,0,4,0,0,2,0
60,5.35,5,1,7,0,0,1,0
50,6.85,2,1,16,0,2,2,0
105,2.22,0,0,17,0,2,2,1
122,9.9,12,0,14,1,2,2,0
124,4.28,5,0,1,0,1,2,0
33,0.81,3,0,15,0,1,1,0
29,4.34,8,1,0,1,0,1,0
46,2.17,0,1,2,0,2,2,0
20,6.22,9,1,8,1,1,1,0
120,1.42,12,1,10,1,0,2,0
47,4.54,15,0,7,1,1,1,0
29,6.88,13,0,13,0,2,2,0
90,4.01,4,1,12,1,2,2,0
56,9.4,11,1,15,0,1,2,0
25,1.96,15,1,1,0,2,2,0
35,2.17,9,1,2,1,1,1,0
100,8.86,5,1,13,0,2,2,0
55,0.01,3,0,14,1,0,1,0
76,1.74,3,1,5,1,2,2,0
58,1.13,12,1,6,1,1,1,0
122,0.27,8,1,10,1,2,2,0
99,5.93,15,0,6,1,2,2,0
59,0.03,8,0,15,0,1,1,0
58,6.9,2,1,18,0,2,2,0
37,7.79,3,0,15,0,1,1,0
84,5.98,8,0,1,1,0,2,0
96,7.43,4,0,2,1,0,2,0
32,5.14,8,1,3,0,0,1,0
22,5.36,14,1,20,0,1,1,0
85,6.77,8,1,9,1,2,2,0
14,3.16,4,0,15,0,0,0,0
71,5.46,13,1,13,1,2,2,0
24,5.53,3,0,13,0,1,1,0
54,6.32,10,1,7,0,1,1,0
51,8.29,5,1,11,1,1,2,0
45,7.45,13,0,13,1,2,2,0
105,2.18,2,0,18,0,2,2,0
13,3.92,5,0,3,0,2,2,0
3,5.0,13,1,11,0,2,2,0
43,1.15,7,0,13,0,0,1,0
19,4.7,10,1,18,0,0,1,0
79,6.89,1,0,15,0,2,2,0
91,7.5,11,1,16,0,1,2,0
107,9.04,7,0,4,1,1,2,0
55,6.04,4,0,10,1,0,1,0
112,8.09,2,0,10,0,2,2,0
65,8.32,13,0,3,0,2,2,0
48,4.06,1,0,22,1,0,1,0
66,3.58,3,0,23,1,1,1,0
59,0.94,12,0,1,0,0,1,0
120,5.98,10,0,20,1,2,2,0
78,3.62,14,0,20,1,2,2,0
8,5.62,5,0,14,1,2,2,0
48,3.29,2,1,12,0,0,1,0
52,2.16,15,0,13,1,0,1,0
122,6.92,3,1,21,0,2,2,0
75,9.75,5,1,4,0,2,2,0
43,7.35,8,0,22,0,0,1,0
105,6.74,7,0,23,0,1,2,0
80,3.09,0,0,17,0,2,2,1
79,2.9,5,1,17,1,0,1,0
7,1.57,8,0,11,0,2,2,1
78,4.39,11,0,3,1,2,2,0
16,9.8,13,1,0,1,0,2,0
79,4.95,6,0,6,1,0,1,0
81,3.11,4,1,10,0,2,2,0
14,5.09,5,1,2,0,0,1,0
51,3.18,10,1,5,0,0,1,0
44,2.42,12,1,13,1,2,2,0
44,7.75,11,0,7,1,0,1,0
64,0.93,2,0,19,0,2,2,0
59,7.83,9,0,8,0,1,1,0
0,3.79,5,0,8,1,0,0,0
51,8.06,7,0,8,0,1,2,0
94,1.03,12,1,19,1,2,2,0
9,5.08,11,1,5,1,0,1,0
45,3.84,4,1,10,0,1,1,0
68,2.04,0,1,5,1,2,2,0
69,8.79,15,0,7,1,2,2,0
108,2.83,6,1,19,0,1,2,0
103,3.28,8,1,3,0,0,2,0
9,7.62,10,1,4,1,0,1,0
70,9.86,12,1,16,1,1,2,0
115,5.89,8,1,0,1,2,2,0
27,4.58,0,1,18,0,0,1,0
66,6.21,2,0,0,0,2,2,0
66,7.96,14,0,10,1,1,1,0
91,4.19,10,0,20,1,0,2,0
129,4.22,0,0,12,1,2,2,0
74,2.61,5,0,9,0,1,1,0
111,5.75,10,0,8,1,0,2,0
85,7.82,13,0,15,1,1,2,0
11,1.36,8,0,17,1,0,0,0
120,8.31,5,1,14,0,1,2,0
8,8.44,10,0,21,0,2,2,0
82,8.71,15,1,23,0,1,2,0
77,5.14,2,1,7,1,2,2,0
62,7.59,13,0,21,1,0,1,0
82,5.12,7,0,23,0,0,2,0
20,8.5,4,1,17,1,2,2,0
85,0.84,6,0,9,1,0,2,0
125,4.6,12,1,1,0,1,2,0
83,4.15,1,0,23,1,0,2,0
64,3.04,9,0,20,1,1,1,0
130,7.81,12,0,7,0,2,2,0
18,6.74,4,0,7,1,1,1,0
107,0.89,1,1,7,0,1,2,0
77,2.8,11,1,14,1,0,1,0
105,8.9,12,0,12,1,2,2,0
80,6.97,15,1,8,1,1,2,0
69,6.84,7,1,16,1,0,1,0
90,8.48,14,1,8,0,0,2,0
121,3.89,13,1,9,0,1,2,0
38,0.23,15,1,14,1,0,1,0
78,5.97,11,0,9,0,0,1,0
81,7.54,6,0,1,0,0,2,0
11,5.71,8,0,13,1,1,1,0
91,7.26,4,0,23,1,2,2,0
67,3.43,10,1,11,0,1,1,0
46,9.14,4,1,13,0,2,2,0
3,8.62,1,1,14,0,2,2,0
20,0.7,7,1,18,1,1,1,0
19,0.79,12,1,2,0,2,2,0
26,6.83,10,0,23,1,1,1,0
102,4.26,9,1,15,1,1,2,0
23,5.11,13,1,21,0,1,1,0
118,7.33,13,1,21,1,2,2,0
37,7.08,0,1,22,0,1,1,0
103,3.43,11,0,16,0,1,2,0
42,7.01,7,0,23,0,2,2,0
47,4.96,9,0,10,1,1,1,0
61,6.23,13,0,4,0,1,1,0
14,3.55,6,0,17,1,1,1,0
8,3.08,9,1,7,0,2,2,0
23,2.53,10,0,8,1,1,1,0
77,8.28,0,0,10,1,1,2,0
26,0.17,5,0,16,1,2,2,0
57,8.38,2,1,13,1,1,2,0
122,3.02,6,0,6,1,0,2,0
129,6.74,0,0,11,1,0,2,0
68,9.01,13,1,17,0,1,2,0
53,9.51,11,0,22,0,1,2,0
83,3.44,1,1,22,0,0,2,0
96,3.3,3,1,14,1,2,2,0
45,2.15,6,0,18,0,1,1,0
23,5.48,1,0,6,0,1,1,0
98,1.89,4,0,9,0,0,2,0
94,5.74,7,0,18,0,0,2,0
16,5.15,4,1,6,1,0,1,0
22,2.96,12,0,6,0,0,0,0
85,8.83,11,1,6,0,0,2,0
82,2.23,6,0,9,1,0,2,0
115,4.41,2,0,1,1,1,2,0
77,6.64,10,1,14,1,2,2,0
110,2.37,9,1,9,0,2,2,0
47,5.98,3,0,13,1,1,1,0
39,0.55,9,0,19,0,0,1,0
107,9.72,12,1,22,0,0,2,0
15,8.95,4,0,21,1,0,2,0
31,4.04,4,1,16,0,0,1,0
21,6.33,15,1,20,1,0,1,0
97,8.36,12,0,0,0,2,2,0
69,4.97,2,0,0,1,2,2,0
58,1.39,11,1,4,0,2,2,0
116,0.49,6,0,4,0,0,2,0
118,9.13,8,1,19,1,2,2,0
32,2.54,6,1,3,0,2,2,0
89,0.88,10,0,22,0,1,2,0
5,7.06,4,1,0,1,0,1,0
73,5.52,5,0,8,0,1,1,0
91,8.47,15,1,14,1,2,2,0
87,0.42,0,1,2,1,1,2,0
100,9.63,8,0,1,0,1,2,0
84,6.27,11,1,4,0,2,2,0
125,5.31,14,1,11,1,2,2,0
60,0.74,12,0,13,0,0,1,0
5,8.85,3,0,17,1,0,2,0
71,4.82,8,1,2,0,0,1,0
130,0.17,10,0,23,1,2,2,0
82,7.3,5,1,9,0,2,2,0
31,2.6,1,1,7,1,1,1,0
32,5.61,11,0,23,1,1,1,0
55,6.4,10,0,4,1,1,1,0
2,8.08,8,1,20,1,1,2,0
97,6.89,4,0,11,0,0,2,0
42,7.17,0,0,16,0,0,1,1
62,3.74,1,1,16,1,1,1,0
76,6.82,13,1,13,1,2,2,0
4,6.11,12,1,10,0,1,1,0
68,7.34,10,1,10,0,0,1,0
59,3.57,6,0,15,1,1,1,0
84,6.0,5,1,8,1,1,2,0
22,9.67,2,1,16,1,2,2,0
40,4.29,10,0,23,0,2,2,0
126,4.24,10,0,8,1,1,2,0
81,0.72,11,1,9,0,2,2,0
103,4.41,13,0,23,0,0,2,0
52,3.51,5,0,3,1,0,1,0
9,0.86,10,1,20,0,0,0,0
71,1.45,8,0,9,0,1,1,0
97,4.1,1,1,13,0,0,2,0
129,9.71,8,0,6,0,1,2,0
1,0.72,10,0,14,0,1,1,1
102,4.0,15,0,11,1,1,2,0
69,4.17,0,1,7,0,1,1,0
10,6.15,13,1,8,1,2,2,0
35,4.96,1,1,23,0,1,1,0
76,6.24,2,0,19,0,2,2,0
89,4.09,4,1,23,0,0,2,0
21,8.79,11,1,23,0,2,2,0
62,8.61,15,1,10,1,2,2,0
35,0.89,5,1,5,1,1,1,0
55,9.42,11,1,15,1,1,2,0
101,0.03,0,1,10,0,2,2,0
25,6.07,2,1,15,1,1,1,0
17,1.53,8,1,3,1,2,2,0
42,3.39,3,1,8,0,2,2,0
62,5.17,10,1,8,1,1,1,0
111,3.51,10,0,15,0,1,2,0
83,3.03,8,0,20,1,0,2,0
110,5.37,15,0,10,1,2,2,0
44,9.51,0,1,19,0,1,2,0
103,9.47,7,1,3,1,0,2,0
92,5.94,14,0,1,0,0,2,0
31,9.5,8,1,14,0,1,2,0
67,2.4,2,1,22,1,0,1,0
44,3.52,11,1,16,1,1,1,0
65,1.04,10,1,20,1,1,1,0
24,3.94,10,1,14,0,2,2,0
80,1.52,4,1,11,1,2,2,0
4,8.34,11,1,23,1,1,2,0
92,9.28,3,1,12,0,0,2,0
67,6.28,3,0,13,0,0,1,0
54,7.42,9,1,0,1,0,1,0
119,1.02,12,1,20,0,1,2,0
126,6.69,15,0,9,0,2,2,0
89,7.14,10,0,16,0,1,2,0
72,3.73,12,0,3,1,0,1,0
48,6.08,12,0,0,0,1,1,0
89,6.16,0,0,3,1,2,2,0
9,9.4,14,1,18,0,1,2,0
110,7.01,5,1,10,0,1,2,0
39,1.1,11,0,21,1,1,1,0
102,6.77,11,0,13,1,0,2,0
94,8.79,11,1,1,1,0,2,0
116,1.28,6,1,2,0,0,2,0
88,8.2,6,0,2,1,0,2,0
12,6.04,9,0,15,1,2,2,0
58,4.32,7,1,15,1,1,1,0
16,9.51,8,0,6,0,2,2,0
13,9.14,7,1,20,1,1,2,0
39,3.9,0,0,10,0,2,2,1
106,2.37,15,1,22,0,0,2,0
129,8.64,12,1,18,0,0,2,0
32,6.72,6,0,2,1,2,2,0
42,3.22,5,1,2,0,2,2,0
125,7.9,4,1,19,1,1,2,0
81,4.52,8,1,12,1,2,2,0
54,1.81,10,1,9,0,0,1,0
24,7.97,10,0,6,1,1,1,0
48,5.11,0,1,4,0,0,1,0
25,6.9,6,1,23,1,2,2,0
77,7.8,8,1,2,1,1,1,0
34,1.66,2,1,21,0,0,0,0
62,3.24,1,0,3,0,1,1,0
43,5.42,12,0,6,0,2,2,0
123,8.78,12,1,14,1,0,2,0
2,9.91,15,1,3,0,1,2,0
96,1.44,11,0,15,1,2,2,0
123,6.89,2,1,5,0,1,2,0
37,0.42,12,0,21,1,0,1,0
128,3.9,7,0,7,0,1,2,0
76,6.54,12,1,19,1,1,1,0
76,1.09,2,1,1,1,2,2,0
59,6.09,0,1,8,0,2,2,0
124,6.45,7,1,4,1,2,2,0
29,7.05,14,0,3,0,2,2,0
95,5.59,3,0,12,0,2,2,0
100,4.65,0,1,8,0,0,2,0
85,9.22,2,0,20,1,2,2,0
35,7.81,10,0,12,0,0,1,0
44,1.13,0,1,11,1,2,2,0
2,1.42,7,0,11,0,2,2,1
76,1.92,2,0,13,1,1,1,0
61,8.85,10,0,15,1,1,2,0
64,3.77,6,1,3,0,0,1,0
20,3.04,2,0,17,0,0,0,0
22,5.71,11,1,18,0,0,1,0
86,8.08,14,0,15,1,0,2,0
124,6.99,6,0,11,1,2,2,0
115,9.08,9,0,4,1,2,2,0
97,0.05,2,1,8,0,2,2,0
82,2.09,14,1,17,1,0,2,0
116,7.64,12,1,14,1,0,2,0
2,3.88,7,1,10,1,2,2,0
59,8.43,15,0,1,0,0,2,0
45,2.64,13,1,10,1,1,1,0
87,1.16,0,1,17,1,2,2,0
11,5.87,14,0,3,0,1,1,0
99,0.2,10,1,5,1,0,2,0
116,5.94,11,1,15,1,0,2,0
26,1.08,15,1,12,1,1,1,0
92,2.9,11,1,10,1,0,2,0
116,1.52,12,0,9,1,1,2,0
6,7.58,0,1,21,1,2,2,0
89,7.42,0,1,12,0,2,2,0
104,0.68,4,1,17,1,0,2,0
113,8.83,14,1,19,1,1,2,0
10,7.57,6,1,4,1,0,1,0
127,4.68,5,1,2,0,0,2,0
112,7.59,11,0,4,1,0,2,0
47,6.61,1,1,17,0,1,1,0
51,1.64,6,0,1,0,0,1,0
58,2.52,12,0,12,0,1,1,0
66,7.08,0,1,19,1,2,2,0
33,1.91,14,1,10,0,2,2,0
78,0.9,10,0,15,0,0,1,0
97,8.61,8,1,16,1,1,2,0
122,7.8,10,0,3,0,2,2,0
2,2.56,11,1,9,0,2,2,0
1,3.24,14,1,9,0,1,1,0
85,8.01,15,1,17,1,2,2,0
101,0.27,5,0,7,0,0,2,0
31,2.49,2,1,1,0,2,2,0
83,5.6,13,0,18,0,2,2,0
120,5.66,15,0,16,1,0,2,0
19,2.52,5,1,18,1,1,1,0
44,5.76,3,1,21,1,1,1,0
76,1.15,0,0,6,0,2,2,1
129,0.07,0,0,10,0,2,2,1
10,1.79,15,1,10,0,0,0,0
5,1.47,5,0,2,1,1,1,0
76,3.67,8,0,12,1,2,2,0
127,6.2,2,0,8,1,1,2,0
33,8.74,10,0,3,1,0,2,0
103,6.81,14,1,8,0,0,2,0
58,8.68,12,0,15,1,1,2,0
48,2.02,11,1,4,0,2,2,0
55,3.98,0,1,1,0,1,1,0
85,4.45,4,0,4,1,1,2,0
19,2.68,10,0,19,1,0,0,0
24,3.65,3,1,15,1,2,2,0
33,0.28,4,1,2,0,0,0,0
30,8.48,4,1,4,0,0,2,0
38,9.7,14,0,8,0,1,2,0
87,5.06,3,1,17,1,1,2,0
31,0.77,6,1,2,1,2,2,0
42,9.74,14,1,14,1,2,2,0
28,9.95,9,0,9,1,0,2,0
105,1.58,4,1,19,0,2,2,0
60,6.93,5,1,20,1,2,2,0
115,2.36,13,1,15,0,1,2,0
76,1.91,9,0,20,1,1,1,0
118,5.19,5,1,11,1,0,2,0
86,9.04,9,0,16,0,0,2,0
12,7.63,7,1,17,0,2,2,0
75,1.25,15,1,1,0,2,2,0
12,5.68,0,0,13,1,1,1,0
58,4.78,4,1,5,1,1,1,0
35,1.26,8,0,1,0,1,1,0
59,0.53,2,1,20,0,0,1,0
85,1.48,7,0,22,0,1,2,0
47,8.2,12,1,2,1,1,2,0
84,4.21,0,0,20,0,2,2,1
68,1.26,7,0,10,1,1,1,0
78,1.64,7,1,19,1,2,2,0
106,9.12,15,1,2,1,0,2,0
5,7.9,5,1,5,1,1,1,0
60,4.03,0,0,23,0,0,1,1
4,5.75,1,1,9,1,1,1,0
17,8.65,9,1,4,1,2,2,0
125,2.49,10,1,8,0,2,2,0
72,1.76,7,0,12,1,2,2,0
36,7.24,1,1,14,1,1,1,0
57,6.22,9,0,21,1,2,2,0
4,2.77,6,0,22,1,0,0,0
120,5.58,7,1,14,0,0,2,0
130,0.99,7,0,0,1,0,2,0
70,3.4,6,0,5,0,1,1,0
79,1.01,5,0,9,1,1,1,0
5,6.34,11,0,22,1,0,1,0
14,2.42,11,0,10,0,1,1,0
12,1.26,4,1,3,0,1,1,0
22,3.66,11,1,17,1,0,0,0
68,6.34,1,1,4,0,2,2,0
76,9.46,12,1,2,0,2,2,0
40,3.71,11,0,4,1,0,1,0
130,8.01,1,1,16,0,2,2,0
23,8.44,11,0,11,0,2,2,0
79,6.11,8,0,19,1,0,1,0
85,6.92,10,1,15,0,1,2,0
110,7.98,5,0,8,1,0,2,0
4,8.4,13,0,23,1,0,2,0
19,6.71,11,1,7,1,0,1,0
2,8.74,0,1,13,0,1,2,0
10,2.89,1,1,19,1,2,2,0
91,6.68,13,1,14,0,1,2,0
48,6.86,13,0,16,0,2,2,0
9,1.09,2,1,13,0,0,0,0
55,6.0,15,0,17,0,0,1,0
71,7.99,12,0,12,0,2,2,0
29,4.08,15,1,2,1,1,1,0
11,9.93,1,1,10,1,2,2,0
41,3.8,5,0,0,1,0,1,0
124,1.57,0,0,21,1,1,2,0
39,6.32,14,0,11,1,1,1,0
4,4.66,7,0,17,0,0,1,0
102,6.04,11,0,20,1,1,2,0
72,6.08,6,1,14,0,1,1,0
99,4.81,1,1,12,1,1,2,0
95,0.68,10,1,3,0,1,2,0
77,3.54,1,1,21,1,1,1,0
53,9.97,7,0,16,0,2,2,0
112,2.1,4,0,23,0,0,2,0
89,5.29,11,1,10,0,0,2,0
120,7.04,15,0,0,0,0,2,0
96,4.95,15,0,18,0,1,2,0
27,3.71,15,0,0,0,0,0,0
67,6.65,4,1,9,1,1,1,0
6,6.58,10,1,18,0,2,2,0
9,6.66,6,1,12,1,0,1,0
130,4.78,9,1,3,1,0,2,0
3,2.02,9,0,16,0,2,2,0
15,0.27,2,1,7,1,0,0,0
78,6.18,7,0,15,1,0,1,0
112,9.92,13,1,8,1,1,2,0
39,5.12,15,0,11,0,2,2,0
96,1.57,10,0,14,1,2,2,0
103,0.56,5,0,7,0,0,2,0
57,8.97,9,0,11,1,2,2,0
119,4.52,3,0,11,0,2,2,0
94,5.19,1,1,3,0,2,2,0
3,3.37,13,1,13,0,2,2,0
29,8.5,6,0,15,1,1,2,0
124,6.35,1,1,6,1,0,2,0
83,1.41,12,1,17,1,1,2,0
77,1.55,4,0,8,0,1,1,0
100,1.91,2,0,14,0,1,2,0
19,3.0,1,0,2,0,2,2,0
8,6.95,12,1,20,0,1,1,0
31,6.04,7,1,0,1,0,1,0
6,2.64,2,0,3,0,2,2,0
80,8.47,12,0,9,1,1,2,0
54,2.89,1,0,8,0,1,1,0
23,1.98,2,0,3,0,1,1,0
2,9.49,10,0,22,0,0,2,0
80,6.36,14,0,9,1,1,2,0
9,5.02,13,0,18,1,0,1,0
98,4.53,9,1,16,0,0,2,0
5,1.98,8,1,12,1,1,1,0
121,1.25,4,1,10,1,2,2,0
68,7.91,14,1,0,0,0,1,0
115,2.66,14,0,19,0,0,2,0
27,7.08,12,1,2,0,2,2,0
103,9.63,2,0,12,0,0,2,0
42,4.27,14,1,7,0,2,2,0
11,3.48,12,0,2,0,0,0,0
6,9.96,12,1,9,1,0,2,0
42,3.22,12,0,12,1,0,1,0
15,2.81,9,1,14,1,2,2,0
96,7.75,8,1,16,0,1,2,0
3,8.98,7,1,3,0,0,2,0
116,7.98,0,0,14,1,0,2,0
123,3.13,9,0,6,0,1,2,0
26,1.11,2,1,3,1,0,0,0
9,2.78,0,0,2,1,1,1,0
75,0.86,11,1,18,1,1,1,0
71,2.27,7,1,21,1,2,2,0
87,3.74,5,0,18,0,1,2,0
6,8.19,7,1,7,0,0,2,0
79,6.17,5,1,20,1,1,1,0
54,7.19,3,1,20,1,0,1,0
26,9.94,6,1,13,0,1,2,0
129,4.95,4,0,23,1,2,2,0
96,8.58,7,0,15,1,2,2,0
116,6.64,8,0,7,1,2,2,0
51,7.91,15,1,14,0,1,1,0
1,3.65,3,1,7,1,1,1,0
32,1.18,3,1,4,1,0,0,0
100,6.97,6,1,8,1,1,2,0
102,2.09,14,0,3,1,2,2,0
83,3.61,0,0,19,0,1,2,1
33,4.75,3,1,12,0,1,1,0
82,1.26,1,1,0,0,1,2,0
13,0.07,2,0,21,0,0,0,0
83,4.24,13,0,18,1,0,2,0
66,7.88,2,0,2,0,0,1,0
12,6.73,4,0,16,1,2,2,0
96,8.32,1,1,15,0,0,2,0
55,0.74,8,1,16,0,1,1,0
119,9.49,7,1,11,1,2,2,0
107,0.7,4,0,2,0,0,2,0
5,4.11,2,1,9,0,1,1,0
98,0.63,7,0,4,0,1,2,0
67,7.65,13,0,13,0,1,1,0
16,4.14,14,1,8,0,0,1,0
37,2.25,2,0,21,0,1,1,0
35,7.88,4,1,14,0,0,1,0
97,8.88,7,1,18,1,2,2,0
82,8.46,5,0,10,0,2,2,0
106,7.62,8,1,21,1,0,2,0
109,7.67,13,0,3,0,1,2,0
56,2.21,13,1,0,0,1,1,0
127,4.79,10,1,22,1,2,2,0
14,7.71,12,0,15,1,2,2,0
13,1.72,11,0,22,0,0,0,0
68,9.55,7,1,5,0,1,2,0
45,8.86,12,1,23,0,0,2,0
37,1.9,9,0,17,0,0,1,0
81,3.45,15,1,7,1,2,2,0
50,6.02,11,1,18,1,1,1,0
17,5.64,4,1,23,1,1,1,0
21,0.73,15,0,12,1,0,0,0
55,7.1,13,0,11,1,2,2,0
118,8.63,3,0,5,1,2,2,0
74,7.3,5,0,6,0,0,1,0
10,3.61,7,0,23,0,2,2,0
42,6.28,4,1,7,0,0,1,0
10,8.88,6,0,5,1,0,2,0
109,9.82,9,1,4,0,0,2,0
120,1.34,2,1,0,1,0,2,0
120,2.53,2,1,21,0,1,2,0
110,7.62,6,1,10,0,0,2,0
83,3.53,2,0,0,1,0,2,0
8,5.13,9,1,22,0,0,1,0
109,8.77,6,0,0,0,1,2,0
2,9.96,4,0,7,1,0,2,0
39,7.46,7,0,22,0,2,2,0
69,6.83,8,0,14,1,0,1,0
29,9.81,4,0,19,0,1,2,0
101,2.21,13,1,19,1,2,2,0
120,7.27,9,0,7,0,0,2,0
65,3.74,8,0,0,1,0,1,0
111,3.91,14,0,0,1,1,2,0
84,5.52,3,1,23,0,1,2,0
104,2.99,13,0,16,0,2,2,0
33,2.96,3,1,0,1,0,0,0
104,6.15,13,0,23,0,0,2,0
84,8.36,10,1,5,0,2,2,0
41,1.33,1,1,16,0,1,1,0
113,6.36,7,1,8,0,2,2,0
78,4.97,12,0,10,0,2,2,0
93,0.47,3,0,3,1,0,2,0
83,3.19,13,0,14,1,2,2,0
45,4.02,7,0,14,1,2,2,0
4,9.69,0,1,11,0,2,2,0
120,1.18,13,0,9,0,0,2,0
56,3.68,10,1,21,1,2,2,0
46,0.45,11,1,14,1,1,1,0
126,6.0,2,0,21,0,1,2,0
57,0.18,9,1,14,1,0,1,0
113,8.74,10,0,2,1,0,2,0
91,9.68,14,0,3,1,2,2,0
42,1.82,6,0,12,1,0,1,0
1,9.15,6,1,14,1,2,2,0
18,1.3,7,0,21,1,1,1,0
99,9.03,3,0,23,1,2,2,0
32,4.67,10,1,1,0,0,1,0
124,7.48,11,0,16,1,2,2,0
101,5.13,3,1,7,1,1,2,0
62,0.51,0,0,15,0,1,1,1
72,6.15,9,1,10,1,2,2,0
64,8.7,9,1,3,0,1,2,0
103,5.82,5,1,4,1,2,2,0
87,2.85,7,1,14,1,2,2,0
27,6.89,0,1,7,1,2,2,0
53,9.21,10,0,14,1,1,2,0
129,8.55,14,0,21,1,1,2,0
106,6.66,2,1,15,1,0,2,0
78,6.77,15,0,1,1,2,2,0
25,8.06,14,1,12,0,2,2,0
49,3.16,0,0,15,0,1,1,1
40,1.49,6,1,9,0,0,1,0
48,4.09,10,0,17,1,2,2,0
11,7.28,7,0,4,1,1,1,0
50,1.59,7,1,22,1,0,1,0
72,6.23,4,1,19,0,0,1,0
35,9.69,7,1,15,1,0,2,0
74,4.24,10,0,18,0,2,2,0
91,3.14,11,1,1,0,0,2,0
10,4.11,15,1,2,0,1,1,0
79,2.65,11,1,15,1,0,1,0
40,1.08,7,0,20,0,1,1,0
3,8.43,10,0,14,1,0,2,0
39,1.69,4,0,20,0,1,1,0
98,2.96,13,1,7,0,1,2,0
94,3.7,10,1,1,0,1,2,0
54,7.06,13,0,15,1,1,1,0
79,9.23,6,0,20,0,1,2,0
104,8.58,6,0,8,1,0,2,0
7,5.2,7,1,18,1,2,2,0
36,9.48,13,0,5,0,0,2,0
15,5.64,11,1,21,0,1,1,0
26,4.58,1,1,20,1,0,1,0
17,9.56,3,0,1,0,0,2,0
53,2.53,1,1,13,1,0,1,0
29,3.82,2,0,21,0,2,2,0
59,5.88,2,0,18,1,2,2,0
37,1.12,10,0,0,1,0,1,0
40,1.73,13,0,1,0,0,1,0
130,2.33,14,1,23,1,0,2,0
116,7.79,10,1,19,1,1,2,0
113,7.89,4,0,12,0,0,2,0
40,6.93,0,0,5,1,2,2,0
13,9.02,8,1,22,1,1,2,0
128,5.8,4,1,15,1,0,2,0
106,8.18,0,1,8,1,0,2,0
65,9.17,10,0,11,1,0,2,0
115,5.5,8,1,15,1,0,2,0
113,0.04,8,1,10,1,1,2,0
117,7.75,1,1,2,0,2,2,0
128,6.07,4,1,4,1,2,2,0
15,7.96,4,0,12,0,2,2,0
96,2.57,14,0,0,1,0,2,0
126,0.75,13,0,10,1,2,2,0
101,5.43,0,0,2,1,1,2,0
78,9.99,11,0,4,1,2,2,0
48,8.98,5,1,4,1,0,2,0
95,6.72,8,0,12,0,0,2,0
21,9.77,8,0,16,1,0,2,0
30,4.71,12,1,3,1,0,1,0
10,4.8,3,0,15,1,0,1,0
72,2.26,13,1,23,1,2,2,0
97,4.53,4,1,13,0,2,2,0
13,3.28,2,0,1,0,0,0,0
120,0.51,3,1,17,1,0,2,0
45,0.12,1,0,11,1,2,2,0
121,1.63,7,0,1,0,0,2,0
44,6.2,15,1,19,1,1,1,0
117,6.74,10,0,19,1,1,2,0
115,7.48,8,0,11,0,1,2,0
66,6.69,5,0,9,0,1,1,0
72,1.13,6,1,9,0,2,2,0
93,0.93,6,0,14,0,1,2,0
108,7.96,12,1,12,0,2,2,0
96,7.67,0,1,10,1,0,2,0
117,3.01,1,1,16,1,2,2,0
100,5.16,2,1,8,0,2,2,0
14,2.11,10,1,5,1,2,2,0
11,6.74,14,1,8,1,0,1,0
111,2.09,8,1,7,1,0,2,0
112,7.37,3,0,3,0,2,2,0
14,9.11,11,0,17,1,1,2,0
108,8.97,10,0,5,0,0,2,0
91,8.27,13,0,16,0,0,2,0
116,7.23,6,1,22,0,0,2,0
39,1.48,13,1,4,1,2,2,0
126,6.63,4,0,10,1,1,2,0
41,8.23,15,0,22,0,0,2,0
72,4.7,8,1,14,1,1,1,0
1,2.95,7,1,3,1,2,2,0
64,6.82,5,0,8,1,0,1,0
117,1.83,10,0,8,1,0,2,0
46,4.24,13,1,18,1,1,1,0
84,2.93,10,1,14,1,0,2,0
60,2.78,3,0,23,0,1,1,0
0,6.91,13,0,22,1,1,1,0
16,9.88,6,1,12,0,2,2,0
6,1.11,8,1,9,1,2,2,0
62,4.22,11,1,3,0,1,1,0
104,5.54,12,0,22,0,2,2,0
61,8.68,1,1,0,1,1,2,0
64,5.18,10,0,3,1,0,1,0
33,7.07,14,1,7,0,0,1,0
54,8.37,5,1,2,1,2,2,0
41,2.84,14,1,13,0,0,1,0
26,1.3,2,0,17,0,1,1,0
47,5.58,15,0,12,1,0,1,0
81,6.97,9,1,19,1,2,2,0
102,3.77,11,1,10,1,0,2,0
7,1.65,5,1,4,0,0,0,0
97,4.33,1,1,19,1,1,2,0
79,1.76,5,1,14,0,1,1,0
39,0.44,2,0,21,0,2,2,0
117,0.91,5,0,23,0,0,2,0
53,8.67,12,1,9,0,1,2,0
123,5.45,4,1,17,1,0,2,0
120,1.44,14,1,0,0,0,2,0
1,5.06,15,1,17,0,1,1,0
112,9.7,0,1,5,0,0,2,0
68,6.38,11,1,15,0,1,1,0
108,1.73,4,1,15,0,0,2,0
65,3.31,10,1,22,1,0,1,0
15,9.42,14,0,23,0,0,2,0
88,8.16,14,0,9,0,1,2,0
10,7.63,4,1,10,1,1,1,0
105,5.21,7,1,14,0,1,2,0
26,1.04,15,0,11,1,2,2,0
73,4.0,14,0,16,1,1,1,0
97,6.09,9,1,16,1,2,2,0
110,4.99,7,0,5,0,2,2,0
18,9.65,5,1,17,1,1,2,0
119,9.18,14,0,0,1,0,2,0
61,6.77,8,1,18,1,0,1,0
107,2.75,15,1,0,1,0,2,0
15,0.85,1,0,7,0,2,2,0
30,2.41,15,0,12,0,2,2,0
57,2.48,13,0,10,0,0,1,0
4,9.47,11,0,6,1,1,2,0
50,3.26,14,0,4,1,1,1,0
42,5.11,14,0,10,1,1,1,0
110,6.6,11,1,22,1,1,2,0
126,3.41,10,1,11,0,1,2,0
82,8.97,7,1,4,0,1,2,0
29,3.0,11,1,2,0,2,2,0
88,9.42,10,0,23,1,0,2,0
15,9.42,5,0,12,1,0,2,0
17,6.1,5,0,9,1,1,1,0
75,7.11,10,0,1,0,0,1,0
34,4.74,12,1,14,0,0,1,0
36,3.0,1,0,23,1,2,2,0
61,1.72,2,0,23,1,1,1,0
2,7.37,5,0,13,0,1,1,0
5,5.76,2,0,22,0,2,2,0
9,3.62,5,1,15,1,2,2,0
15,7.07,9,1,19,1,0,1,0
34,8.0,7,0,10,1,1,2,0
2,0.86,2,0,6,1,2,2,0
59,2.62,11,1,2,0,0,1,0
110,6.92,14,1,17,1,0,2,0
47,4.94,9,0,3,0,0,1,0
6,7.73,2,0,16,0,0,1,0
10,0.92,9,0,5,0,2,2,0
17,5.78,13,1,11,0,0,1,0
29,8.25,3,0,16,0,0,2,0
55,1.92,12,0,3,1,0,1,0
59,7.6,12,1,1,1,2,2,0
17,9.11,2,0,20,0,2,2,0
23,6.18,15,1,1,1,0,1,0
28,2.39,6,0,0,0,1,1,0
67,5.92,13,0,15,0,1,1,0
121,7.7,11,0,22,1,1,2,0
88,7.51,4,1,22,1,0,2,0
57,0.75,12,0,3,1,0,1,0
50,6.62,2,0,20,0,1,1,0
112,9.77,0,0,18,1,0,2,0
15,4.25,14,0,0,1,2,2,0
71,4.03,12,1,21,0,2,2,0
35,9.87,7,0,22,1,0,2,0
7,4.93,10,0,0,1,0,1,0
70,6.56,13,0,7,0,0,1,0
76,2.15,0,1,10,1,1,1,0
73,8.82,6,0,7,1,1,2,0
1,8.41,15,0,4,1,2,2,0
36,6.86,10,1,11,1,0,1,0
54,6.2,3,1,0,0,1,1,0
42,7.78,7,1,15,0,2,2,0
125,1.95,6,0,7,0,0,2,0
66,6.95,13,1,14,1,2,2,0
79,4.13,8,1,23,1,2,2,0
68,0.98,7,1,2,0,0,1,0
102,2.28,14,1,11,0,2,2,0
113,4.81,1,0,8,1,2,2,0
77,0.05,3,0,23,1,1,1,0
20,3.7,5,0,22,1,2,2,0
54,7.03,2,0,13,1,0,1,0
26,3.07,0,0,12,0,0,0,1
42,4.0,0,1,10,1,2,2,0
69,3.79,11,1,5,1,2,2,0
63,3.8,8,0,15,1,0,1,0
68,8.07,6,1,21,1,2,2,0
80,2.81,10,1,21,1,1,2,0
7,0.09,0,0,2,1,2,2,1
35,1.52,4,0,16,1,2,2,0
120,9.07,4,0,20,1,2,2,0
53,3.91,7,1,21,0,2,2,0
83,8.38,14,0,18,0,1,2,0
7,7.81,2,1,21,1,0,1,0
29,0.7,13,1,0,0,1,1,0
64,5.62,6,1,14,0,0,1,0
107,1.73,15,1,22,1,2,2,0
31,3.05,5,1,8,1,2,2,0
99,4.28,10,1,4,0,2,2,0
121,8.43,11,1,4,1,1,2,0
43,5.0,0,0,13,0,2,2,1
114,2.05,9,1,18,1,2,2,0
81,5.85,7,1,21,0,1,2,0
54,5.51,5,1,8,1,2,2,0
23,6.87,1,0,2,1,0,1,0
119,5.56,3,0,21,1,2,2,0
86,4.48,2,0,1,1,2,2,0
77,5.59,2,1,5,0,1,1,0
89,7.74,6,0,15,0,2,2,0
120,7.13,12,1,18,0,2,2,0
53,0.48,4,1,10,1,1,1,0
116,9.51,15,0,2,1,2,2,0
33,8.84,2,1,1,1,0,2,0
0,4.88,3,0,13,0,0,1,0
76,9.33,8,1,12,0,0,2,0
129,2.41,14,1,9,0,2,2,0
77,8.73,15,0,23,1,2,2,0
47,2.41,15,1,17,1,1,1,0
1,0.57,3,0,10,0,0,0,1
85,9.31,5,0,20,0,2,2,0
41,7.55,12,1,18,0,2,2,0
104,6.66,13,0,4,1,1,2,0
52,5.49,6,1,14,0,1,1,0
78,4.03,4,0,22,0,0,1,0
48,6.83,15,0,23,0,1,1,0
11,8.11,15,0,16,1,2,2,0
111,7.51,7,0,1,1,2,2,0
8,5.71,7,1,16,1,2,2,0
39,6.72,13,1,23,1,2,2,0
112,8.65,5,1,11,0,1,2,0
73,6.73,8,1,12,1,1,1,0
34,4.27,12,1,21,1,0,1,0
130,1.6,3,1,18,1,1,2,0
122,5.77,0,0,6,1,1,2,0
33,7.55,1,0,13,0,1,1,0
57,0.58,4,1,21,1,1,1,0
43,9.53,11,1,7,0,0,2,0
8,9.99,14,1,1,1,0,2,0
85,0.87,10,0,20,0,1,2,0
119,4.0,15,1,3,0,1,2,0
51,4.82,0,0,23,1,0,1,0
102,7.23,13,0,6,0,1,2,0
111,2.31,8,0,4,1,2,2,0
102,1.59,7,1,4,0,1,2,0
45,1.86,6,0,1,0,0,1,0
120,8.25,1,0,17,1,0,2,0
53,2.51,1,0,23,1,0,1,0
68,1.98,7,0,21,0,2,2,0
53,5.33,11,1,20,0,0,1,0
92,6.46,0,1,14,0,1,2,0
25,5.92,11,0,15,1,2,2,0
98,5.4,12,1,11,1,1,2,0
77,7.28,4,0,11,1,2,2,0
56,4.64,5,1,9,0,1,1,0
52,7.13,14,0,20,1,2,2,0
92,6.17,8,0,16,0,2,2,0
9,2.21,14,1,21,0,2,2,0
54,0.8,11,0,7,0,0,1,0
130,3.74,13,1,11,0,2,2,0
7,1.28,0,1,13,1,2,2,0
103,6.38,1,1,20,1,0,2,0
76,4.94,15,0,9,1,0,1,0
36,5.6,11,0,23,0,0,1,0
85,1.85,4,1,12,0,0,2,0
26,3.25,12,0,21,1,1,1,0
52,5.73,13,0,19,1,2,2,0
86,9.17,9,0,6,1,1,2,0
73,4.15,13,1,6,0,1,1,0
14,5.14,6,0,1,0,2,2,0
23,0.16,4,1,6,1,2,2,0
96,2.21,5,1,23,1,2,2,0
118,2.05,5,0,23,0,1,2,0
129,4.52,6,0,13,1,0,2,0
24,5.8,1,0,9,1,1,1,0
5,7.48,6,0,13,1,1,1,0
114,7.74,6,1,16,1,2,2,0
92,6.3,8,0,15,1,0,2,0
5,5.99,15,0,13,1,2,2,0
93,6.39,3,0,9,1,1,2,0
63,7.16,13,1,18,1,1,1,0
126,7.93,7,1,17,0,2,2,0
83,1.31,0,1,12,1,1,2,0
22,5.53,14,1,23,1,1,1,0
23,5.93,7,1,8,0,1,1,0
90,0.43,12,1,19,0,2,2,0
10,3.95,10,0,4,0,0,0,0
130,8.61,12,1,12,0,1,2,0
56,2.98,7,1,8,1,2,2,0
84,1.77,3,0,3,1,1,2,0
8,8.23,14,0,0,0,0,2,0
84,8.68,13,1,12,1,0,2,0
76,5.87,1,0,15,1,1,1,0
112,2.76,13,0,21,0,1,2,0
20,1.86,3,1,1,0,2,2,0
103,6.99,11,1,22,0,2,2,0
11,0.42,9,0,10,0,0,0,0
55,3.73,13,1,0,0,0,1,0
80,3.16,0,0,5,1,1,2,0
49,7.9,0,0,0,0,0,1,1
75,8.11,14,0,17,0,1,2,0
14,3.85,2,1,19,0,0,0,0
102,6.25,11,0,11,1,0,2,0
24,6.72,7,1,17,1,0,1,0
128,4.33,15,0,15,0,2,2,0
2,6.42,4,0,22,0,2,2,0
93,0.17,3,1,2,0,2,2,0
56,2.08,4,0,6,1,2,2,0
90,1.63,4,0,18,1,0,2,0
13,9.44,6,1,21,0,1,2,0
126,3.63,11,1,4,1,1,2,0
1,3.89,3,0,22,0,1,1,0
33,7.21,7,0,12,1,0,1,0
109,3.18,2,0,3,0,2,2,0
110,0.48,2,0,3,0,2,2,0
58,8.75,7,0,1,0,1,2,0
91,5.84,15,0,1,1,0,2,0
56,1.15,9,1,19,1,2,2,0
129,7.01,3,0,18,1,2,2,0
27,5.71,12,0,9,1,0,1,0
88,1.63,2,0,1,0,1,2,0
1,5.19,12,1,3,0,1,1,0
65,7.47,13,0,17,0,2,2,0
127,9.07,8,0,17,0,1,2,0
108,5.64,8,1,18,1,0,2,0
103,0.12,10,0,13,0,2,2,0
116,2.62,12,1,19,0,2,2,0
89,5.71,1,1,8,0,2,2,0
70,0.78,4,0,9,1,1,1,0
113,9.08,5,1,6,1,1,2,0
103,7.53,2,1,6,0,0,2,0
100,9.38,9,1,4,1,0,2,0
120,9.89,12,1,18,0,0,2,0
99,1.29,14,1,2,0,1,2,0
99,1.37,12,1,0,0,1,2,0
32,2.7,12,1,15,0,0,0,0
101,3.7,5,1,23,1,2,2,0
75,0.45,2,1,15,0,0,1,0
22,7.17,4,1,4,1,0,1,0
51,3.4,10,1,1,0,2,2,0
82,7.45,9,1,2,1,0,2,0
27,3.62,1,1,4,0,2,2,0
92,9.08,7,1,6,0,0,2,0
30,5.15,11,1,0,1,2,2,0
58,2.88,4,0,4,0,2,2,0
31,0.07,2,0,18,1,1,1,0
57,7.26,8,0,8,0,2,2,0
124,5.12,8,0,21,1,1,2,0
38,6.89,9,0,4,0,0,1,0
109,9.31,4,0,2,0,1,2,0
20,5.02,0,0,21,1,0,1,0
79,1.63,13,1,14,1,0,1,0
85,3.62,15,1,9,1,0,2,0
106,2.13,9,0,6,1,2,2,0
38,3.15,9,0,4,1,0,1,0
83,1.17,14,0,17,0,1,2,0
11,9.85,8,1,11,0,2,2,0
47,5.11,15,0,0,1,1,1,0
101,4.73,12,1,22,0,2,2,0
32,5.4,15,1,10,1,0,1,0
33,0.56,15,1,6,0,2,2,0
55,7.17,12,1,19,0,0,1,0
95,7.77,4,1,4,0,2,2,0
8,4.81,9,0,8,1,0,1,0
0,6.36,3,0,12,0,1,1,0
73,3.55,12,1,11,1,1,1,0
69,9.32,6,0,19,1,0,2,0
31,6.84,11,0,7,0,1,1,0
115,1.65,13,1,0,0,0,2,0
11,7.46,9,0,9,1,2,2,0
127,3.64,11,1,20,0,2,2,0
129,0.92,15,1,1,0,0,2,0
93,5.73,4,1,19,1,0,2,0
116,4.37,7,0,15,1,2,2,0
11,9.53,6,0,3,0,0,2,0
47,2.29,10,1,17,0,1,1,0
3,2.9,6,0,9,0,1,1,0
118,3.1,15,1,8,0,1,2,0
4,2.21,12,1,11,1,0,0,0
0,6.72,14,1,22,0,0,1,0
39,1.2,5,0,3,0,2,2,0
106,8.65,5,1,17,1,1,2,0
34,4.27,6,0,6,0,1,1,0
92,6.44,13,0,21,0,1,2,0
102,6.6,12,0,8,1,0,2,0
24,1.82,8,1,6,1,2,2,0
70,5.78,2,0,16,1,1,1,0
89,0.98,8,0,3,0,1,2,0
60,4.68,2,1,22,0,1,1,0
57,7.89,8,0,2,1,2,2,0
86,5.79,11,1,18,1,0,2,0
18,6.23,15,0,3,0,1,1,0
49,9.1,12,1,18,1,0,2,0
125,4.0,13,1,15,1,1,2,0
53,3.61,13,0,6,1,0,1,0
124,2.57,2,1,7,0,2,2,0
76,1.79,15,0,6,0,2,2,0
3,6.8,15,1,3,1,0,1,0
8,0.94,2,0,19,0,1,1,1
78,5.26,0,1,9,0,2,2,0
50,4.13,8,1,19,0,0,1,0
66,9.93,0,0,0,1,0,2,0
98,7.77,8,1,22,0,1,2,0
22,3.43,15,0,16,0,1,1,0
116,6.13,12,1,21,0,1,2,0
115,1.82,1,1,3,0,0,2,0
49,4.58,13,1,7,0,0,1,0
93,5.09,12,1,5,1,1,2,0
120,1.04,11,1,21,1,2,2,0
50,1.57,15,1,0,0,0,1,0
85,3.08,3,1,21,1,0,2,0
46,7.3,13,0,18,1,2,2,0
87,4.06,13,0,1,1,2,2,0
121,2.0,11,1,15,1,0,2,0
49,9.93,13,1,8,1,0,2,0
43,3.83,4,1,12,1,2,2,0
108,8.85,11,1,8,1,2,2,0
113,6.56,12,1,19,1,2,2,0
67,9.72,2,1,11,0,1,2,0
113,9.07,10,0,22,0,1,2,0
6,7.75,7,1,15,0,2,2,0
1,5.59,8,1,10,0,2,2,0
66,3.33,0,0,14,1,1,1,0
8,7.73,15,0,11,0,2,2,0
55,1.99,11,1,18,0,0,1,0
30,2.48,12,1,23,0,2,2,0
70,8.11,0,1,7,1,0,2,0
14,9.68,8,0,11,0,2,2,0
98,2.18,8,0,10,0,0,2,0
36,4.08,7,1,20,1,0,1,0
51,8.91,12,1,8,1,1,2,0
100,8.64,1,0,6,0,1,2,0
50,8.22,15,1,3,1,2,2,0
37,7.83,9,0,1,0,0,1,0
45,6.28,13,0,15,0,2,2,0
83,1.15,9,1,18,1,1,2,0
120,2.02,6,0,0,1,0,2,0
67,2.52,10,1,20,1,1,1,0
121,5.28,6,1,0,1,2,2,0
46,4.1,5,1,0,1,2,2,0
120,3.34,15,0,15,0,2,2,0
30,9.41,5,0,23,1,0,2,0
55,5.7,4,0,15,1,1,1,0
93,5.98,9,0,22,0,0,2,0
127,4.11,14,0,10,0,1,2,0
16,7.58,12,1,3,0,1,1,0
68,0.41,1,1,16,0,2,2,0
77,4.41,8,0,0,0,1,1,0
89,4.62,13,1,21,1,2,2,0
1,8.68,8,0,15,0,2,2,0
14,6.14,6,0,14,0,2,2,0
99,8.04,8,0,23,0,1,2,0
126,7.44,10,1,8,1,0,2,0
80,9.97,6,0,6,0,2,2,0
8,4.61,11,1,0,1,0,1,0
108,6.19,1,0,23,1,0,2,0
52,8.33,1,0,19,1,1,2,0
50,2.19,5,0,11,1,1,1,0
67,9.69,7,0,14,0,1,2,0
70,8.05,1,0,21,1,0,2,0
41,0.26,4,1,6,0,2,2,0
83,0.04,9,0,6,0,2,2,0
35,7.0,12,0,1,1,2,2,0
31,7.82,1,0,1,1,1,1,0
73,7.09,6,1,14,1,2,2,0
114,8.85,4,1,22,1,2,2,0
83,2.37,3,1,2,0,1,2,0
37,8.6,6,0,13,1,0,2,0
90,8.68,3,1,5,1,1,2,0
119,6.86,2,1,10,0,0,2,0
13,9.37,3,1,23,1,1,2,0
67,7.42,14,1,3,1,0,1,0
75,5.12,9,0,22,1,2,2,0
7,5.1,4,1,9,1,2,2,0
74,0.41,10,0,14,1,2,2,0
92,3.47,11,0,11,1,2,2,0
130,0.78,1,0,21,0,1,2,0
112,7.76,9,1,14,1,1,2,0
69,3.72,5,1,9,0,0,1,0
55,5.14,4,1,23,0,1,1,0
120,6.16,0,1,1,1,1,2,0
93,6.0,9,1,18,1,1,2,0
67,9.22,3,1,13,0,0,2,0
87,7.88,15,0,4,1,1,2,0
56,3.44,0,0,14,1,1,1,0
67,6.24,0,1,9,0,0,1,0
39,4.91,15,1,11,0,0,1,0
72,8.17,3,0,8,0,1,2,0
12,0.56,9,1,10,0,1,1,0
90,3.56,10,1,13,0,0,2,0
108,9.92,6,0,11,1,2,2,0
106,4.15,1,1,0,1,2,2,0
23,0.3,13,0,9,0,0,0,0
121,0.89,10,1,17,1,0,2,0
23,6.26,14,0,7,1,2,2,0
98,8.87,7,0,21,1,0,2,0
129,5.46,0,0,1,1,1,2,0
50,5.97,2,0,11,0,0,1,0
11,1.62,9,0,1,0,2,2,0
60,7.08,13,0,15,0,0,1,0
0,6.66,7,1,16,0,2,2,0
16,5.6,6,1,9,1,2,2,0
25,7.53,13,1,13,1,0,1,0
69,8.81,4,0,17,0,1,2,0
23,1.86,5,1,13,1,1,1,0
71,1.49,13,1,8,0,1,1,0
118,6.48,6,0,15,1,1,2,0
61,4.42,10,0,21,1,1,1,0
77,2.73,5,1,12,1,2,2,0
22,3.06,8,1,19,0,2,2,0
85,2.49,10,1,13,1,1,2,0
36,1.96,8,0,4,1,2,2,0
2,8.47,12,1,18,1,1,2,0
107,6.68,2,0,21,0,0,2,0
37,2.43,4,1,12,1,0,1,0
47,9.03,7,1,6,0,1,2,0
69,0.53,12,0,6,1,1,1,0
77,7.07,10,1,16,0,0,1,0
67,7.87,10,1,21,1,2,2,0
115,6.63,11,1,16,1,2,2,0
0,0.54,11,1,2,0,1,1,0
122,6.52,8,1,19,1,0,2,0
106,9.15,5,1,1,1,1,2,0
27,2.55,13,1,6,1,1,1,0
45,0.42,9,0,2,1,1,1,0
64,4.56,3,1,4,0,0,1,0
83,0.83,2,1,21,0,1,2,0
104,3.74,3,0,7,1,2,2,0
81,0.5,2,1,6,0,0,2,0
128,8.68,15,1,13,0,0,2,0
125,6.72,1,1,4,0,0,2,0
24,0.02,1,0,23,1,0,0,0
9,3.64,4,0,16,1,1,1,0
117,9.0,9,1,11,0,1,2,0
33,4.73,5,1,19,1,0,1,0
28,8.02,6,1,16,0,0,2,0
79,9.42,0,1,15,1,0,2,0
56,0.4,2,0,19,0,0,1,0
27,4.01,14,1,10,0,1,1,0
28,2.83,14,0,4,0,1,1,0
62,0.83,4,1,9,0,0,1,0
45,4.14,13,1,12,0,0,1,0
56,2.01,2,1,11,1,2,2,0
5,4.19,4,1,14,1,1,1,0
86,1.5,14,0,1,0,1,2,0
121,7.47,4,1,23,1,0,2,0
1,0.08,11,1,17,1,0,0,0
109,5.79,10,1,2,0,0,2,0
21,6.98,2,1,14,0,0,1,0
61,3.65,6,0,22,0,0,1,0
94,2.73,9,1,2,1,1,2,0
121,8.18,14,1,6,0,0,2,0
58,0.32,8,0,12,1,1,1,0
85,6.28,10,0,18,0,0,2,0
8,3.05,2,1,22,1,2,2,0
129,0.33,10,0,1,0,0,2,0
72,3.91,11,0,7,1,0,1,0
60,0.07,15,1,22,1,0,1,0
119,7.01,1,0,18,1,0,2,0
103,7.71,8,0,14,1,0,2,0
37,0.96,14,0,23,1,1,1,0
15,1.11,5,1,22,0,2,2,0
57,8.63,15,0,14,1,1,2,0
27,4.54,14,1,1,1,2,2,0
24,4.94,7,0,0,0,0,1,0
88,7.21,2,1,19,0,0,2,0
18,4.88,6,1,9,1,0,1,0
65,7.23,1,1,11,1,1,1,0
38,9.79,10,0,11,1,0,2,0
127,8.52,12,1,0,1,1,2,0
46,8.69,15,1,13,0,2,2,0
46,4.5,5,1,0,0,2,2,0
98,7.88,2,0,17,1,2,2,0
5,7.4,0,0,13,0,2,2,1
17,5.9,0,0,20,1,0,1,0
12,8.72,4,1,22,1,2,2,0
43,5.27,11,1,14,1,1,1,0
12,0.85,14,0,22,1,2,2,0
33,8.81,3,0,18,1,1,2,0
102,3.06,0,1,14,0,2,2,0
81,9.62,11,1,22,0,2,2,0
42,1.49,11,0,6,1,1,1,0
61,8.55,14,1,23,0,1,2,0
11,0.49,11,0,13,1,2,2,0
68,8.79,13,1,6,1,2,2,0
30,5.51,3,1,23,1,1,1,0
130,4.49,9,1,14,0,1,2,0
85,6.55,9,0,17,0,1,2,0
98,6.04,15,0,5,1,0,2,0
9,8.42,6,0,22,1,1,2,0
109,6.4,3,0,12,1,0,2,0
22,5.69,6,0,11,0,2,2,0
9,2.13,2,0,17,1,2,2,0
55,0.4,12,0,16,1,1,1,0
59,2.35,10,0,13,0,0,1,0
34,5.98,8,1,8,1,2,2,0
31,1.14,5,1,18,0,1,1,0
94,1.22,7,0,4,0,2,2,0
56,0.83,14,1,10,0,0,1,0
70,6.86,14,1,20,0,1,1,0
83,9.65,15,1,18,0,1,2,0
76,2.04,4,1,6,1,2,2,0
81,2.06,7,0,2,1,1,2,0
90,0.32,4,1,5,0,2,2,0
69,5.16,6,1,18,1,1,1,0
90,9.92,5,1,6,0,2,2,0
25,4.07,12,1,0,1,1,1,0
4,4.0,8,0,18,1,1,1,0
27,0.6,2,0,9,0,1,1,0
121,2.6,6,1,8,0,0,2,0
0,1.07,2,1,19,0,0,0,0
39,7.63,7,1,14,1,0,1,0
78,7.97,2,0,2,1,2,2,0
127,0.38,6,1,14,1,1,2,0
13,6.43,13,1,21,0,1,1,0
47,3.02,10,1,9,1,0,1,0
0,9.12,3,0,10,1,1,2,0
43,1.44,7,1,0,1,0,1,0
113,2.46,9,0,8,1,1,2,0
15,9.18,10,1,15,0,2,2,0
12,4.17,7,0,1,1,2,2,0
91,1.08,6,1,4,0,1,2,0
21,7.4,0,0,5,1,2,2,0
27,4.88,12,0,12,0,2,2,0
86,4.36,2,1,8,0,0,2,0
55,6.74,13,1,11,0,0,1,0
87,9.81,2,1,13,1,2,2,0
29,4.39,3,1,23,1,2,2,0
43,5.66,10,0,23,1,2,2,0
45,1.7,3,0,20,1,0,1,0
69,5.04,9,0,9,0,0,1,0
55,8.16,11,1,18,0,2,2,0
30,2.85,5,1,10,0,0,0,0
30,8.29,0,0,14,1,0,2,0
38,0.52,9,1,13,1,1,1,0
93,6.24,2,0,14,0,2,2,0
31,2.47,12,1,21,1,2,2,0
26,9.13,9,1,22,0,1,2,0
48,7.96,3,0,3,0,0,1,0
15,5.17,4,0,3,1,1,1,0
43,8.87,7,1,5,1,2,2,0
3,7.27,4,1,12,0,1,1,0
122,8.34,7,0,0,0,1,2,0
63,9.37,8,0,7,1,1,2,0
10,8.14,15,1,0,1,0,2,0
50,6.52,15,1,22,1,1,1,0
77,0.52,15,1,4,0,0,1,0
114,6.5,5,1,22,0,0,2,0
61,8.33,1,1,2,0,2,2,0
126,9.67,4,1,14,0,1,2,0
70,1.83,11,1,2,1,2,2,0
53,5.94,15,1,23,0,2,2,0
81,6.99,7,0,17,0,2,2,0
48,9.08,6,0,14,1,2,2,0
5,4.78,1,1,5,0,1,1,0
116,7.73,7,0,16,1,2,2,0
60,0.71,2,1,21,0,2,2,0
20,6.51,10,0,9,1,2,2,0
14,3.46,15,0,15,1,1,1,0
1,7.23,9,1,21,1,0,1,0
88,4.56,13,1,4,0,0,2,0
2,8.12,11,0,19,1,2,2,0
71,7.4,8,0,5,1,2,2,0
85,3.37,6,0,22,0,2,2,0
83,6.12,11,1,3,1,0,2,0
90,1.1,3,0,19,1,1,2,0
79,3.43,7,1,7,1,1,1,0
2,9.43,10,0,8,0,1,2,0
60,4.97,4,0,7,1,0,1,0
107,8.66,15,1,1,0,2,2,0
44,2.16,3,0,16,0,1,1,0
16,8.87,7,1,9,1,2,2,0
81,8.77,3,0,5,1,2,2,0
81,9.48,13,0,15,0,0,2,0
22,3.06,6,0,3,0,2,2,0
128,4.03,7,0,13,1,2,2,0
66,6.73,0,0,7,0,2,2,1
4,2.43,13,1,17,1,2,2,0
23,6.78,1,0,2,0,1,1,0
19,7.06,0,0,14,0,0,1,1
67,9.73,2,1,20,1,2,2,0
114,6.42,6,0,2,1,2,2,0
122,8.62,0,0,21,0,0,2,1
71,1.88,9,1,8,0,2,2,0
52,3.07,4,0,1,1,1,1,0
16,8.71,0,1,12,0,0,2,0
3,6.29,3,0,3,0,1,1,0
93,3.34,14,1,4,0,2,2,0
120,7.6,4,0,21,0,2,2,0
91,4.23,14,0,21,0,1,2,0
96,7.95,2,1,22,1,1,2,0
108,4.76,14,1,2,0,2,2,0
122,4.65,2,0,6,0,2,2,0
57,6.15,5,0,8,1,0,1,0
9,2.75,3,1,10,1,2,2,0
128,4.1,2,1,23,0,1,2,0
29,5.39,0,1,18,1,1,1,0
10,2.48,3,1,15,1,2,2,0
84,6.2,3,1,7,1,2,2,0
35,0.33,8,1,19,0,0,1,0
46,4.48,10,1,0,1,0,1,0
80,8.47,14,0,4,0,2,2,0
119,9.64,2,1,6,1,2,2,0
71,1.86,11,1,21,1,2,2,0
86,7.56,10,1,9,0,1,2,0
105,4.56,5,0,3,0,2,2,0
9,4.56,4,0,8,0,2,2,0
79,4.94,2,0,5,1,1,1,0
27,6.88,11,1,17,0,1,1,0
24,9.43,0,1,17,1,1,2,0
123,0.82,13,1,8,0,1,2,0
32,7.7,9,1,1,1,2,2,0
106,4.7,3,0,3,1,1,2,0
3,2.31,5,1,14,0,2,2,0
73,6.6,7,0,14,0,0,1,0
78,8.4,13,1,21,1,2,2,0
15,7.55,1,1,7,0,1,1,0
113,6.24,4,1,12,0,1,2,0
119,0.22,3,0,21,0,0,2,0
23,5.12,9,0,4,0,0,1,0
67,9.22,12,1,3,0,0,2,0
118,3.67,2,1,1,0,0,2,0
69,2.42,14,1,6,0,1,1,0
97,8.06,15,1,0,1,0,2,0
97,1.38,2,0,6,0,0,2,0
86,2.58,2,0,18,0,2,2,0
35,0.28,0,1,3,0,2,2,0
102,6.5,6,0,1,1,0,2,0
45,0.75,9,1,5,1,1,1,0
62,7.48,11,0,17,1,2,2,0
34,3.16,13,0,3,1,0,0,0
80,6.68,9,1,23,0,1,2,0
21,5.34,10,1,6,1,1,1,0
39,4.01,4,1,1,0,1,1,0
79,9.67,5,0,4,0,1,2,0
94,5.93,11,0,22,0,2,2,0
85,8.76,5,0,10,0,1,2,0
80,0.46,15,0,18,1,0,2,0
92,2.59,9,0,11,0,1,2,0
121,4.92,15,1,9,1,2,2,0
99,2.65,7,0,9,1,1,2,0
13,0.49,0,1,18,0,1,1,0
76,5.46,4,1,11,1,0,1,0
127,4.63,7,1,20,1,2,2,0
97,0.21,3,0,3,0,1,2,0
6,4.68,11,1,11,0,2,2,0
111,0.44,13,0,18,0,0,2,0
64,4.69,14,0,12,0,1,1,0
26,7.07,9,0,3,1,0,1,0
55,1.32,1,0,23,1,0,1,0
130,9.34,8,1,4,1,2,2,0
91,1.55,7,1,2,1,2,2,0
67,5.7,8,1,9,1,2,2,0
90,8.43,3,0,14,0,2,2,0
27,4.93,9,0,14,0,2,2,0
58,1.33,4,1,0,0,0,1,0
53,3.94,4,1,12,0,1,1,0
104,9.18,8,0,21,1,0,2,0
71,7.28,12,1,21,1,0,1,0
20,1.63,12,0,16,0,0,0,0
4,3.5,4,0,17,0,0,0,0
122,7.75,9,1,18,1,0,2,0
34,4.42,13,1,15,1,0,1,0
52,6.25,10,1,6,0,2,2,0
116,1.94,4,1,16,0,2,2,0
107,7.7,5,0,11,0,0,2,0
3,1.38,0,1,14,0,0,0,1
65,1.94,8,1,18,1,1,1,0
55,8.75,2,1,11,1,0,2,0
28,9.7,11,0,0,0,0,2,0
116,2.22,11,0,15,0,0,2,0
119,4.49,7,0,4,1,0,2,0
70,9.41,9,1,1,0,2,2,0
116,6.7,11,0,16,0,1,2,0
4,0.0,1,1,4,0,0,0,0
122,0.85,5,0,16,1,1,2,0
46,2.45,10,1,1,0,0,1,0
53,0.75,10,1,11,0,1,1,0
92,4.45,0,0,5,0,0,2,1
14,7.94,0,1,2,1,1,1,0
3,1.69,8,0,7,0,0,0,1
113,5.13,13,1,20,1,2,2,0
124,3.25,10,0,18,1,2,2,0
24,3.04,1,1,19,1,0,0,0
63,3.91,9,1,4,1,0,1,0
128,4.29,10,0,17,0,1,2,0
34,0.39,7,1,21,1,0,0,0
66,9.07,4,0,15,1,1,2,0
49,9.29,6,1,3,1,2,2,0
96,4.49,1,1,17,1,2,2,0
130,7.36,11,1,14,1,2,2,0
19,9.58,2,0,12,1,1,2,0
38,9.78,9,0,16,1,2,2,0
60,6.53,14,1,6,1,1,1,0
13,0.72,5,1,18,0,0,0,0
110,7.41,11,0,8,0,1,2,0
3,2.7,0,1,1,1,2,2,0
51,3.89,2,1,11,1,2,2,0
45,9.86,4,0,7,0,1,2,0
53,9.64,15,0,4,1,1,2,0
123,9.9,2,0,7,0,0,2,0
87,4.58,11,0,11,0,0,2,0
78,1.82,12,1,0,0,2,2,0
0,8.75,10,1,17,0,1,2,0
11,6.98,6,0,6,1,0,1,0
62,8.22,12,1,20,0,0,2,0
82,4.34,8,1,23,1,0,2,0
127,8.01,13,0,0,1,1,2,0
96,0.99,8,0,7,1,0,2,0
13,7.84,2,1,9,1,0,1,0
99,5.6,2,1,7,1,1,2,0
47,8.75,11,1,22,1,1,2,0
1,7.39,8,1,16,1,1,1,0
31,5.24,9,1,9,0,1,1,0
43,4.89,11,0,20,0,1,1,0
27,7.26,15,0,13,0,2,2,0
66,6.86,5,0,20,0,0,1,0
52,7.14,5,0,10,0,0,1,0
118,6.99,3,0,4,0,1,2,0
69,9.48,8,1,13,1,1,2,0
18,3.63,8,0,23,1,2,2,0
97,3.91,9,1,13,0,2,2,0
21,8.92,12,1,11,1,2,2,0
102,4.92,14,1,11,1,2,2,0
110,3.85,8,1,12,0,2,2,0
90,1.26,10,0,18,1,1,2,0
84,8.8,5,0,15,1,0,2,0
73,5.73,15,0,18,1,0,1,0
119,3.61,8,0,5,0,1,2,0
19,6.87,11,0,13,0,2,2,0
119,7.84,7,1,21,1,0,2,0
15,3.8,15,0,9,1,1,1,0
51,5.84,7,0,2,1,0,1,0
14,1.94,6,0,7,0,0,0,0
27,9.22,8,0,12,1,1,2,0
128,5.32,10,1,10,1,0,2,0
74,3.55,12,0,10,0,1,1,0
49,4.12,14,1,11,1,2,2,0
54,3.17,14,0,20,1,2,2,0
22,6.57,10,1,12,1,2,2,0
110,9.73,7,0,17,1,2,2,0
111,6.64,2,1,20,0,1,2,0
99,9.04,3,0,23,1,0,2,0
67,8.61,9,1,13,0,2,2,0
50,3.93,9,0,13,1,0,1,0
124,9.66,14,0,13,1,2,2,0
12,0.9,0,0,20,1,0,0,0
14,6.8,10,0,0,0,2,2,0
116,1.59,4,0,11,0,2,2,0
10,6.34,11,1,5,1,2,2,0
69,4.17,5,0,1,0,1,1,0
86,4.25,6,0,19,0,2,2,0
90,0.36,4,1,6,0,1,2,0
32,3.23,2,1,0,0,0,0,0
126,3.14,9,0,21,1,0,2,0
15,1.41,9,1,6,1,0,0,0
124,2.8,0,0,23,0,0,2,1
13,8.55,14,0,4,1,1,2,0
1,3.02,6,0,0,0,1,1,0
123,0.96,5,0,21,1,2,2,0
61,9.39,4,1,15,0,1,2,0
111,3.55,8,1,12,0,1,2,0
32,4.44,15,0,10,1,1,1,0
27,2.88,3,0,12,1,1,1,0
27,3.4,7,0,18,0,2,2,0
68,1.79,1,0,2,1,0,1,0
25,2.08,8,0,20,0,2,2,0
12,4.37,15,1,16,0,1,1,0
114,4.73,6,0,4,0,0,2,0
115,9.19,3,0,14,1,2,2,0
62,5.67,11,1,14,0,1,1,0
46,0.84,2,1,21,0,0,1,0
8,8.33,12,1,19,0,0,2,0
0,7.17,8,0,12,1,0,1,0
100,2.67,8,0,5,1,2,2,0
23,2.53,5,0,20,0,1,1,0
38,1.65,14,1,22,0,1,1,0
40,4.62,1,1,17,1,2,2,0
123,1.06,6,0,17,1,0,2,0
10,0.14,1,0,21,1,0,0,0
35,3.42,13,1,14,1,1,1,0
103,3.7,13,0,15,0,2,2,0
79,9.64,0,0,9,1,1,2,0
55,2.2,9,1,11,1,2,2,0
72,9.38,2,1,9,1,2,2,0
51,3.33,14,1,15,0,1,1,0
17,8.18,11,0,23,1,1,2,0
98,3.59,11,1,10,1,0,2,0
10,7.86,7,0,14,1,0,1,0
46,5.69,12,1,16,1,2,2,0
35,0.88,5,0,4,1,0,1,0
67,3.39,15,1,23,0,1,1,0
33,2.3,12,1,1,1,0,0,0
72,1.44,13,1,6,0,0,1,0
120,0.46,2,0,15,0,0,2,0
36,1.22,6,1,20,0,1,1,0
48,6.06,5,1,1,0,2,2,0
78,5.68,4,1,0,1,1,1,0
84,1.98,1,1,17,0,2,2,0
75,7.52,12,1,21,0,0,1,0
112,5.06,9,1,12,1,1,2,0
96,6.08,7,1,21,0,2,2,0
79,2.1,13,0,21,1,2,2,0
4,5.29,10,0,10,1,0,1,0
122,7.93,12,1,18,0,0,2,0
36,3.27,5,1,7,1,2,2,0
105,9.22,5,1,1,1,1,2,0
45,1.92,7,1,20,1,1,1,0
106,3.98,1,1,3,1,2,2,0
98,0.87,1,1,16,1,0,2,0
128,8.14,12,1,19,0,1,2,0
64,6.04,8,0,7,1,0,1,0
109,6.22,10,1,2,0,2,2,0
76,2.73,7,0,3,0,2,2,0
7,1.21,6,1,15,1,2,2,0
17,8.05,6,1,15,0,2,2,0
0,0.91,5,0,0,0,1,1,1
55,0.96,11,0,0,0,2,2,0
39,2.4,3,1,4,0,0,1,0
49,2.42,12,0,21,0,1,1,0
1,5.94,5,0,5,1,0,1,0
46,2.44,13,1,5,0,0,1,0
46,6.22,0,0,3,1,1,1,0
81,3.99,0,0,22,0,2,2,1
26,6.56,2,1,12,1,0,1,0
44,9.39,9,0,8,0,2,2,0
123,1.14,2,1,9,1,1,2,0
111,6.19,3,1,20,0,2,2,0
115,0.11,15,0,17,0,0,2,0
65,0.53,7,0,17,0,1,1,0
29,1.79,6,0,3,1,2,2,0
3,0.25,6,0,8,0,2,2,1
59,1.39,11,0,22,1,1,1,0
41,3.61,1,0,2,0,0,1,0
25,4.37,11,1,5,0,0,1,0
98,4.94,0,0,23,0,1,2,1
114,5.06,3,1,14,1,2,2,0
34,9.53,0,0,10,0,1,2,1
48,5.07,8,0,13,1,0,1,0
4,1.71,1,1,2,1,2,2,0
86,2.09,0,1,21,0,1,2,0
50,0.78,8,0,1,1,0,1,0
114,3.22,10,0,16,1,2,2,0
81,1.64,9,1,15,1,0,2,0
59,7.82,8,1,14,1,0,1,0
1,5.59,7,0,20,1,1,1,0
69,6.6,1,1,16,0,1,1,0
83,7.18,0,0,15,0,1,2,1
42,4.55,14,0,23,0,2,2,0
47,5.65,3,0,4,0,1,1,0
27,0.9,5,0,6,1,0,0,0
109,8.95,12,0,2,0,1,2,0
7,1.79,1,1,10,0,0,0,0
120,6.38,8,1,2,0,1,2,0
12,6.68,8,1,14,1,2,2,0
103,9.52,2,0,8,0,1,2,0
6,3.08,9,0,7,0,2,2,0
15,9.14,3,1,10,1,1,2,0
102,4.65,13,0,18,1,0,2,0
68,5.64,0,0,15,0,2,2,1
39,7.9,14,1,9,1,0,1,0
123,8.7,14,0,4,0,2,2,0
52,5.55,8,1,7,1,1,1,0
129,8.74,14,1,21,0,1,2,0
48,7.29,1,1,20,0,2,2,0
68,5.24,15,0,11,1,0,1,0
117,9.57,6,0,20,1,2,2,0
120,8.92,0,0,22,1,0,2,0
62,5.75,12,1,6,1,1,1,0
73,5.34,8,0,21,1,0,1,0
59,3.19,12,1,4,0,2,2,0
19,5.53,13,1,12,0,0,1,0
121,2.49,7,0,9,0,1,2,0
40,0.57,3,1,13,0,0,1,0
69,7.8,3,1,22,0,0,1,0
95,3.98,6,1,22,1,0,2,0
106,2.12,5,1,5,0,0,2,0
93,4.59,9,1,8,1,1,2,0
30,7.4,9,0,8,1,0,1,0
21,0.77,14,1,8,1,1,1,0
85,4.78,9,0,2,1,0,2,0
76,3.79,3,1,2,0,2,2,0
28,1.23,13,1,15,0,1,1,0
99,2.88,14,0,8,1,2,2,0
52,3.23,15,1,20,0,1,1,0
61,8.54,1,1,10,0,1,2,0
94,9.82,2,0,8,1,2,2,0
45,9.17,7,0,10,1,2,2,0
43,2.6,6,0,0,0,0,1,0
64,4.05,9,0,23,1,2,2,0
98,9.4,9,0,23,0,2,2,0
18,9.21,13,0,13,1,2,2,0
99,1.14,0,1,19,1,0,2,0
114,9.13,3,0,2,1,2,2,0
9,3.86,0,1,2,1,1,1,0
21,3.5,0,0,3,0,1,1,1
0,1.39,6,0,13,0,0,0,1
65,7.62,5,1,5,1,2,2,0
58,6.39,3,0,1,1,0,1,0
67,7.48,9,0,11,0,1,1,0
101,7.63,14,1,5,0,0,2,0
17,2.86,8,1,4,1,1,1,0
3,6.42,7,1,5,0,2,2,0
108,0.68,11,1,5,1,2,2,0
69,4.57,10,1,22,1,0,1,0
125,7.02,5,0,0,1,1,2,0
127,4.78,15,0,12,1,1,2,0
4,4.69,3,0,11,0,2,2,0
69,7.3,3,1,0,1,0,1,0
14,9.75,10,1,23,0,0,2,0
91,7.67,13,1,13,0,2,2,0
107,2.11,9,1,12,0,1,2,0
83,8.45,5,0,1,0,2,2,0
74,1.3,5,0,12,1,2,2,0
73,9.15,0,0,8,1,2,2,0
75,0.61,11,0,10,1,1,1,0
61,3.36,8,0,15,1,2,2,0
84,0.38,14,1,21,1,1,2,0
117,8.96,15,1,17,1,2,2,0
39,3.3,5,0,10,1,1,1,0
117,7.93,1,0,21,1,1,2,0
43,8.52,15,0,19,1,2,2,0
109,3.28,5,0,19,1,1,2,0
65,6.79,1,0,1,0,2,2,0
86,2.69,14,0,1,1,0,2,0
87,5.7,2,0,9,0,1,2,0
81,4.7,10,0,22,1,0,2,0
51,6.76,15,1,22,0,1,1,0
41,6.15,13,0,9,0,2,2,0
111,7.48,0,1,1,1,0,2,0
5,3.98,7,0,8,1,0,0,0
17,5.27,15,1,6,1,0,1,0
45,6.51,11,0,21,0,2,2,0
129,0.41,3,0,15,0,1,2,0
12,9.92,6,0,1,1,1,2,0
72,0.87,9,0,13,1,0,1,0
46,6.77,6,0,7,1,2,2,0
12,7.31,2,0,18,0,1,1,0
124,7.25,13,1,14,1,1,2,0
61,8.53,10,1,12,1,1,2,0
89,2.99,1,0,8,0,2,2,0
84,8.06,8,0,11,0,0,2,0
12,1.4,6,1,11,0,0,0,0
12,5.37,4,0,22,0,0,1,0
21,2.06,2,1,20,1,1,1,0
7,4.65,4,1,8,0,1,1,0
35,8.0,13,0,12,1,1,2,0
27,3.2,3,1,9,1,1,1,0
40,1.07,13,1,17,0,2,2,0
65,6.61,14,1,7,0,0,1,0
72,0.54,10,1,5,1,0,1,0
8,1.58,11,0,14,1,0,0,0
41,3.74,5,1,16,0,2,2,0
76,8.3,11,0,12,1,2,2,0
17,7.49,8,1,12,1,1,1,0
110,2.51,10,0,7,0,0,2,0
66,0.73,11,0,9,0,2,2,0
96,4.96,11,1,8,1,0,2,0
17,5.02,15,1,19,1,0,1,0
31,8.93,9,1,14,0,2,2,0
58,4.24,4,1,1,0,2,2,0
7,0.57,9,0,14,1,2,2,0
8,8.29,15,0,8,1,0,2,0
63,1.06,3,0,21,1,0,1,0
124,5.87,4,0,12,1,1,2,0
123,3.24,5,1,11,1,2,2,0
45,7.18,6,0,17,1,1,1,0
128,3.38,2,1,21,0,1,2,0
100,5.21,2,1,11,1,0,2,0
83,3.65,13,1,2,1,1,2,0
77,9.8,7,1,23,0,1,2,0
64,4.07,0,1,18,1,1,1,0
30,6.96,3,0,7,0,2,2,0
85,4.15,6,0,4,1,1,2,0
19,5.11,11,1,19,1,0,1,0
32,0.82,4,1,18,1,2,2,0
79,5.58,12,1,17,1,2,2,0
123,5.71,13,0,2,1,0,2,0
14,3.48,15,0,8,0,1,1,0
46,1.8,11,0,13,1,0,1,0
60,0.04,3,0,15,1,1,1,0
2,1.11,12,0,3,0,2,2,1
128,8.62,7,1,21,0,2,2,0
92,6.67,7,1,0,1,0,2,0
44,1.93,13,0,11,1,1,1,0
52,6.41,11,1,14,1,1,1,0
74,1.66,9,0,0,1,0,1,0
9,2.17,5,1,6,0,0,0,0
32,3.09,5,1,9,1,0,0,0
83,1.27,7,1,13,0,0,2,0
38,0.13,7,0,21,1,2,2,0
84,5.06,13,0,21,0,2,2,0
85,2.0,2,0,3,0,2,2,0
20,4.67,0,0,20,1,1,1,0
98,3.93,12,1,15,0,2,2,0
18,6.5,5,1,10,1,1,1,0
2,1.92,15,0,22,0,2,2,1
71,9.88,0,0,15,1,0,2,0
88,6.33,6,0,21,0,0,2,0
64,7.4,4,1,22,1,1,1,0
115,8.3,10,0,23,0,0,2,0
94,4.03,14,0,14,0,0,2,0
101,3.3,9,1,17,0,2,2,0
91,1.6,7,0,0,0,1,2,0
30,2.77,14,1,15,1,1,1,0
22,2.46,2,1,11,1,1,1,0
88,1.38,5,0,22,1,0,2,0
83,6.57,0,0,18,1,2,2,0
67,5.8,9,0,21,1,2,2,0
81,4.58,13,1,2,0,2,2,0
111,3.43,10,0,23,0,2,2,0
23,6.97,11,1,23,1,2,2,0
48,1.42,6,1,18,0,1,1,0
3,9.24,9,0,4,1,0,2,0
106,3.83,10,0,13,0,2,2,0
126,5.35,14,0,0,0,0,2,0
57,9.26,6,0,2,0,0,2,0
109,3.96,15,1,7,1,0,2,0
4,1.99,14,0,9,1,2,2,0
57,9.87,12,1,13,1,0,2,0
117,6.41,0,1,12,1,1,2,0
73,8.39,6,1,15,1,0,2,0
81,2.61,14,0,19,0,0,2,0
100,2.51,0,1,8,1,2,2,0
126,7.46,7,0,11,1,2,2,0
31,0.58,5,1,6,0,0,0,0
45,4.22,13,0,10,1,1,1,0
130,8.95,1,1,16,0,1,2,0
3,8.49,9,1,3,1,2,2,0
119,7.69,0,0,0,0,2,2,1
14,9.66,1,1,6,1,1,2,0
100,4.41,7,1,23,1,1,2,0
62,8.45,7,0,17,1,0,2,0
53,1.07,10,1,15,0,2,2,0
56,1.43,6,0,11,1,0,1,0
64,6.55,5,1,20,0,0,1,0
22,9.66,1,0,11,1,2,2,0
3,5.78,5,1,2,0,1,1,0
114,6.21,1,0,4,0,2,2,0
114,6.79,14,1,13,0,2,2,0
99,8.31,10,0,6,1,0,2,0
54,5.64,15,0,17,1,1,1,0
74,6.69,6,0,16,0,2,2,0
50,4.07,5,0,20,1,2,2,0
2,1.8,12,0,16,0,0,0,1
120,1.22,9,0,17,1,0,2,0
56,2.23,3,0,15,1,0,1,0
87,4.38,14,1,14,1,0,2,0
34,9.88,4,0,7,0,0,2,0
113,3.2,14,1,1,1,2,2,0
47,2.38,0,0,13,0,1,1,1
112,4.89,15,0,19,0,1,2,0
120,6.62,5,1,10,1,1,2,0
16,1.89,12,1,18,1,1,1,0
66,6.98,3,1,10,0,1,1,0
91,7.66,11,1,23,1,1,2,0
37,9.83,10,0,23,1,2,2,0
12,7.07,11,0,3,0,1,1,0
110,4.76,7,0,17,1,0,2,0
81,4.6,9,1,15,0,2,2,0
94,0.6,13,0,19,0,2,2,0
53,9.92,7,1,13,1,2,2,0
15,1.77,15,1,16,1,0,0,0
63,9.22,9,1,12,0,2,2,0
61,8.54,4,0,9,1,0,2,0
71,7.69,14,0,10,0,1,1,0
86,7.22,4,1,6,0,2,2,0
51,8.04,8,0,14,0,1,2,0
28,6.65,12,0,22,1,2,2,0
118,9.59,8,1,13,0,0,2,0
120,0.25,11,1,15,1,2,2,0
47,4.13,3,0,3,0,0,1,0
71,0.9,5,0,4,0,1,1,0
47,3.49,8,0,16,1,1,1,0
87,3.68,2,0,10,0,0,2,0
66,7.66,1,0,11,1,0,1,0
7,2.03,5,0,13,1,0,0,0
83,6.68,0,1,14,1,1,2,0
113,1.0,13,0,2,0,0,2,0
93,0.6,13,0,17,1,2,2,0
80,3.86,6,1,14,1,0,2,0
44,2.11,5,1,17,1,0,1,0
74,3.95,6,1,6,0,1,1,0
51,2.44,9,1,1,0,1,1,0
40,7.44,4,0,7,0,2,2,0
103,3.12,1,1,21,1,1,2,0
20,6.32,13,0,8,0,2,2,0
8,2.29,3,0,22,0,1,1,0
105,2.35,12,1,5,0,2,2,0
70,3.63,10,1,2,1,0,1,0
84,4.54,12,0,5,1,0,2,0
26,6.34,9,1,2,0,1,1,0
106,7.47,1,0,12,0,1,2,0
107,5.91,3,1,8,1,0,2,0
130,8.29,3,1,4,1,1,2,0
18,9.64,13,1,20,1,2,2,0
73,3.19,15,0,4,0,1,1,0
89,0.56,5,1,4,0,2,2,0
49,3.47,8,0,14,0,0,1,0
3,6.87,5,1,0,0,0,1,0
6,9.9,0,1,13,1,0,2,0
64,5.41,7,0,21,0,0,1,0
127,7.64,8,1,18,1,1,2,0
65,7.36,2,0,18,0,1,1,0
45,1.57,5,0,11,0,0,1,0
130,5.87,11,0,3,1,1,2,0
0,1.2,5,1,19,1,0,0,0
85,9.65,10,0,15,0,2,2,0
34,2.79,2,0,19,1,0,0,0
13,2.47,5,1,1,0,1,1,0
64,6.0,4,0,17,0,2,2,0
72,2.96,7,1,20,1,1,1,0
65,2.1,8,0,23,1,2,2,0
4,1.91,0,1,20,1,0,0,0
73,5.57,7,0,18,0,2,2,0
81,8.12,10,0,8,1,2,2,0
27,3.35,0,1,3,0,0,0,0
119,4.88,3,0,19,0,1,2,0
64,2.89,15,0,18,0,2,2,0
18,4.72,15,1,22,0,0,1,0
51,7.1,11,1,16,1,2,2,0
101,3.3,15,0,15,1,1,2,0
96,4.05,0,1,4,0,1,2,0
96,7.3,9,1,8,0,0,2,0
1,5.58,0,0,13,0,2,2,1
39,3.56,4,1,0,1,0,1,0
63,7.74,3,1,0,0,1,1,0
84,4.83,14,1,4,1,1,2,0
74,9.47,1,0,21,0,1,2,0
50,4.0,2,1,10,0,1,1,0
17,2.48,7,1,12,1,0,0,0
58,7.56,7,0,6,1,0,1,0
93,1.36,12,0,16,1,0,2,0
46,6.0,14,0,9,0,0,1,0
21,2.54,15,1,14,1,1,1,0
125,2.02,14,1,1,1,2,2,0
10,5.76,13,1,17,0,2,2,0
79,3.65,12,1,18,1,1,1,0
59,6.1,3,0,21,0,2,2,0
64,0.21,15,0,12,0,0,1,0
5,2.93,3,1,10,1,2,2,0
71,8.9,1,1,22,0,0,2,0
128,6.6,14,1,2,1,2,2,0
25,3.87,14,0,7,1,0,0,0
78,7.63,3,0,8,1,1,1,0
107,4.49,3,0,12,1,1,2,0
40,5.49,2,0,18,0,0,1,0
125,7.58,11,0,8,0,2,2,0
103,0.26,9,0,23,1,2,2,0
85,8.76,6,1,22,0,0,2,0
71,2.15,13,0,3,1,1,1,0
103,9.71,0,1,3,1,2,2,0
65,2.55,3,1,23,1,0,1,0
1,0.59,8,0,14,1,1,1,0
11,1.49,3,0,23,1,1,1,0
10,4.45,15,0,18,1,2,2,0
41,1.76,10,1,4,1,0,1,0
68,2.59,15,0,11,0,2,2,0
122,6.9,13,1,20,1,1,2,0
114,7.33,11,1,17,0,2,2,0
123,9.1,1,1,6,0,1,2,0
14,7.96,15,1,3,1,0,1,0
102,0.02,3,1,9,0,2,2,0
5,2.57,5,1,12,0,0,0,0
75,1.21,3,1,21,1,1,1,0
119,3.52,15,0,14,0,0,2,0
114,5.76,14,0,14,1,0,2,0
83,0.09,9,0,22,1,0,2,0
6,6.88,6,0,15,1,1,1,0
101,1.35,5,1,1,0,2,2,0
89,3.12,2,1,20,0,2,2,0
17,3.19,9,1,8,1,0,0,0
85,4.19,9,1,14,0,2,2,0
11,6.82,13,0,12,0,1,1,0
89,0.33,5,1,2,0,1,2,0
7,7.02,15,0,2,0,0,1,0
14,8.16,13,1,14,1,1,2,0
82,2.86,0,1,7,0,1,2,0
40,6.27,3,1,18,1,0,1,0
85,2.24,5,1,2,1,2,2,0
3,3.66,2,0,16,0,1,1,0
115,2.24,3,0,12,1,2,2,0
98,2.97,10,1,4,1,0,2,0
80,1.19,14,0,23,1,2,2,0
93,9.82,0,1,5,1,0,2,0
102,5.32,8,1,2,0,0,2,0
87,9.28,13,0,10,1,2,2,0
38,8.74,7,1,13,0,0,2,0
98,6.48,10,1,2,1,0,2,0
123,8.0,14,1,2,0,1,2,0
64,5.88,6,0,5,1,0,1,0
68,7.65,8,1,16,0,2,2,0
16,6.24,15,1,22,0,0,1,0
50,9.38,13,0,12,1,2,2,0
96,0.77,4,1,10,0,0,2,0
36,1.28,8,1,1,0,0,1,0
27,2.7,3,0,18,1,0,0,0
69,0.44,8,0,14,1,2,2,0
30,8.09,12,0,15,0,0,2,0
3,5.21,0,1,16,0,1,1,0
130,0.42,3,1,0,0,0,2,0
72,7.12,0,1,1,0,2,2,0
12,3.39,7,1,20,1,2,2,0
9,6.35,3,0,2,0,1,1,0
106,5.68,13,0,4,0,0,2,0
74,9.06,14,1,8,0,2,2,0
29,1.49,11,0,12,0,0,0,0
117,8.18,8,1,18,1,2,2,0
19,8.47,12,0,18,0,0,2,0
62,2.24,8,1,11,1,2,2,0
90,4.95,3,1,12,1,1,2,0
24,2.11,9,1,1,1,0,0,0
128,5.7,12,1,20,0,1,2,0
69,3.52,12,0,23,1,0,1,0
33,7.69,7,0,15,0,1,1,0
125,3.86,3,0,13,0,0,2,0
93,8.15,11,1,8,1,2,2,0
101,1.19,0,1,16,0,2,2,0
62,3.12,1,0,11,1,2,2,0
71,8.4,15,1,18,0,2,2,0
44,0.15,12,1,12,0,0,1,0
94,6.64,13,0,14,1,2,2,0
41,1.39,13,0,2,0,1,1,0
87,2.31,8,0,17,0,2,2,0
88,9.65,15,0,5,0,2,2,0
4,0.88,14,1,2,0,1,1,0
33,5.64,11,0,4,1,2,2,0
73,2.67,7,1,21,0,1,1,0
24,9.94,9,0,19,0,0,2,0
55,1.86,7,0,16,1,2,2,0
109,9.66,1,1,13,1,2,2,0
65,4.71,4,0,22,0,0,1,0
15,2.95,7,1,7,1,2,2,0
44,3.94,2,1,15,1,2,2,0
88,6.44,6,1,4,0,1,2,0
54,5.91,4,0,8,0,1,1,0
126,4.77,5,1,14,1,1,2,0
114,6.74,1,0,3,1,0,2,0
23,1.0,9,1,13,0,0,0,0
96,1.9,7,1,22,1,2,2,0
129,8.73,5,0,23,1,1,2,0
84,9.0,7,1,21,1,1,2,0
121,0.56,12,0,21,0,2,2,0
87,2.41,1,0,10,1,1,2,0
20,8.52,15,1,13,1,2,2,0
115,5.25,2,1,6,1,2,2,0
20,8.73,10,1,20,1,2,2,0
34,7.04,2,0,22,1,2,2,0
112,1.73,10,0,2,1,1,2,0
54,4.94,13,0,12,0,2,2,0
97,8.83,11,1,18,1,2,2,0
118,5.7,15,0,4,0,0,2,0
31,0.23,0,0,23,1,0,0,0
129,8.17,13,0,12,0,1,2,0
21,3.22,10,1,3,1,2,2,0
10,5.65,12,1,3,0,2,2,0
130,0.08,8,1,16,1,0,2,0
69,1.57,5,1,21,1,2,2,0
100,4.24,4,1,16,0,0,2,0
88,1.15,3,1,4,1,0,2,0
46,6.53,8,0,7,1,0,1,0
110,4.63,14,1,15,1,0,2,0
64,9.03,4,1,10,1,1,2,0
12,2.07,2,0,9,1,2,2,0
23,2.57,15,1,2,0,2,2,0
7,9.56,13,0,21,0,1,2,0
67,9.96,12,1,19,1,2,2,0
69,4.75,2,1,3,0,1,1,0
58,3.68,13,0,23,0,0,1,0
39,3.48,6,1,18,1,2,2,0
36,8.84,10,1,23,1,1,2,0
52,3.2,0,1,17,0,2,2,0
14,6.61,5,0,20,1,1,1,0
98,2.68,13,0,5,1,0,2,0
66,6.09,6,1,21,0,0,1,0
101,1.76,14,1,12,1,1,2,0
57,5.8,1,1,2,1,1,1,0
102,2.18,0,0,20,1,0,2,0
99,1.45,3,0,11,0,1,2,0
66,0.56,14,0,9,0,0,1,0
52,7.41,11,0,22,1,2,2,0
63,6.04,11,0,15,0,2,2,0
81,5.81,12,1,14,1,2,2,0
15,3.35,9,0,15,0,0,0,0
98,6.09,3,1,9,0,1,2,0
2,0.5,4,0,6,0,0,0,1
32,3.91,6,1,8,1,0,0,0
40,0.64,13,1,2,1,1,1,0
123,0.84,4,0,16,1,0,2,0
95,0.63,11,1,2,1,1,2,0
93,3.36,5,0,7,1,1,2,0
33,6.91,10,1,21,0,1,1,0
49,0.06,4,0,17,0,2,2,0
57,7.97,11,0,17,1,2,2,0
127,1.04,6,1,19,1,1,2,0
124,9.43,13,1,23,1,1,2,0
105,2.77,11,1,1,1,2,2,0
38,8.97,7,0,0,0,2,2,0
90,7.26,1,0,17,1,1,2,0
103,7.4,11,0,23,1,2,2,0
28,6.51,10,0,3,0,2,2,0
107,4.86,15,1,8,1,1,2,0
20,5.88,14,1,12,0,1,1,0
75,3.89,10,0,7,0,1,1,0
113,4.43,13,0,6,1,2,2,0
37,1.56,13,0,16,0,2,2,0
19,3.45,5,0,15,1,0,0,0
127,2.45,10,0,10,0,0,2,0
74,0.09,0,1,15,0,1,1,0
6,6.24,13,0,19,0,1,1,0
90,9.49,15,1,7,1,1,2,0
4,5.72,10,0,19,0,1,1,0
76,4.85,7,1,13,1,0,1,0
112,6.46,11,1,9,1,2,2,0
92,4.53,7,0,20,1,1,2,0
67,9.58,12,0,13,0,2,2,0
81,1.81,15,1,15,1,1,2,0
71,2.37,5,0,4,0,2,2,0
70,5.15,14,1,12,0,2,2,0
20,9.28,15,1,11,1,2,2,0
56,1.27,5,0,20,0,0,1,0
82,5.89,10,1,11,0,1,2,0
58,3.8,11,1,1,1,2,2,0
17,5.72,8,1,5,1,1,1,0
32,8.6,15,0,4,0,2,2,0
59,2.47,1,1,10,0,0,1,0
95,8.77,6,1,19,1,1,2,0
5,5.7,5,0,23,0,2,2,0
103,9.16,15,1,20,1,2,2,0
120,5.04,4,1,6,1,1,2,0
63,0.47,15,1,7,0,1,1,0
98,4.12,15,1,16,1,1,2,0
2,7.91,1,1,8,1,2,2,0
11,4.44,4,1,5,0,2,2,0
20,0.17,14,0,22,0,2,2,0
37,4.05,4,1,16,0,1,1,0
74,3.86,0,1,19,1,2,2,0
20,7.38,13,1,3,0,1,1,0
113,3.19,14,0,8,1,2,2,0
23,7.17,14,0,16,1,0,1,0
126,3.29,10,0,22,0,1,2,0
50,7.42,10,1,4,1,2,2,0
55,8.7,11,0,14,0,1,2,0
21,7.98,1,1,19,1,1,1,0
46,0.65,4,0,10,1,2,2,0
62,5.53,0,0,15,1,0,1,0
115,5.69,4,0,9,0,1,2,0
21,2.23,3,1,7,0,1,1,0
49,5.66,11,0,1,1,2,2,0
66,6.83,6,1,16,0,1,1,0
113,1.62,12,1,10,1,0,2,0
102,4.75,11,1,18,1,1,2,0
62,7.35,10,1,3,0,1,1,0
113,4.81,4,1,0,1,0,2,0
45,3.28,2,0,20,1,1,1,0
114,1.51,10,1,16,1,1,2,0
120,6.29,1,0,4,1,0,2,0
4,7.93,2,1,1,1,2,2,0
77,5.8,3,1,12,0,2,2,0
30,4.28,3,0,10,1,2,2,0
97,9.69,2,0,20,1,0,2,0
70,4.4,11,0,1,0,1,1,0
85,5.52,1,0,4,1,0,2,0
103,8.74,1,1,9,1,2,2,0
61,3.32,11,0,21,0,2,2,0
100,2.11,6,1,9,1,0,2,0
42,3.04,10,0,15,0,2,2,0
56,2.36,2,1,20,0,1,1,0
69,6.47,13,1,22,0,2,2,0
9,7.7,1,1,11,0,2,2,0
4,2.73,13,1,20,0,1,1,0
26,3.02,12,0,23,1,0,0,0
128,9.45,6,0,15,0,2,2,0
128,9.69,12,1,17,0,0,2,0
4,2.3,9,1,19,0,2,2,0
46,5.5,11,0,3,1,1,1,0
83,2.61,13,1,4,1,1,2,0
59,1.12,11,0,13,0,0,1,0
112,4.02,14,1,5,0,2,2,0
90,9.28,9,1,8,1,0,2,0
15,6.31,14,0,14,0,2,2,0
56,0.9,10,1,3,1,0,1,0
71,1.72,2,1,8,1,0,1,0
106,3.33,8,1,3,1,0,2,0
110,2.61,11,0,19,1,2,2,0
73,7.28,11,1,2,0,0,1,0
118,5.58,8,1,13,0,0,2,0
48,8.11,6,1,7,1,1,2,0
42,3.12,5,1,21,1,0,1,0
124,2.81,3,1,13,1,1,2,0
0,7.97,13,0,6,1,0,1,0
72,1.55,11,1,12,0,2,2,0
50,1.43,13,0,2,0,2,2,0
65,9.39,11,1,2,0,2,2,0
90,2.73,4,1,4,1,1,2,0
1,3.68,1,1,20,0,2,2,0
3,4.39,15,0,4,1,0,1,0
52,3.07,5,0,15,0,2,2,0
63,1.51,15,0,14,0,0,1,0
39,8.78,4,1,14,1,1,2,0
74,4.34,10,0,18,1,1,1,0
114,6.4,14,1,18,0,2,2,0
74,2.68,6,0,6,1,1,1,0
88,6.37,15,0,23,1,1,2,0
129,2.61,0,1,7,1,2,2,0
108,8.98,6,0,1,0,0,2,0
101,1.23,6,0,15,1,2,2,0
3,3.42,9,0,6,0,0,0,0
51,1.02,10,0,16,0,0,1,0
101,4.03,0,0,7,1,0,2,0
14,8.69,7,1,6,0,0,2,0
90,2.76,7,1,17,0,1,2,0
124,2.46,2,1,18,0,0,2,0
96,7.75,0,1,5,0,2,2,0
97,3.53,9,1,1,0,1,2,0
44,8.1,9,1,17,0,0,2,0
86,1.05,4,1,20,0,0,2,0
86,0.43,13,0,2,0,2,2,0
74,0.33,10,1,19,1,2,2,0
4,3.95,2,0,18,1,2,2,0
90,1.84,13,1,13,1,0,2,0
54,4.19,2,1,17,0,0,1,0
74,0.42,7,1,6,0,2,2,0
116,0.83,8,0,18,0,0,2,0
2,6.03,4,0,1,1,2,2,0
100,1.77,1,1,0,0,2,2,0
72,4.92,10,1,19,0,0,1,0
59,1.68,7,0,10,0,0,1,0
53,1.73,14,0,10,1,0,1,0
28,2.97,7,1,15,1,1,1,0
60,6.41,12,1,11,1,1,1,0
13,0.57,5,1,13,0,1,1,0
105,9.87,7,1,11,1,2,2,0
93,6.48,8,1,17,0,2,2,0
126,3.61,0,1,23,1,0,2,0
13,7.32,3,1,4,0,2,2,0
19,7.94,11,0,9,0,0,1,0
60,1.1,11,1,18,1,1,1,0
4,1.16,2,1,12,0,0,0,0
51,9.89,6,1,5,0,1,2,0
42,9.86,12,0,21,0,0,2,0
99,7.43,4,1,12,0,0,2,0
29,3.79,9,0,17,0,0,0,0
26,0.08,15,0,22,1,0,0,0
75,3.16,8,0,10,0,2,2,0
92,0.29,2,0,0,1,1,2,0
112,7.98,7,1,5,1,0,2,0
93,5.98,2,1,13,0,1,2,0
46,2.64,7,0,4,0,2,2,0
96,4.79,3,0,12,1,1,2,0
108,0.22,9,0,6,1,1,2,0
112,4.44,2,1,18,0,1,2,0
120,0.85,10,0,4,0,2,2,0
126,8.64,15,1,5,1,0,2,0
80,5.27,3,1,23,0,0,2,0
122,9.71,10,0,2,0,1,2,0
41,7.23,3,0,9,1,1,1,0
78,9.66,14,0,2,0,1,2,0
19,9.23,15,1,2,0,2,2,0
104,4.02,10,1,10,0,2,2,0
90,4.76,0,0,8,0,0,2,1
23,9.33,12,0,14,0,1,2,0
26,2.06,1,0,3,0,1,1,0
54,5.32,2,0,14,0,0,1,0
62,9.65,15,1,11,1,1,2,0
3,0.31,2,1,9,0,1,1,0
14,7.1,14,0,9,0,0,1,0
107,8.7,6,1,22,0,1,2,0
17,8.36,8,1,10,1,2,2,0
101,9.43,4,1,16,0,0,2,0
58,9.52,1,1,9,0,2,2,0
18,7.97,13,1,12,0,0,1,0
89,0.98,10,0,7,1,2,2,0
108,3.91,4,0,15,1,1,2,0
65,3.25,7,0,13,1,2,2,0
80,0.1,1,1,20,1,0,2,0
24,6.91,6,1,20,0,0,1,0
74,6.41,7,0,21,0,1,1,0
11,6.39,13,1,14,1,0,1,0
28,5.57,7,0,8,0,2,2,0
82,6.34,8,1,15,1,1,2,0
61,2.38,7,1,20,1,0,1,0
110,7.59,15,0,3,1,2,2,0
92,1.56,11,0,2,1,1,2,0
12,2.54,0,0,15,0,0,0,1
29,5.18,12,1,8,0,2,2,0
91,1.69,0,1,23,1,0,2,0
89,4.83,4,0,16,1,1,2,0
39,3.91,1,1,6,0,1,1,0
19,4.26,3,0,19,1,1,1,0
9,8.12,12,0,23,1,2,2,0
6,5.11,1,1,16,0,0,1,0
31,1.5,3,1,18,1,2,2,0
35,8.78,4,0,6,0,0,2,0
47,3.29,15,1,4,1,0,1,0
54,5.19,11,1,3,1,0,1,0
117,6.99,8,0,6,1,0,2,0
127,6.53,15,0,4,0,1,2,0
125,2.33,15,1,5,0,2,2,0
79,7.22,0,1,5,0,1,1,0
61,8.96,8,0,11,1,0,2,0
73,1.43,1,1,18,0,2,2,0
84,2.26,0,1,11,1,1,2,0
57,3.95,5,1,6,1,2,2,0
89,4.54,7,0,13,0,0,2,0
38,0.85,10,0,3,0,0,1,0
53,0.51,0,1,10,0,1,1,0
11,1.78,8,1,18,1,2,2,0
73,7.11,3,0,6,0,2,2,0
32,1.81,5,0,17,1,0,0,0
82,8.86,15,0,23,1,0,2,0
26,2.49,0,1,17,1,2,2,0
52,4.8,5,0,7,0,1,1,0
47,1.41,1,0,19,0,1,1,0
17,3.72,7,0,14,1,1,1,0
63,5.4,6,1,20,1,2,2,0
112,8.88,7,0,3,0,0,2,0
114,0.61,8,1,12,0,1,2,0
93,3.13,0,1,15,0,0,2,0
82,9.14,11,1,20,0,0,2,0
67,5.52,3,0,16,0,2,2,0
45,5.65,7,1,1,0,2,2,0
71,4.92,5,1,16,1,2,2,0
90,2.19,2,1,13,1,0,2,0
82,8.84,7,0,23,0,1,2,0
4,3.81,13,1,1,1,0,0,0
59,0.91,2,1,22,0,0,1,0
85,3.37,7,0,19,0,1,2,0
52,7.26,6,1,21,0,0,1,0
124,4.93,2,1,0,0,1,2,0
54,0.27,3,0,1,0,1,1,0
94,5.17,1,1,4,0,1,2,0
46,8.28,14,1,4,1,1,2,0
69,9.32,7,0,11,1,0,2,0
108,9.45,4,0,10,0,1,2,0
112,6.24,3,0,0,1,0,2,0
8,6.21,15,0,7,1,2,2,0
82,0.11,3,1,17,1,1,2,0
82,4.35,14,0,23,1,1,2,0
75,9.96,1,1,8,0,2,2,0
92,9.04,11,1,13,1,1,2,0
2,5.64,5,0,3,1,2,2,0
127,7.99,7,0,0,0,0,2,0
65,8.64,2,1,1,1,2,2,0
13,3.88,15,0,18,0,1,1,0
69,9.53,11,1,16,1,0,2,0
12,0.14,9,0,0,1,2,2,0
105,2.55,11,1,19,1,1,2,0
54,2.96,14,1,5,1,1,1,0
4,2.82,4,1,12,1,0,0,0
80,4.43,1,0,6,0,2,2,0
120,6.02,2,0,16,0,0,2,0
27,7.93,12,1,5,1,0,1,0
30,3.68,10,0,9,0,0,0,0
86,9.4,14,0,15,1,0,2,0
110,6.84,15,1,23,1,0,2,0
25,6.26,7,0,22,0,0,1,0
117,4.02,1,0,11,1,1,2,0
25,4.13,8,1,8,1,2,2,0
107,2.83,5,1,21,1,0,2,0
58,1.85,2,0,7,1,2,2,0
32,2.72,8,1,22,0,2,2,0
117,7.48,10,0,22,1,1,2,0
78,0.2,0,1,12,1,2,2,0
65,8.97,7,0,20,1,2,2,0
128,4.94,0,1,7,1,1,2,0
122,4.18,8,1,6,1,2,2,0
11,3.22,8,0,11,0,2,2,0
25,8.55,14,0,13,0,2,2,0
114,3.07,13,1,13,1,2,2,0
102,7.54,2,0,19,0,1,2,0
41,3.81,8,0,10,0,0,1,0
114,4.35,15,0,16,1,1,2,0
114,3.19,3,0,20,1,2,2,0
111,7.34,6,1,15,0,2,2,0
77,8.56,14,1,15,0,1,2,0
8,3.55,14,1,1,0,1,1,0
4,6.97,11,1,9,1,2,2,0
72,0.36,10,1,10,0,1,1,0
99,9.93,6,1,8,1,2,2,0
68,3.57,10,1,12,1,0,1,0
61,8.28,8,0,0,1,0,2,0
87,9.52,0,1,5,1,2,2,0
120,1.31,4,1,12,1,2,2,0
129,8.81,15,0,22,1,0,2,0
109,8.17,0,0,13,1,2,2,0
7,7.88,5,1,13,1,1,1,0
44,6.41,9,0,22,1,0,1,0
14,9.61,12,0,13,1,0,2,0
122,4.96,14,1,4,1,1,2,0
27,4.2,9,0,18,0,1,1,0
49,9.45,13,1,0,1,0,2,0
87,6.07,11,0,3,1,2,2,0
18,3.49,15,0,15,0,0,0,0
13,4.78,1,0,16,0,0,1,0
55,7.54,9,0,4,0,1,1,0
76,2.32,13,0,8,1,0,1,0
0,0.9,12,1,19,0,0,0,0
44,5.72,9,1,8,0,0,1,0
17,9.91,4,1,19,0,1,2,0
111,9.15,11,0,2,0,0,2,0
48,8.26,1,1,19,1,1,2,0
110,6.46,8,0,6,1,0,2,0
53,7.21,11,1,5,1,1,1,0
62,4.74,15,0,9,1,0,1,0
62,0.1,5,1,15,0,2,2,0
20,9.95,6,0,12,0,1,2,0
11,9.49,10,1,6,0,1,2,0
113,6.17,4,1,20,1,2,2,0
130,2.46,14,0,12,1,2,2,0
124,5.89,7,1,19,0,0,2,0
111,4.42,15,1,8,1,2,2,0
98,9.19,2,0,9,0,1,2,0
97,7.05,5,1,19,1,1,2,0
46,8.35,9,0,23,1,1,2,0
56,0.74,1,0,0,1,0,1,0
67,0.77,0,1,3,0,0,1,0
71,2.49,7,1,1,0,1,1,0
93,4.38,3,1,19,1,0,2,0
91,3.18,2,0,11,0,0,2,0
20,0.3,3,1,16,1,1,1,0
101,4.43,7,0,7,1,0,2,0
11,7.24,2,1,8,0,0,1,0
115,3.59,0,1,7,0,0,2,0
26,7.06,14,0,14,0,0,1,0
123,8.11,1,0,0,0,2,2,0
74,5.66,13,0,2,0,0,1,0
66,0.16,0,1,2,0,2,2,0
97,3.35,13,1,1,0,2,2,0
80,8.55,8,0,10,0,1,2,0
120,0.83,0,0,9,1,0,2,0
21,8.94,7,0,22,0,2,2,0
83,6.11,13,0,4,1,1,2,0
48,7.99,8,1,15,1,1,1,0
12,8.47,8,1,12,0,1,2,0
120,3.5,8,0,5,1,1,2,0
66,7.57,12,1,21,1,0,1,0
125,3.38,8,0,23,0,1,2,0
127,1.09,3,1,17,0,1,2,0
14,3.69,0,0,18,1,2,2,0
84,3.54,15,0,17,0,1,2,0
125,7.38,12,1,1,1,1,2,0
74,0.91,9,1,23,0,2,2,0
66,7.66,12,1,20,0,2,2,0
15,7.0,1,0,10,0,0,1,0
112,6.69,13,0,13,1,2,2,0
113,0.43,4,1,2,1,2,2,0
129,1.16,4,0,14,1,2,2,0
20,4.39,0,0,13,0,1,1,1
56,4.26,15,0,21,0,2,2,0
119,3.91,3,0,10,1,0,2,0
117,7.83,10,0,0,1,1,2,0
3,0.8,14,1,3,0,0,0,0
114,9.13,8,0,16,1,1,2,0
92,4.57,3,1,15,1,0,2,0
110,4.28,4,0,19,0,0,2,0
59,2.99,3,1,6,0,2,2,0
38,1.11,5,1,5,1,2,2,0
124,5.35,6,1,14,1,2,2,0
13,8.95,3,0,21,0,1,2,0
68,8.08,14,1,18,0,0,2,0
45,6.71,5,1,12,0,0,1,0
55,4.15,0,0,4,1,1,1,0
9,7.92,12,0,22,0,2,2,0
101,7.18,14,0,7,1,1,2,0
90,8.85,3,1,3,1,1,2,0
96,7.53,13,1,4,1,1,2,0
101,9.24,6,1,1,0,1,2,0
62,9.81,12,1,6,0,0,2,0
37,1.78,8,1,1,0,1,1,0
68,0.18,14,1,6,1,0,1,0
51,6.36,9,0,1,0,2,2,0
1,4.37,10,1,16,1,0,1,0
59,9.55,0,1,13,0,0,2,0
80,8.37,13,0,22,1,0,2,0
98,2.76,7,1,11,0,1,2,0
72,4.67,1,1,23,0,0,1,0
67,4.7,4,1,20,0,0,1,0
116,4.25,11,0,6,0,2,2,0
12,3.21,1,0,19,1,1,1,0
84,2.99,6,0,17,1,0,2,0
124,3.07,12,0,16,0,2,2,0
83,7.84,14,0,11,1,0,2,0
47,0.13,4,1,2,1,1,1,0
14,1.17,10,0,8,1,0,0,0
23,8.01,15,1,0,1,0,2,0
53,9.83,3,1,2,0,1,2,0
23,8.22,3,0,0,0,1,2,0
66,6.32,1,1,23,1,0,1,0
84,4.28,6,0,4,1,1,2,0
37,7.85,12,1,14,0,2,2,0
119,8.37,6,0,18,0,2,2,0
94,1.78,6,0,12,0,1,2,0
105,1.99,1,1,2,0,1,2,0
31,2.04,6,1,19,0,0,0,0
80,5.35,2,0,13,1,2,2,0
73,8.7,13,1,6,1,1,2,0
49,0.84,9,1,22,1,1,1,0
107,5.52,3,1,1,1,0,2,0
75,3.81,7,0,17,1,2,2,0
122,8.77,7,0,21,0,0,2,0
50,0.08,4,0,7,0,2,2,0
61,1.04,12,0,4,1,0,1,0
39,4.96,8,0,0,1,0,1,0
111,9.29,13,1,14,0,1,2,0
39,3.89,5,1,10,1,2,2,0
129,6.06,13,0,13,0,1,2,0
52,9.71,15,0,16,0,2,2,0
37,2.01,1,1,0,0,2,2,0
43,2.95,15,0,20,1,1,1,0
25,5.24,12,0,3,0,2,2,0
129,6.6,13,0,12,1,2,2,0
44,5.05,2,1,17,1,0,1,0
3,3.78,12,0,5,1,2,2,0
12,3.12,5,1,5,1,1,1,0
82,5.04,0,1,17,0,2,2,0
115,5.97,5,1,3,1,2,2,0
113,0.08,3,0,17,0,2,2,0
54,2.64,0,1,23,1,1,1,0
116,5.51,1,1,17,0,0,2,0
65,4.16,10,1,22,1,2,2,0
34,3.87,5,0,6,0,2,2,0
129,6.88,13,1,23,1,1,2,0
14,3.2,15,1,7,0,2,2,0
127,7.25,0,0,14,0,2,2,1
85,7.06,7,1,3,0,1,2,0
127,0.23,2,1,10,1,2,2,0
25,2.35,14,0,22,0,1,1,0
42,9.73,3,1,21,1,1,2,0
35,2.7,8,1,7,0,0,1,0
127,9.76,5,1,7,0,1,2,0
122,4.09,4,0,16,1,0,2,0
112,5.21,12,1,0,0,1,2,0
113,4.49,13,1,4,0,2,2,0
124,5.11,10,1,10,0,1,2,0
87,6.64,9,0,8,1,2,2,0
108,4.02,5,0,18,0,1,2,0
41,1.35,13,1,19,1,0,1,0
110,6.66,3,1,8,0,0,2,0
41,4.38,7,1,21,0,0,1,0
34,8.03,12,0,4,1,2,2,0
64,4.23,13,0,18,1,1,1,0
22,0.6,11,1,11,1,1,1,0
13,5.6,9,0,15,0,2,2,0
78,8.32,5,1,4,1,0,2,0
93,0.04,12,0,1,0,0,2,0
109,4.13,9,1,20,0,2,2,0
111,0.75,1,0,0,0,2,2,0
27,4.3,11,1,9,1,1,1,0
63,0.39,3,1,16,1,1,1,0
33,6.55,15,1,20,0,0,1,0
80,1.81,4,1,21,1,2,2,0
50,0.56,6,0,3,1,1,1,0
95,8.21,12,0,1,1,0,2,0
103,7.51,2,0,15,0,0,2,0
64,0.01,4,1,1,0,1,1,0
69,1.76,14,1,8,0,1,1,0
78,7.63,13,1,4,1,2,2,0
91,0.61,10,0,9,1,1,2,0
67,0.8,13,0,5,1,2,2,0
90,1.92,15,1,11,1,1,2,0
47,0.59,2,1,10,0,2,2,0
42,7.63,1,0,12,1,2,2,0
59,0.2,7,0,19,1,1,1,0
71,2.95,9,0,7,0,2,2,0
79,3.45,14,1,15,1,2,2,0
13,2.95,15,1,4,1,2,2,0
100,7.19,15,0,23,0,2,2,0
75,1.03,0,1,14,0,0,1,0
8,5.96,14,1,9,0,2,2,0
130,1.65,7,0,12,1,0,2,0
31,1.29,4,1,11,1,2,2,0
120,9.7,1,0,9,0,0,2,0
87,6.43,15,0,11,1,0,2,0
67,6.79,11,1,11,0,2,2,0
37,9.94,7,1,6,1,1,2,0
14,7.17,14,0,16,0,1,1,0
55,0.71,7,1,19,1,0,1,0
82,9.33,8,1,19,0,2,2,0
120,2.09,3,0,16,0,0,2,0
25,7.94,5,1,9,0,0,1,0
130,0.79,8,1,15,0,1,2,0
116,0.52,1,1,0,1,0,2,0
94,9.47,0,1,4,1,2,2,0
55,1.86,12,0,8,0,0,1,0
109,3.35,4,0,15,0,1,2,0
125,0.4,7,1,19,1,1,2,0
84,1.63,6,1,6,1,2,2,0
27,8.11,9,1,8,1,0,2,0
57,9.82,11,1,22,0,2,2,0
42,4.0,4,0,3,1,1,1,0
26,3.16,10,0,15,1,1,1,0
126,9.58,11,1,23,0,0,2,0
52,0.71,14,0,2,0,2,2,0
76,8.17,10,1,2,1,2,2,0
24,8.59,12,1,20,0,0,2,0
28,8.03,0,0,5,1,2,2,0
108,3.08,11,1,1,0,1,2,0
30,6.36,10,0,16,0,2,2,0
107,1.93,0,1,6,1,1,2,0
53,1.71,14,0,22,1,1,1,0
98,7.75,5,1,16,1,1,2,0
49,0.89,11,0,21,1,0,1,0
125,1.34,0,1,10,1,2,2,0
49,7.33,9,1,8,1,0,1,0
96,6.6,10,1,5,1,2,2,0
51,5.53,0,0,15,1,2,2,0
19,8.44,14,0,21,1,2,2,0
84,0.06,14,0,10,0,2,2,0
39,3.5,3,0,6,0,2,2,0
111,4.53,0,1,11,0,1,2,0
71,8.29,11,1,13,0,2,2,0
104,8.06,14,1,0,0,2,2,0
85,0.55,8,0,8,0,0,2,0
0,9.87,12,1,10,1,1,2,0
77,4.61,13,1,11,1,0,1,0
35,5.88,15,1,9,0,0,1,0
86,0.03,10,0,23,0,0,2,0
62,0.55,9,1,22,0,0,1,0
79,7.03,0,1,3,1,1,1,0
56,8.5,14,0,0,1,0,2,0
75,1.65,0,1,22,0,2,2,0
106,1.49,6,0,18,1,0,2,0
90,8.68,15,0,1,1,1,2,0
31,3.97,1,0,13,1,0,0,0
84,5.76,8,0,3,1,2,2,0
120,4.43,13,0,3,1,1,2,0
113,0.32,12,0,17,1,1,2,0
107,8.27,4,0,19,0,0,2,0
125,5.41,9,1,14,0,1,2,0
55,4.55,12,1,17,1,0,1,0
114,9.87,5,0,0,0,2,2,0
112,0.65,10,1,15,1,2,2,0
90,0.16,6,0,12,1,0,2,0
22,0.66,10,1,14,0,1,1,0
4,5.36,5,1,12,1,2,2,0
30,6.41,14,0,13,1,0,1,0
71,6.7,5,0,21,0,1,1,0
104,6.39,15,0,7,0,2,2,0
16,3.65,2,0,12,0,0,0,0
70,9.03,1,1,13,1,1,2,0
67,0.6,11,0,10,0,2,2,0
57,6.16,4,1,17,0,2,2,0
18,6.22,5,1,17,0,0,1,0
128,8.44,13,0,20,1,2,2,0
18,8.93,9,1,2,1,2,2,0
109,8.71,12,0,3,1,1,2,0
38,8.35,8,0,0,1,1,2,0
12,5.57,0,1,23,1,2,2,0
39,2.8,0,1,19,1,1,1,0
82,7.02,5,1,0,0,0,2,0
15,1.97,11,0,23,1,0,0,0
114,3.48,13,0,4,1,2,2,0
77,6.34,14,1,8,0,2,2,0
69,5.9,11,0,5,1,0,1,0
9,0.83,4,1,7,0,1,1,0
34,9.83,14,1,22,1,0,2,0
83,5.77,5,1,16,0,0,2,0
92,7.41,8,0,22,1,1,2,0
46,0.91,0,0,3,1,2,2,0
86,4.77,8,0,21,1,0,2,0
53,6.23,11,1,7,0,0,1,0
120,3.62,6,1,7,0,1,2,0
81,8.97,10,0,21,0,0,2,0
71,2.35,4,0,23,0,2,2,0
89,7.98,15,1,10,1,0,2,0
1,4.91,7,1,0,0,1,1,0
66,8.57,10,1,23,0,1,2,0
43,6.13,9,0,15,0,2,2,0
97,1.87,11,1,23,0,2,2,0
48,8.67,14,0,13,0,2,2,0
92,8.69,14,0,12,0,2,2,0
15,3.67,4,0,13,0,0,0,0
21,9.72,14,1,0,0,0,2,0
94,1.98,4,1,23,0,0,2,0
76,7.67,9,1,15,1,1,1,0
130,6.97,13,0,23,1,0,2,0
60,9.87,15,0,16,0,2,2,0
85,2.48,5,0,5,0,2,2,0
57,9.84,12,1,14,1,0,2,0
124,7.92,12,1,9,1,0,2,0
40,6.26,12,0,5,0,0,1,0
52,7.85,13,1,21,1,0,1,0
98,1.22,1,1,2,1,0,2,0
110,5.7,6,1,10,0,0,2,0
98,6.58,6,0,19,0,0,2,0
97,1.46,12,0,9,0,1,2,0
129,3.73,15,0,1,0,1,2,0
48,6.34,11,1,19,1,2,2,0
106,9.13,10,0,21,1,2,2,0
76,0.73,6,1,5,0,2,2,0
98,7.63,2,0,0,1,0,2,0
72,5.96,5,0,22,1,0,1,0
62,7.8,13,0,16,1,2,2,0
129,2.86,8,0,15,0,0,2,0
50,1.74,15,1,13,0,2,2,0
57,7.76,2,0,21,0,1,1,0
59,5.12,9,0,1,1,2,2,0
124,3.29,12,1,5,0,2,2,0
31,5.56,1,0,16,1,1,1,0
118,1.66,2,0,3,0,0,2,0
98,3.57,14,1,12,0,0,2,0
14,1.31,6,0,4,0,1,1,0
29,4.48,0,1,5,0,0,1,0
126,8.56,2,0,17,1,2,2,0
42,0.24,6,0,8,0,1,1,0
88,1.3,14,0,12,0,2,2,0
26,0.1,11,0,3,0,0,0,0
17,4.6,5,1,2,0,1,1,0
43,1.56,0,0,6,1,0,1,0
45,0.3,2,1,0,0,1,1,0
99,6.16,2,0,12,0,1,2,0
126,1.43,15,0,1,1,1,2,0
12,6.96,0,1,23,0,2,2,0
89,2.29,6,1,0,0,1,2,0
47,4.21,10,0,1,1,2,2,0
69,3.78,3,1,7,0,1,1,0
19,8.1,10,0,6,0,2,2,0
32,0.29,12,1,6,0,2,2,0
38,2.93,0,1,9,0,2,2,0
51,3.38,13,1,10,0,0,1,0
12,2.22,12,0,21,1,1,1,0
71,2.01,3,1,16,0,2,2,0
2,0.28,9,0,12,0,2,2,1
96,4.88,1,0,22,1,1,2,0
61,6.48,8,1,11,0,0,1,0
57,5.78,11,1,16,1,1,1,0
73,6.43,1,0,16,0,2,2,0
5,1.4,5,0,3,1,1,1,0
26,6.0,0,1,23,0,2,2,0
28,8.52,11,0,14,1,0,2,0
41,3.9,14,1,20,1,0,1,0
71,4.01,12,0,21,0,2,2,0
72,9.92,13,1,13,1,0,2,0
2,1.42,0,1,17,1,0,0,0
7,8.28,12,1,7,1,1,2,0
96,7.52,2,1,9,0,2,2,0
120,1.15,14,1,10,0,0,2,0
75,3.63,11,1,0,0,0,1,0
37,6.28,0,1,23,1,1,1,0
120,1.96,10,1,8,0,1,2,0
35,5.94,6,1,20,0,0,1,0
6,5.65,5,1,10,0,2,2,0
29,2.64,13,1,14,0,0,0,0
50,4.18,14,1,3,1,0,1,0
109,0.13,5,1,5,1,1,2,0
51,6.61,2,0,8,0,1,1,0
107,1.86,5,0,18,1,1,2,0
17,4.92,8,0,3,1,0,1,0
114,6.14,11,1,17,0,2,2,0
29,4.46,6,0,19,1,2,2,0
26,0.26,5,1,20,1,1,1,0
27,1.37,1,1,9,1,1,1,0
104,8.37,15,1,8,1,2,2,0
91,3.82,10,0,17,1,1,2,0
14,7.45,2,1,7,0,1,1,0
119,8.83,5,1,3,0,0,2,0
88,6.29,3,1,7,0,1,2,0
85,1.41,7,0,21,1,1,2,0
30,5.37,3,0,11,0,2,2,0
52,8.09,1,1,6,0,1,2,0
125,2.19,0,0,1,0,2,2,1
74,0.19,13,1,14,1,2,2,0
36,6.96,2,0,23,0,1,1,0
3,8.45,3,1,1,1,1,2,0
75,9.72,9,1,22,1,0,2,0
111,5.91,3,1,7,1,1,2,0
120,2.07,9,0,3,1,2,2,0
95,4.13,13,1,19,1,2,2,0
41,5.63,5,1,7,0,2,2,0
121,2.18,8,0,15,0,0,2,0
20,5.71,1,1,13,1,1,1,0
27,9.24,8,0,21,0,1,2,0
48,0.21,14,1,16,0,0,1,0
129,4.44,2,1,1,1,2,2,0
22,5.83,15,0,5,1,0,1,0
60,4.28,7,1,8,0,1,1,0
63,5.34,2,0,2,1,0,1,0
73,0.75,11,1,22,0,1,1,0
36,4.14,2,0,23,1,1,1,0
97,9.25,5,0,14,0,1,2,0
118,5.39,7,1,9,0,1,2,0
82,9.32,13,1,14,0,0,2,0
25,7.78,10,0,12,1,0,1,0
121,6.37,0,0,17,1,0,2,0
49,0.45,9,1,15,0,1,1,0
95,9.02,0,0,21,1,0,2,0
130,6.84,1,0,9,1,1,2,0
47,5.56,5,1,2,1,0,1,0
67,6.92,1,1,6,1,0,1,0
20,2.62,6,0,16,0,0,0,0
115,9.11,4,0,16,0,1,2,0
86,0.07,7,0,20,0,1,2,0
28,6.55,12,1,15,1,1,1,0
47,7.25,6,1,17,0,0,1,0
59,9.26,15,0,22,0,2,2,0
124,8.1,3,0,11,1,0,2,0
47,3.65,7,0,5,0,0,1,0
101,4.87,13,0,20,0,0,2,0
128,3.11,15,1,12,0,0,2,0
130,4.93,0,1,5,1,2,2,0
64,5.31,2,0,10,0,0,1,0
22,4.17,2,0,16,0,1,1,0
56,6.02,10,0,1,0,0,1,0
114,6.46,3,1,13,1,0,2,0
81,2.45,13,0,7,0,0,2,0
112,1.67,9,1,3,0,1,2,0
110,8.0,5,0,1,1,1,2,0
7,0.65,8,1,15,0,0,0,0
70,7.04,2,0,17,0,1,1,0
75,4.38,5,0,17,0,1,1,0
32,2.85,14,1,16,1,1,1,0
47,2.14,14,1,22,0,1,1,0
56,8.03,4,1,14,1,0,2,0
106,9.74,6,1,20,0,2,2,0
61,4.08,1,1,11,1,1,1,0
19,6.98,8,0,13,1,2,2,0
62,6.75,15,1,13,0,2,2,0
69,3.54,10,1,14,1,2,2,0
126,8.89,11,0,22,1,1,2,0
129,2.34,2,0,14,1,1,2,0
42,1.9,12,0,9,0,1,1,0
68,3.24,5,1,12,1,2,2,0
15,1.55,15,0,19,1,2,2,0
18,9.13,3,0,7,1,2,2,0
105,2.08,5,1,0,0,2,2,0
7,3.04,15,1,2,0,1,1,0
2,5.13,12,1,10,0,0,1,0
105,7.77,3,1,0,1,2,2,0
128,2.07,6,0,7,0,2,2,0
77,0.32,15,1,18,1,0,1,0
91,9.02,2,1,11,1,1,2,0
93,3.19,9,1,6,0,2,2,0
18,9.73,15,0,10,1,0,2,0
86,9.91,15,0,16,1,0,2,0
13,5.72,0,0,23,1,1,1,0
29,4.08,2,1,6,0,1,1,0
96,4.06,5,1,9,1,1,2,0
118,7.02,2,0,9,0,0,2,0
99,8.67,14,1,14,1,1,2,0
67,3.93,0,1,17,0,1,1,0
46,4.18,11,0,7,0,2,2,0
79,6.08,13,1,12,0,2,2,0
29,5.14,10,0,9,0,1,1,0
5,1.93,7,1,16,1,1,1,0
85,1.05,12,0,18,0,1,2,0
14,8.66,5,0,0,1,1,2,0
55,9.44,2,0,2,0,1,2,0
82,3.3,14,0,1,1,0,2,0
87,4.01,15,0,7,0,1,2,0
53,9.41,11,1,16,0,1,2,0
18,6.47,11,0,1,1,0,1,0
60,3.99,14,1,12,1,2,2,0
92,8.05,6,0,23,0,1,2,0
98,4.79,14,0,18,1,1,2,0
80,3.28,14,0,4,0,2,2,0
78,3.34,0,0,17,1,1,1,0
52,5.6,4,1,18,1,1,1,0
71,9.56,7,1,12,1,1,2,0
109,8.41,12,0,16,1,2,2,0
108,2.32,2,1,3,0,1,2,0
9,7.46,9,0,21,1,1,1,0
66,4.66,5,1,1,1,0,1,0
92,3.0,10,0,15,1,0,2,0
15,6.02,8,1,20,0,2,2,0
121,2.77,1,1,10,0,2,2,0
62,6.11,8,1,0,0,1,1,0
43,9.82,0,0,10,1,2,2,0
29,6.76,0,1,17,1,1,1,0
117,0.0,15,1,0,0,0,2,0
55,8.38,5,1,12,1,2,2,0
122,6.92,9,1,7,0,1,2,0
123,0.67,12,0,13,1,2,2,0
112,7.35,13,0,12,0,0,2,0
100,2.08,3,0,0,0,0,2,0
104,1.3,13,1,0,1,1,2,0
101,3.66,8,1,14,0,1,2,0
57,3.94,8,0,8,1,1,1,0
26,1.32,14,1,5,0,2,2,0
8,8.48,5,0,8,0,2,2,0
2,9.17,5,0,11,0,1,2,0
82,0.26,11,1,16,1,2,2,0
107,5.99,1,0,19,0,0,2,0
48,0.89,10,0,9,0,1,1,0
31,9.28,14,1,16,1,2,2,0
37,4.62,13,0,20,0,1,1,0
114,8.14,6,0,7,0,1,2,0
111,9.39,9,0,0,0,2,2,0
68,2.56,10,1,12,1,0,1,0
106,8.69,5,1,1,1,1,2,0
16,0.14,2,1,2,1,0,0,0
46,6.38,11,0,6,1,2,2,0
109,3.69,11,1,13,0,0,2,0
15,2.2,8,1,14,0,1,1,0
66,3.03,1,0,19,0,2,2,0
130,8.98,3,1,21,0,1,2,0
54,3.4,8,0,10,1,0,1,0
108,8.06,0,1,22,0,0,2,0
129,2.84,14,1,2,0,2,2,0
65,7.75,14,1,19,0,2,2,0
81,0.18,4,1,1,1,2,2,0
80,7.69,13,1,2,0,0,2,0
102,6.17,13,0,3,1,2,2,0
116,2.19,14,0,10,0,0,2,0
59,1.19,8,1,9,0,2,2,0
64,2.71,4,0,22,1,1,1,0
4,0.61,5,0,3,1,0,0,0
120,5.6,7,0,10,0,2,2,0
6,8.49,7,1,20,0,0,2,0
40,8.8,4,0,10,1,2,2,0
94,7.07,12,0,16,1,2,2,0
127,3.71,11,1,17,0,0,2,0
62,6.02,9,0,2,0,2,2,0
89,0.79,11,1,17,1,2,2,0
47,7.85,0,1,15,0,2,2,0
130,2.42,14,0,0,0,2,2,0
110,8.14,9,1,20,0,1,2,0
74,3.41,13,0,21,1,2,2,0
96,6.4,0,0,5,1,0,2,0
129,4.47,14,1,1,0,2,2,0
33,0.35,10,0,1,1,1,1,0
12,8.87,9,0,18,0,2,2,0
102,8.26,8,1,15,0,2,2,0
42,0.41,9,1,8,0,2,2,0
122,2.36,3,1,2,0,0,2,0
17,1.81,6,1,15,0,2,2,0
18,7.35,8,0,13,0,2,2,0
100,4.15,13,1,15,0,0,2,0
125,6.94,7,1,5,1,1,2,0
107,3.67,0,0,3,0,0,2,1
1,0.75,12,0,20,0,0,0,1
23,3.31,1,0,15,1,0,0,0
98,8.76,8,0,1,1,0,2,0
75,1.48,7,0,12,1,0,1,0
54,1.31,9,1,23,1,1,1,0
121,1.16,12,0,12,0,1,2,0
116,9.59,7,1,14,0,0,2,0
65,1.22,3,0,1,1,0,1,0
6,5.04,8,1,19,0,2,2,0
26,6.55,14,0,23,1,1,1,0
69,4.65,13,1,17,1,1,1,0
93,4.5,0,0,23,0,1,2,1
118,8.71,10,1,15,0,0,2,0
55,7.42,15,1,17,1,1,1,0
41,2.17,1,0,9,1,0,1,0
49,2.65,6,0,8,0,0,1,0
118,8.49,0,0,4,1,1,2,0
89,3.38,14,1,6,1,1,2,0
22,9.48,6,0,10,0,0,2,0
120,8.54,4,0,1,0,1,2,0
129,1.64,15,0,12,0,2,2,0
63,8.66,1,1,17,0,2,2,0
109,8.81,2,0,5,1,2,2,0
5,3.03,7,0,12,1,2,2,0
118,9.23,4,0,3,0,1,2,0
27,7.02,3,0,18,0,2,2,0
116,9.99,13,0,11,0,0,2,0
85,1.52,13,1,6,1,0,2,0
18,0.12,0,1,17,1,2,2,0
110,2.74,9,0,9,1,0,2,0
89,8.75,9,1,17,1,0,2,0
119,2.92,5,1,5,1,1,2,0
113,9.25,15,1,7,1,0,2,0
99,6.26,12,0,7,0,2,2,0
63,6.57,0,0,8,0,2,2,1
90,7.12,1,1,20,0,1,2,0
24,6.21,12,0,4,0,0,1,0
78,4.88,15,0,10,1,0,1,0
23,3.61,11,0,7,1,0,0,0
100,1.26,0,1,5,0,1,2,0
104,3.98,6,0,18,0,1,2,0
21,6.39,6,1,6,1,2,2,0
52,4.07,10,1,16,0,2,2,0
127,4.43,7,1,15,0,1,2,0
66,0.94,13,1,12,0,0,1,0
125,7.45,7,0,19,1,1,2,0
127,3.01,6,0,12,0,2,2,0
77,5.22,0,0,18,1,0,1,0
107,6.72,1,1,11,1,2,2,0
39,3.78,14,1,6,0,0,1,0
47,3.38,3,0,21,1,1,1,0
103,2.23,0,1,3,1,2,2,0
64,2.61,14,1,10,0,0,1,0
77,4.01,12,1,3,1,2,2,0
45,0.67,11,0,14,0,0,1,0
95,6.88,4,1,10,1,2,2,0
116,0.29,10,0,20,0,1,2,0
112,2.6,10,0,15,1,1,2,0
79,5.35,9,0,7,0,0,1,0
45,4.56,1,1,17,0,0,1,0
89,6.07,5,0,8,1,0,2,0
73,8.26,3,1,0,0,1,2,0
63,3.09,15,1,22,1,1,1,0
104,1.07,8,0,3,0,0,2,0
25,2.93,14,0,18,0,2,2,0
43,8.28,7,1,16,1,1,2,0
2,6.74,4,1,15,0,0,1,0
113,9.8,3,1,12,1,0,2,0
1,8.33,3,1,9,1,1,2,0
64,0.14,0,0,0,0,0,1,1
11,8.62,8,0,19,1,1,2,0
75,0.33,7,1,13,1,1,1,0
32,8.21,10,1,4,0,0,2,0
60,5.5,12,1,13,0,1,1,0
11,9.88,0,1,18,0,2,2,0
30,8.63,0,0,22,0,0,2,1
0,3.32,6,1,17,0,2,2,0
101,8.65,15,0,23,0,0,2,0
48,0.1,2,0,17,0,1,1,0
43,9.4,6,1,12,1,0,2,0
28,3.66,2,1,22,0,2,2,0
15,4.45,4,1,23,0,2,2,0
42,8.32,9,0,21,1,0,2,0
85,5.38,7,1,18,0,2,2,0
99,2.0,15,1,19,1,1,2,0
22,0.53,4,0,7,1,1,1,0
129,3.48,4,0,8,1,2,2,0
55,6.48,3,1,2,0,1,1,0
82,9.6,15,1,6,0,2,2,0
38,5.87,2,1,23,0,2,2,0
76,0.64,14,1,20,0,2,2,0
10,1.87,3,1,10,1,2,2,0
20,8.1,3,1,20,0,2,2,0
71,3.37,9,1,8,1,0,1,0
11,5.76,5,1,5,1,1,1,0
5,9.8,15,0,0,0,2,2,0
5,3.55,0,0,18,1,1,1,0
53,9.64,10,1,10,0,2,2,0
32,3.3,11,1,16,0,2,2,0
68,4.24,0,0,3,1,2,2,0
28,1.28,6,1,4,1,2,2,0
47,2.93,9,1,21,0,0,1,0
34,9.73,11,0,18,0,1,2,0
114,9.04,9,1,13,0,2,2,0
92,8.09,15,1,5,1,2,2,0
122,4.84,14,1,7,0,2,2,0
54,3.33,4,0,19,0,2,2,0
14,0.37,13,0,8,1,1,1,0
20,5.05,8,0,1,0,0,1,0
49,0.15,15,1,14,0,0,1,0
110,9.93,5,1,12,1,1,2,0
92,7.28,11,0,10,1,2,2,0
82,9.41,11,0,23,1,1,2,0
68,9.86,15,0,21,1,1,2,0
130,4.73,7,0,1,0,0,2,0
87,3.52,12,1,10,0,0,2,0
73,4.45,11,0,18,1,2,2,0
130,2.86,14,0,9,0,2,2,0
79,3.72,10,1,6,0,1,1,0
10,4.27,10,0,2,0,2,2,0
100,6.48,6,1,11,1,1,2,0
71,1.64,3,0,7,0,1,1,0
19,6.16,14,1,23,0,0,1,0
1,8.61,12,1,22,1,1,2,0
49,3.79,8,0,18,1,2,2,0
39,4.38,8,0,21,1,2,2,0
69,4.7,6,1,15,1,2,2,0
54,7.15,13,0,12,0,2,2,0
123,8.05,12,1,23,1,2,2,0
14,5.4,6,0,19,1,2,2,0
81,1.63,2,1,18,0,2,2,0
7,8.6,6,0,4,1,0,2,0
94,3.19,15,1,1,0,2,2,0
77,9.26,11,1,13,1,1,2,0
24,6.4,13,0,7,0,1,1,0
61,4.51,6,0,16,0,1,1,0
78,1.09,7,1,10,0,0,1,0
45,8.11,1,0,9,1,1,2,0
127,0.78,3,1,5,1,1,2,0
53,3.33,9,0,16,1,0,1,0
34,4.96,1,0,6,0,1,1,0
65,6.34,1,0,16,0,0,1,0
97,0.03,15,1,7,1,1,2,0
53,2.08,13,0,5,1,0,1,0
62,7.25,12,1,2,1,2,2,0
45,5.92,15,0,5,1,0,1,0
24,3.6,2,1,21,0,1,1,0
24,4.75,6,1,16,1,0,1,0
67,7.3,9,1,5,1,0,1,0
36,8.22,7,1,9,1,0,2,0
43,2.56,10,1,7,0,1,1,0
19,9.61,7,0,0,1,1,2,0
34,4.73,5,0,8,0,2,2,0
125,0.36,11,1,17,0,0,2,0
85,3.66,11,1,7,1,2,2,0
16,5.26,4,1,6,1,1,1,0
99,5.8,1,0,11,1,1,2,0
53,8.26,6,0,14,0,1,2,0
99,0.01,9,0,9,1,1,2,0
94,0.26,14,1,0,1,1,2,0
100,3.47,10,0,20,1,1,2,0
101,8.68,15,0,5,0,0,2,0
74,1.82,8,0,0,0,1,1,0
61,6.9,3,0,13,1,0,1,0
63,3.82,7,1,18,0,2,2,0
23,8.45,4,0,4,1,0,2,0
34,8.16,6,0,17,1,2,2,0
30,2.7,4,1,10,1,0,0,0
37,2.61,4,0,9,0,0,1,0
38,2.31,4,0,0,0,0,1,0
48,1.29,5,0,8,0,1,1,0
15,6.41,15,0,22,0,1,1,0
58,7.59,10,1,3,1,1,1,0
47,5.88,8,1,23,1,1,1,0
73,0.56,14,1,18,1,0,1,0
96,0.69,8,0,17,0,0,2,0
119,0.4,1,1,7,0,1,2,0
14,1.29,6,0,23,1,1,1,0
120,8.4,5,1,2,1,2,2,0
50,4.29,4,1,10,1,2,2,0
115,8.65,6,0,22,1,0,2,0
128,1.56,8,1,5,0,0,2,0
47,9.92,7,0,16,0,0,2,0
128,9.39,10,0,23,0,0,2,0
86,6.01,0,1,4,1,2,2,0
7,7.71,9,0,23,0,1,1,0
76,0.74,9,1,5,0,2,2,0
39,2.52,11,1,14,0,2,2,0
56,5.75,7,1,1,1,1,1,0
40,6.94,6,0,20,1,1,1,0
28,3.52,6,1,17,0,0,0,0
114,5.08,11,0,23,0,1,2,0
62,7.62,8,1,17,1,1,1,0
88,0.59,5,1,15,0,0,2,0
46,7.41,6,0,0,1,0,1,0
107,8.74,2,1,19,1,2,2,0
76,3.94,14,1,14,1,0,1,0
25,2.69,7,1,20,1,1,1,0
10,5.56,12,0,21,0,1,1,0
0,7.46,10,0,21,1,2,2,0
67,8.92,3,0,23,0,1,2,0
90,7.39,5,1,2,0,1,2,0
104,4.46,0,1,1,1,2,2,0
102,3.02,1,0,6,1,1,2,0
43,8.41,10,0,22,0,0,2,0
110,3.2,7,0,13,0,1,2,0
56,2.98,1,0,15,0,1,1,0
38,8.9,8,0,3,0,2,2,0
16,3.35,13,0,20,0,2,2,0
93,2.41,2,0,5,1,0,2,0
102,2.76,14,1,14,1,0,2,0
111,4.38,12,1,9,0,2,2,0
105,6.27,7,0,14,0,1,2,0
20,7.35,2,0,3,0,1,1,0
74,5.24,0,1,12,1,0,1,0
26,1.12,15,1,22,0,0,0,0
71,2.56,2,0,21,0,1,1,0
43,6.99,2,1,18,0,0,1,0
72,5.68,6,0,22,1,1,1,0
14,8.88,2,0,2,0,1,2,0
10,6.71,8,0,2,0,1,1,0
94,7.86,6,0,11,1,2,2,0
81,0.39,13,0,13,1,1,2,0
29,2.67,8,0,11,0,1,1,0
103,0.21,11,0,8,0,1,2,0
121,0.52,4,0,10,0,2,2,0
99,1.15,10,0,3,0,2,2,0
111,1.74,15,0,8,0,1,2,0
49,2.63,1,1,3,1,1,1,0
2,6.32,15,0,10,1,0,1,0
31,8.49,1,1,6,1,0,2,0
47,1.46,14,0,10,0,2,2,0
78,3.21,5,1,0,1,2,2,0
8,7.4,13,0,10,0,0,1,0
104,0.39,0,0,2,0,2,2,1
68,7.73,0,0,5,1,2,2,0
28,9.94,4,0,16,1,1,2,0
19,3.35,8,0,11,1,2,2,0
49,2.98,10,0,4,1,1,1,0
66,6.45,15,0,17,1,2,2,0
100,8.4,8,0,2,0,1,2,0
17,9.52,5,0,22,1,0,2,0
69,1.89,13,1,15,1,2,2,0
59,6.63,14,1,16,0,0,1,0
126,0.03,4,1,1,0,2,2,0
91,0.83,7,0,23,0,1,2,0
116,5.76,1,0,21,0,1,2,0
98,0.84,12,0,0,0,1,2,0
38,5.9,10,0,21,0,1,1,0
102,0.58,13,1,3,0,0,2,0
69,0.02,7,0,23,0,2,2,0
122,3.91,15,0,13,0,2,2,0
106,2.29,6,0,18,1,0,2,0
100,3.91,12,1,13,0,2,2,0
87,3.54,0,0,10,0,2,2,1
13,5.48,1,1,20,0,1,1,0
12,6.92,1,1,11,1,1,1,0
79,8.0,9,0,4,1,0,2,0
106,0.66,1,1,0,0,2,2,0
10,4.4,2,0,20,0,2,2,0
79,6.11,6,1,15,1,2,2,0
3,2.37,2,1,14,1,2,2,0
23,9.74,15,1,14,1,1,2,0
5,9.69,1,1,6,1,1,2,0
50,7.38,3,1,14,1,2,2,0
33,8.93,10,0,22,0,2,2,0
100,0.36,6,0,6,1,1,2,0
74,5.55,14,1,12,1,1,1,0
52,7.72,10,0,10,0,1,1,0
126,2.84,4,1,0,0,0,2,0
14,4.58,1,0,6,1,2,2,0
22,8.56,3,0,7,0,0,2,0
128,1.52,7,1,3,1,0,2,0
6,5.77,11,1,22,1,0,1,0
102,3.99,0,1,12,1,1,2,0
68,8.96,1,1,7,1,2,2,0
102,7.18,13,0,4,0,1,2,0
113,1.32,3,0,10,1,2,2,0
9,1.69,12,0,23,0,2,2,1
77,8.51,13,1,23,1,2,2,0
36,9.03,10,1,17,1,1,2,0
55,8.5,14,1,11,0,2,2,0
16,5.32,5,0,17,1,2,2,0
112,4.11,9,1,8,0,2,2,0
57,6.7,14,0,12,0,2,2,0
15,5.12,14,1,7,1,2,2,0
78,4.43,6,0,16,0,2,2,0
65,1.8,0,0,5,1,2,2,0
42,6.42,10,0,6,1,1,1,0
20,3.17,5,0,13,1,1,1,0
1,8.21,13,0,2,0,1,2,0
109,8.74,14,0,22,1,0,2,0
94,8.48,11,0,18,0,2,2,0
84,2.51,1,1,23,1,2,2,0
86,0.18,7,1,6,0,2,2,0
64,3.77,12,0,16,0,1,1,0
75,6.07,12,0,4,1,1,1,0
57,1.83,7,0,11,0,0,1,0
122,0.17,3,0,9,1,2,2,0
108,9.44,2,1,1,0,0,2,0
70,8.09,2,0,19,0,2,2,0
64,3.47,2,0,6,1,2,2,0
27,3.04,15,1,4,1,0,0,0
117,8.03,9,0,16,0,0,2,0
51,5.95,1,0,14,1,1,1,0
114,8.67,10,0,1,1,0,2,0
81,4.84,12,0,20,0,1,2,0
115,2.09,12,0,8,0,1,2,0
120,2.81,11,0,13,0,0,2,0
80,4.37,2,1,16,0,2,2,0
67,6.53,13,1,17,1,0,1,0
113,5.27,14,1,23,1,1,2,0
51,0.6,12,0,8,1,0,1,0
20,4.93,8,0,19,1,1,1,0
6,8.98,1,0,23,0,1,2,0
105,6.77,6,1,19,1,0,2,0
114,5.2,15,1,15,1,1,2,0
66,0.0,7,1,15,0,1,1,0
88,1.14,6,1,8,0,0,2,0
41,4.18,11,1,10,0,2,2,0
57,9.13,12,1,11,1,0,2,0
116,3.7,8,1,21,1,0,2,0
59,7.79,7,1,11,1,1,1,0
60,3.99,9,0,5,0,2,2,0
67,4.38,10,1,8,1,1,1,0
91,5.04,6,0,2,1,1,2,0
42,8.35,1,1,7,1,2,2,0
37,8.66,14,0,11,0,1,2,0
68,2.25,4,1,22,0,2,2,0
81,3.11,5,1,1,0,2,2,0
66,8.2,0,1,22,1,2,2,0
98,7.03,1,1,12,0,1,2,0
44,4.88,9,1,14,0,0,1,0
89,4.45,14,0,15,0,1,2,0
104,1.23,12,0,2,1,0,2,0
96,9.32,2,0,23,1,0,2,0
16,2.92,6,0,18,0,1,1,0
108,4.15,3,1,5,1,2,2,0
101,6.17,13,1,12,0,2,2,0
19,5.02,5,1,14,0,0,1,0
65,4.94,13,1,1,1,0,1,0
100,8.42,2,1,16,1,1,2,0
36,3.34,11,0,6,1,0,1,0
128,0.55,0,0,9,0,0,2,1
113,2.39,10,1,4,1,1,2,0
24,9.64,11,1,16,0,0,2,0
16,5.57,10,0,14,0,2,2,0
0,4.51,0,1,14,1,2,2,0
109,9.75,6,0,6,0,1,2,0
76,3.13,6,0,12,1,0,1,0
89,3.22,0,0,11,0,0,2,1
44,8.15,2,0,3,0,1,2,0
76,6.98,14,1,19,0,1,1,0
91,8.49,14,1,1,0,0,2,0
122,0.02,13,0,11,0,0,2,0
10,0.67,8,0,10,1,1,1,0
99,8.05,6,1,15,0,1,2,0
128,4.34,13,1,21,1,2,2,0
79,8.98,3,0,21,1,0,2,0
33,7.84,14,0,18,0,2,2,0
6,3.77,0,1,4,1,0,0,0
35,7.56,2,0,8,1,1,1,0
54,6.42,10,0,13,1,2,2,0
43,0.6,6,1,4,0,0,1,0
35,9.31,6,0,23,0,2,2,0
10,1.05,0,1,19,1,1,1,0
125,9.84,2,1,17,0,2,2,0
99,5.13,7,0,9,0,0,2,0
83,6.82,8,1,16,0,0,2,0
51,1.19,8,0,7,1,0,1,0
91,4.94,6,0,3,0,0,2,0
88,2.66,10,0,18,0,2,2,0
121,5.95,3,1,19,0,2,2,0
17,2.35,9,0,15,1,1,1,0
32,0.18,11,1,17,0,1,1,0
6,9.01,0,0,13,0,0,2,1
21,3.4,6,1,0,1,1,1,0
53,6.08,11,0,20,1,2,2,0
126,2.08,1,0,18,1,0,2,0
29,3.72,10,0,20,0,1,1,0
56,1.79,11,1,23,0,1,1,0
4,8.64,9,1,1,1,1,2,0
70,5.51,10,1,11,0,2,2,0
103,5.7,6,0,22,1,0,2,0
85,8.92,14,1,3,0,2,2,0
52,3.7,3,0,7,0,2,2,0
101,8.14,12,1,14,0,2,2,0
92,1.55,10,1,16,0,1,2,0
48,6.06,4,0,1,0,1,1,0
83,4.84,6,0,6,1,0,2,0
54,4.52,6,0,4,0,1,1,0
104,5.67,9,1,6,0,1,2,0
64,5.21,2,0,8,0,2,2,0
89,6.91,3,1,0,1,0,2,0
18,5.54,7,1,2,1,0,1,0
0,0.37,8,1,9,0,2,2,0
34,6.82,8,0,0,1,2,2,0
83,1.65,10,0,22,1,0,2,0
82,8.42,13,0,8,1,0,2,0
39,6.63,14,0,2,0,2,2,0
48,6.61,3,1,4,1,0,1,0
127,8.06,3,0,3,1,2,2,0
59,1.58,1,1,23,1,0,1,0
105,8.13,4,0,12,1,2,2,0
76,5.16,1,0,2,0,0,1,0
53,2.19,0,0,13,1,2,2,0
97,3.37,11,1,20,1,0,2,0
47,2.21,6,1,16,1,0,1,0
75,2.41,9,1,5,0,2,2,0
5,7.5,8,0,10,0,2,2,0
3,3.43,11,0,19,1,0,0,0
17,4.36,7,1,4,1,1,1,0
125,1.79,0,1,5,1,1,2,0
31,9.53,11,0,11,1,2,2,0
130,7.48,2,1,10,1,0,2,0
79,5.93,11,0,19,1,1,1,0
63,6.27,4,0,3,1,0,1,0
32,5.52,4,1,16,1,2,2,0
43,5.67,1,0,0,0,2,2,0
19,6.44,14,0,12,1,0,1,0
62,7.19,4,0,9,1,1,1,0
28,9.88,7,0,9,1,1,2,0
35,7.22,7,0,6,0,0,1,0
71,8.5,7,0,0,0,0,2,0
53,0.66,13,1,9,0,0,1,0
72,2.48,15,0,11,1,2,2,0
35,7.39,15,1,0,0,1,1,0
13,7.4,14,1,19,1,2,2,0
115,6.96,11,1,21,1,2,2,0
78,0.78,6,1,0,1,2,2,0
111,7.86,12,1,5,1,2,2,0
103,1.9,13,0,1,1,0,2,0
27,6.16,9,1,10,0,2,2,0
91,6.35,4,0,3,0,0,2,0
123,8.15,0,1,4,0,2,2,0
94,9.32,7,0,20,0,0,2,0
21,8.08,7,0,3,1,0,2,0
110,9.85,15,1,21,1,1,2,0
124,0.4,3,0,19,1,0,2,0
28,1.18,15,1,4,0,2,2,0
15,9.14,15,0,10,1,2,2,0
102,0.1,12,1,4,0,1,2,0
45,7.24,9,1,16,1,2,2,0
96,7.41,6,1,2,1,1,2,0
127,3.46,0,0,11,1,2,2,0
16,0.67,15,1,20,1,1,1,0
12,0.6,15,1,16,1,0,0,0
70,3.07,7,1,19,0,1,1,0
99,4.28,1,1,9,1,2,2,0
117,1.17,2,1,2,0,2,2,0
125,7.17,7,1,14,1,1,2,0
106,4.38,9,1,22,0,1,2,0
60,6.92,7,0,20,0,1,1,0
106,4.96,9,0,6,1,1,2,0
90,3.44,14,1,20,0,2,2,0
117,6.01,1,1,14,0,1,2,0
95,3.37,6,0,0,0,1,2,0
50,1.04,8,0,4,1,0,1,0
89,5.88,3,0,18,1,1,2,0
114,6.91,8,0,11,1,1,2,0
41,3.27,3,1,15,1,2,2,0
90,4.31,4,1,9,0,2,2,0
69,2.16,9,0,16,0,0,1,0
6,1.85,1,1,2,0,1,1,0
74,9.05,12,0,14,0,1,2,0
87,1.56,1,0,23,1,2,2,0
118,4.19,13,1,7,1,0,2,0
95,0.34,7,0,3,1,1,2,0
49,7.89,1,1,23,0,1,1,0
88,0.42,12,0,21,1,2,2,0
64,2.73,11,0,6,1,1,1,0
67,0.72,0,0,21,0,0,1,1
96,4.92,1,1,1,1,0,2,0
62,9.46,3,1,3,1,1,2,0
31,6.02,15,0,18,1,0,1,0
86,5.23,11,0,2,1,2,2,0
54,2.7,5,0,1,1,0,1,0
73,2.17,1,1,14,0,0,1,0
36,5.61,8,1,16,0,2,2,0
102,4.87,9,0,17,1,0,2,0
21,4.86,12,1,21,1,0,1,0
128,7.63,1,0,3,0,0,2,0
8,6.53,5,0,6,0,1,1,0
42,1.48,14,1,10,0,1,1,0
73,7.96,0,1,20,0,2,2,0
47,2.64,12,1,13,0,1,1,0
28,9.26,5,1,3,1,2,2,0
93,3.25,9,0,14,0,0,2,0
120,0.56,3,1,21,1,0,2,0
98,6.13,1,1,15,1,0,2,0
12,1.49,13,1,8,1,0,0,0
11,7.58,8,0,15,1,0,1,0
42,6.18,13,1,1,1,0,1,0
52,3.21,5,0,14,0,1,1,0
101,6.68,10,1,0,1,2,2,0
91,8.72,2,0,12,1,1,2,0
60,1.76,5,1,15,0,0,1,0
19,8.14,10,0,5,1,2,2,0
43,6.82,5,0,12,1,0,1,0
37,1.31,4,1,7,1,0,1,0
113,3.3,15,1,2,1,1,2,0
95,6.8,5,0,21,1,1,2,0
60,4.36,0,1,18,0,0,1,0
72,0.48,6,0,15,0,1,1,0
28,3.52,5,1,13,1,1,1,0
6,5.42,0,1,18,1,1,1,0
85,2.39,0,0,5,0,1,2,1
93,0.14,6,1,21,0,1,2,0
120,8.74,4,0,7,0,1,2,0
22,2.65,3,0,15,1,1,1,0
45,4.99,7,0,20,0,2,2,0
104,9.89,8,1,8,0,1,2,0
106,7.41,4,0,23,0,1,2,0
130,2.14,9,0,21,1,0,2,0
21,7.82,11,0,20,1,0,1,0
128,0.25,0,0,8,0,2,2,1
53,2.31,5,1,4,1,1,1,0
84,8.29,5,1,11,1,0,2,0
99,4.89,4,1,5,0,0,2,0
26,8.0,11,0,4,1,0,2,0
24,3.92,6,0,18,1,1,1,0
92,0.97,12,1,22,0,1,2,0
1,5.47,5,1,18,1,0,1,0
57,1.99,13,1,23,0,2,2,0
87,8.28,10,0,20,1,1,2,0
78,9.07,15,0,21,0,2,2,0
21,2.12,4,0,14,0,0,0,0
30,5.83,2,1,12,1,1,1,0
13,7.75,6,1,18,1,0,1,0
96,4.58,13,1,11,0,2,2,0
97,9.98,13,1,12,0,2,2,0
47,1.38,12,1,9,1,2,2,0
26,8.48,7,1,21,0,2,2,0
68,1.97,8,0,9,0,1,1,0
39,4.3,3,1,14,1,1,1,0
69,1.48,4,0,5,1,0,1,0
27,8.1,15,0,16,0,2,2,0
7,9.17,8,1,6,0,1,2,0
83,1.01,5,1,17,0,2,2,0
83,0.15,6,0,5,1,0,2,0
6,2.98,6,1,2,0,1,1,0
109,7.32,9,0,2,1,0,2,0
16,8.94,12,0,6,1,1,2,0
114,6.28,11,1,6,0,2,2,0
129,9.45,5,1,9,0,1,2,0
105,5.45,4,0,1,1,2,2,0
34,5.7,8,1,17,0,0,1,0
77,3.47,3,1,18,0,2,2,0
21,4.27,5,1,9,0,0,1,0
77,3.22,13,1,3,0,0,1,0
111,1.11,7,1,14,1,1,2,0
20,4.31,13,0,10,1,0,1,0
57,4.53,0,1,21,0,1,1,0
120,0.78,15,1,15,0,1,2,0
95,9.63,2,0,3,1,2,2,0
77,8.56,12,1,4,1,1,2,0
36,8.54,8,0,17,1,0,2,0
50,0.65,3,1,14,1,1,1,0
98,6.9,15,1,0,0,2,2,0
36,6.38,11,0,3,1,1,1,0
83,7.99,8,1,3,1,0,2,0
75,7.06,8,0,7,1,0,1,0
96,4.77,9,1,14,1,2,2,0
14,5.82,2,1,4,1,2,2,0
15,6.17,12,0,13,0,0,1,0
130,3.3,10,0,16,0,0,2,0
29,9.41,4,1,15,0,1,2,0
51,9.33,11,0,19,1,1,2,0
104,2.47,11,1,22,0,0,2,0
85,7.13,8,0,15,1,0,2,0
107,4.05,15,0,2,1,0,2,0
111,3.71,6,1,19,1,1,2,0
49,6.05,11,0,13,1,2,2,0
32,6.07,13,0,1,1,2,2,0
38,5.21,10,1,3,1,2,2,0
52,7.01,9,0,2,1,2,2,0
30,2.63,2,1,8,1,2,2,0
8,5.8,14,1,4,1,0,1,0
92,4.95,1,1,0,1,0,2,0
124,6.37,14,0,6,1,1,2,0
118,4.31,7,0,14,1,2,2,0
125,3.2,0,0,12,1,0,2,0
72,0.23,5,0,8,1,0,1,0
92,7.26,8,0,22,0,1,2,0
12,5.13,4,0,1,0,1,1,0
22,7.57,6,0,0,0,2,2,0
91,0.45,2,1,14,1,2,2,0
114,1.76,1,1,11,1,0,2,0
61,4.82,6,0,8,1,1,1,0
122,7.02,9,1,12,1,1,2,0
34,8.25,7,0,6,0,2,2,0
78,8.84,13,1,2,0,0,2,0
74,5.61,1,0,9,0,0,1,0
10,1.18,1,1,21,1,2,2,0
67,8.05,1,0,11,0,1,2,0
30,9.65,15,0,6,1,2,2,0
59,9.35,1,1,3,0,0,2,0
40,0.92,12,0,13,0,2,2,0
42,9.62,2,1,14,0,2,2,0
21,6.61,0,0,4,0,2,2,1
61,8.87,15,0,21,0,2,2,0
91,4.5,10,0,11,1,1,2,0
69,6.59,2,0,11,1,1,1,0
47,5.23,7,1,5,1,0,1,0
40,2.32,8,0,1,0,0,1,0
121,6.34,2,1,10,0,2,2,0
11,6.02,0,0,19,1,1,1,0
35,5.21,12,0,19,1,0,1,0
22,0.25,15,0,7,0,2,2,0
47,4.45,10,0,9,0,0,1,0
76,5.76,12,0,7,1,2,2,0
88,7.25,5,0,2,0,2,2,0
28,9.82,11,1,9,1,2,2,0
79,4.91,4,0,14,1,0,1,0
93,1.05,14,0,6,0,0,2,0
26,7.23,14,1,10,0,0,1,0
88,7.77,7,0,0,0,0,2,0
1,6.91,3,0,7,1,0,1,0
130,7.62,1,0,19,1,0,2,0
87,8.18,14,1,11,0,0,2,0
110,2.15,1,0,15,1,2,2,0
54,2.08,0,0,5,1,0,1,0
119,3.87,13,0,3,0,1,2,0
73,4.18,3,0,6,1,1,1,0
88,5.62,11,1,11,1,0,2,0
16,5.8,5,1,19,0,2,2,0
77,8.75,2,1,15,1,0,2,0
112,4.28,6,1,17,0,1,2,0
106,9.35,11,1,9,1,1,2,0
106,5.84,10,1,15,0,1,2,0
30,5.61,11,0,12,1,2,2,0
105,9.23,10,0,3,1,2,2,0
1,3.13,4,1,13,1,0,0,0
79,8.73,13,1,12,1,2,2,0
91,0.46,1,1,22,1,1,2,0
1,6.93,12,0,16,0,2,2,0
95,0.32,9,0,13,0,1,2,0
84,0.0,5,0,20,0,0,2,0
85,1.75,5,0,17,0,0,2,0
72,2.65,12,0,15,1,0,1,0
82,9.56,3,1,16,1,1,2,0
120,6.3,10,0,4,1,1,2,0
94,7.54,7,1,7,0,1,2,0
128,8.64,9,0,13,1,0,2,0
89,9.22,10,0,4,1,2,2,0
82,0.79,0,0,2,0,1,2,1
77,7.54,14,0,2,0,0,1,0
73,8.94,13,0,6,1,0,2,0
24,9.29,1,1,21,0,1,2,0
82,6.05,12,0,19,1,2,2,0
68,0.62,11,1,11,0,1,1,0
74,3.58,8,0,2,0,2,2,0
76,1.63,9,0,16,0,2,2,0
104,3.21,1,1,17,1,0,2,0
83,3.29,11,1,3,1,0,2,0
12,5.74,14,1,14,1,0,1,0
113,8.28,12,0,21,1,0,2,0
108,5.87,3,0,11,0,0,2,0
67,7.88,6,1,19,1,1,1,0
93,5.38,5,1,14,0,2,2,0
104,5.83,4,0,13,0,1,2,0
99,5.63,8,0,13,0,2,2,0
45,4.97,3,0,0,0,2,2,0
57,3.54,2,0,0,1,1,1,0
98,5.84,10,1,6,1,2,2,0
66,8.81,11,1,6,0,1,2,0
91,5.67,8,0,7,1,2,2,0
127,8.71,3,0,20,0,0,2,0
59,2.34,15,1,21,0,0,1,0
51,0.94,7,0,8,0,2,2,0
113,0.12,14,0,4,1,2,2,0
124,7.72,13,0,7,1,2,2,0
10,8.42,2,0,21,0,0,2,0
12,8.31,4,0,1,1,1,2,0
75,6.59,7,1,3,1,2,2,0
25,4.15,8,1,15,0,0,1,0
74,9.72,10,0,0,0,2,2,0
75,1.64,8,0,15,0,2,2,0
31,5.39,7,0,7,1,1,1,0
70,2.1,1,0,1,1,2,2,0
121,5.74,10,0,15,0,0,2,0
62,9.22,3,0,13,0,0,2,0
12,0.82,10,0,19,1,2,2,0
107,5.53,9,1,5,0,0,2,0
98,9.53,0,0,13,0,0,2,1
35,9.45,4,1,0,1,2,2,0
96,4.33,10,0,12,0,2,2,0
32,1.16,7,1,1,0,0,0,0
61,2.71,12,1,0,0,2,2,0
21,8.42,9,1,11,1,2,2,0
71,7.35,14,0,11,1,1,1,0
37,6.59,1,1,15,1,1,1,0
32,6.79,14,1,13,0,2,2,0
65,5.87,8,1,10,0,1,1,0
77,2.59,13,1,15,1,2,2,0
17,7.98,10,0,10,0,2,2,0
130,7.56,12,1,12,1,0,2,0
58,8.95,8,0,2,1,2,2,0
75,1.55,7,0,7,1,2,2,0
127,3.4,7,0,15,1,1,2,0
33,7.48,14,0,11,1,0,1,0
41,2.57,5,1,0,0,2,2,0
53,2.75,3,0,9,1,0,1,0
46,2.3,14,0,1,1,1,1,0
17,5.99,11,0,15,0,2,2,0
13,8.56,7,0,7,1,1,2,0
53,2.26,11,0,3,0,2,2,0
87,9.16,6,1,11,1,2,2,0
45,9.69,7,0,2,1,1,2,0
25,7.27,11,0,16,0,0,1,0
69,1.81,3,1,22,0,1,1,0
34,7.8,0,1,8,0,0,1,0
81,3.39,9,0,6,1,2,2,0
116,7.12,14,0,20,0,1,2,0
12,8.29,6,0,9,0,1,2,0
50,8.28,1,0,19,0,2,2,0
117,2.25,12,0,7,0,1,2,0
58,0.04,15,0,9,1,1,1,0
128,2.39,0,1,3,0,0,2,0
42,3.66,13,0,1,0,1,1,0
28,5.69,5,1,5,1,1,1,0
92,1.76,1,1,12,0,1,2,0
36,8.16,6,0,2,1,1,2,0
129,5.76,3,1,12,1,0,2,0
27,8.79,1,0,11,1,1,2,0
5,7.51,14,1,12,0,0,1,0
32,2.22,12,0,10,1,1,1,0
23,0.25,1,0,6,1,1,1,0
89,4.71,9,0,18,1,2,2,0
60,5.49,14,0,23,1,1,1,0
128,0.75,12,0,1,0,0,2,0
44,5.92,2,0,6,1,0,1,0
121,9.72,10,0,2,0,2,2,0
8,7.44,6,0,1,0,1,1,0
39,2.32,0,1,1,1,1,1,0
75,5.57,5,1,5,0,2,2,0
40,3.26,12,1,22,1,1,1,0
96,2.23,2,1,19,0,1,2,0
94,3.54,1,0,12,1,0,2,0
90,9.99,9,0,6,1,0,2,0
65,4.37,14,1,23,0,0,1,0
104,9.12,15,1,2,1,1,2,0
112,5.88,8,1,10,0,0,2,0
75,7.24,5,0,11,1,1,1,0
37,3.66,14,0,12,1,0,1,0
123,0.83,12,0,22,0,1,2,0
130,6.22,7,0,3,1,0,2,0
31,3.48,10,0,18,1,0,0,0
23,0.96,10,1,5,1,0,0,0
23,3.47,8,0,20,1,2,2,0
15,7.04,13,0,16,0,1,1,0
94,8.92,7,1,8,1,1,2,0
114,3.73,14,1,8,0,1,2,0
74,9.22,1,1,6,1,2,2,0
42,7.97,10,1,16,1,2,2,0
126,8.86,10,0,22,1,2,2,0
110,9.07,15,0,10,0,0,2,0
130,1.07,0,1,14,1,1,2,0
27,1.08,7,0,9,1,1,1,0
18,6.46,4,1,10,0,0,1,0
112,9.0,0,0,23,0,2,2,1
94,8.68,12,0,10,0,2,2,0
124,3.51,1,1,6,0,0,2,0
62,3.76,7,0,2,1,1,1,0
104,2.74,3,1,5,1,0,2,0
14,2.11,15,1,16,0,1,1,0
56,1.54,8,0,2,0,1,1,0
19,8.32,1,0,22,1,0,2,0
117,1.01,8,1,14,0,2,2,0
119,4.76,7,1,6,0,1,2,0
36,4.47,5,1,9,1,0,1,0
21,0.43,12,1,15,1,0,0,0
0,5.94,14,0,2,0,0,1,0
94,6.3,12,1,23,0,2,2,0
2,3.78,0,1,7,1,0,0,0
1,5.0,0,0,0,0,0,1,1
33,7.25,5,1,17,0,2,2,0
10,3.19,1,0,2,0,2,2,0
96,5.66,8,0,0,1,1,2,0
111,6.16,15,0,1,0,1,2,0
78,0.79,13,0,5,0,2,2,0
38,3.63,12,1,4,1,2,2,0
98,1.22,14,0,3,0,1,2,0
5,8.68,4,1,8,1,2,2,0
99,3.16,1,0,22,1,2,2,0
40,9.01,2,0,10,1,2,2,0
12,3.31,14,1,19,1,0,0,0
43,2.94,8,0,13,0,0,1,0
95,1.79,3,1,20,1,1,2,0
128,4.43,3,0,4,0,0,2,0
4,4.01,6,0,0,0,0,1,0
106,4.5,14,1,9,0,0,2,0
130,7.46,0,1,6,0,0,2,0
76,6.12,7,0,22,1,1,1,0
100,8.67,13,0,18,1,0,2,0
40,9.47,13,1,19,0,2,2,0
10,2.57,15,0,13,1,2,2,0
83,8.65,10,1,23,1,1,2,0
88,4.68,3,0,22,1,0,2,0
88,1.98,5,1,16,0,2,2,0
44,5.21,14,0,4,0,1,1,0
96,4.26,10,1,23,1,0,2,0
127,8.61,9,1,22,1,1,2,0
70,6.48,6,0,23,0,0,1,0
25,8.5,7,1,13,1,2,2,0
75,3.59,6,0,6,0,0,1,0
78,7.89,10,0,6,1,1,1,0
106,5.15,5,0,16,1,1,2,0
123,6.71,9,0,21,0,0,2,0
0,1.13,7,1,20,1,0,0,0
19,9.0,14,1,0,0,1,2,0
22,1.15,2,1,23,0,2,2,0
97,8.38,6,0,11,0,2,2,0
69,1.6,2,0,11,1,2,2,0
103,3.38,2,1,6,1,2,2,0
93,0.23,14,0,3,1,0,2,0
9,6.56,2,0,0,1,1,1,0
56,0.15,4,1,15,0,0,1,0
3,6.77,10,1,18,1,0,1,0
114,6.43,6,0,20,0,1,2,0
50,9.34,12,1,13,0,2,2,0
25,0.88,7,0,23,0,1,1,0
86,2.29,15,0,8,0,1,2,0
47,4.32,9,0,18,0,0,1,0
96,6.7,8,1,3,1,0,2,0
129,7.34,2,1,15,1,2,2,0
34,6.91,10,1,1,1,2,2,0
72,6.57,8,0,17,1,1,1,0
86,1.34,15,0,20,1,1,2,0
117,9.12,5,0,9,1,1,2,0
75,0.26,8,0,3,0,0,1,0
28,3.0,12,0,3,1,1,1,0
82,8.0,11,0,18,0,2,2,0
88,4.4,12,1,4,1,2,2,0
45,8.5,6,0,18,1,0,2,0
2,0.33,4,1,23,1,0,0,0
85,8.61,5,1,12,0,1,2,0
124,6.68,6,0,5,1,0,2,0
79,3.62,15,0,3,0,0,1,0
29,0.63,11,0,15,0,2,2,0
52,3.65,6,1,4,1,2,2,0
45,1.24,2,1,13,1,1,1,0
56,5.53,15,0,14,0,0,1,0
82,9.51,6,1,22,0,0,2,0
89,7.83,8,0,10,1,0,2,0
123,2.13,13,1,6,0,0,2,0
110,0.82,4,0,20,0,2,2,0
107,6.61,15,1,4,1,1,2,0
84,1.03,7,1,21,1,0,2,0
12,6.93,14,1,1,1,1,1,0
26,6.84,4,1,23,1,2,2,0
84,5.65,8,1,2,1,1,2,0
60,2.05,2,0,10,1,2,2,0
81,3.12,0,0,12,0,0,2,1
10,3.93,0,0,13,0,0,0,1
59,6.85,3,1,5,0,2,2,0
22,4.28,11,1,2,0,2,2,0
15,8.37,7,1,2,1,2,2,0
74,6.82,8,1,6,0,0,1,0
118,6.46,10,1,23,1,1,2,0
74,1.21,9,1,23,1,0,1,0
128,2.1,12,0,6,0,1,2,0
56,8.59,7,1,6,0,1,2,0
116,7.35,14,1,12,0,1,2,0
14,1.87,10,0,14,1,1,1,0
109,0.45,12,1,0,1,2,2,0
37,4.27,1,1,16,1,1,1,0
88,8.6,6,0,12,1,1,2,0
69,8.66,8,0,5,1,0,2,0
66,1.95,13,1,16,0,1,1,0
99,0.5,0,0,17,0,0,2,1
124,1.06,6,0,18,0,2,2,0
37,4.77,3,0,17,0,2,2,0
122,8.75,4,0,13,1,0,2,0
24,8.48,2,1,23,1,1,2,0
107,7.44,3,0,16,1,2,2,0
112,6.84,10,0,4,1,0,2,0
78,5.97,2,1,4,0,0,1,0
130,1.07,12,1,10,0,1,2,0
125,2.01,6,0,19,1,1,2,0
62,1.16,10,0,22,1,2,2,0
109,8.0,11,1,19,0,1,2,0
108,6.59,2,0,16,0,1,2,0
111,7.53,13,1,3,1,0,2,0
28,4.56,15,0,10,1,2,2,0
49,4.13,2,0,9,0,0,1,0
85,0.23,6,1,12,0,2,2,0
121,3.11,13,1,10,1,1,2,0
75,4.28,10,1,22,1,2,2,0
36,1.15,15,0,19,0,0,1,0
32,8.94,10,1,15,1,0,2,0
89,0.58,2,1,2,0,1,2,0
97,3.73,13,1,22,1,2,2,0
109,6.9,7,1,8,1,1,2,0
125,0.78,9,0,5,1,2,2,0
61,6.41,7,1,2,0,1,1,0
94,7.77,4,1,13,1,1,2,0
107,7.64,1,1,15,0,0,2,0
59,2.14,12,1,21,1,1,1,0
65,3.11,3,0,23,1,0,1,0
120,9.02,3,0,22,0,0,2,0
55,6.71,8,0,19,0,1,1,0
130,1.83,3,1,6,0,0,2,0
54,0.8,0,1,12,1,1,1,0
111,7.02,3,1,15,1,2,2,0
119,5.26,9,1,16,1,2,2,0
91,4.65,15,0,3,1,2,2,0
22,4.58,9,1,2,0,1,1,0
45,8.0,11,0,0,0,0,2,0
126,6.71,12,1,16,1,2,2,0
77,1.46,0,0,5,1,1,1,0
15,6.41,1,1,4,1,0,1,0
24,2.73,5,0,23,1,1,1,0
95,8.44,7,0,10,0,2,2,0
72,6.0,15,1,1,0,2,2,0
106,8.63,2,0,17,1,2,2,0
42,7.55,15,0,9,1,0,1,0
108,5.43,12,0,4,1,1,2,0
125,3.77,3,0,10,1,2,2,0
82,4.04,2,1,23,0,0,2,0
88,7.41,6,1,17,1,0,2,0
16,1.78,1,0,16,1,2,2,0
10,3.12,0,0,8,0,2,2,1
115,0.32,12,1,5,0,1,2,0
63,2.18,6,1,20,0,1,1,0
16,2.92,14,0,16,1,1,1,0
41,8.45,15,1,19,1,2,2,0
36,9.62,5,0,1,0,1,2,0
34,4.96,8,0,2,1,0,1,0
122,7.67,0,1,21,1,0,2,0
20,2.25,8,0,21,1,2,2,0
99,8.16,13,1,2,1,1,2,0
43,4.81,8,1,15,0,1,1,0
81,9.26,13,1,5,0,1,2,0
130,3.72,14,1,3,1,0,2,0
45,0.66,6,0,15,1,2,2,0
122,0.01,15,0,0,0,0,2,0
112,5.77,13,0,23,1,1,2,0
86,1.83,9,0,0,0,0,2,0
127,5.01,1,1,9,1,1,2,0
78,7.38,2,1,17,1,2,2,0
130,4.87,8,0,22,0,0,2,0
53,7.22,4,0,12,1,2,2,0
120,0.26,6,1,11,1,2,2,0
125,5.31,9,1,15,1,1,2,0
54,0.04,4,1,23,1,1,1,0
52,0.18,3,0,4,0,0,1,0
88,9.78,11,0,8,0,0,2,0
41,4.22,9,0,22,1,2,2,0
0,5.72,10,1,23,1,0,1,0
25,2.86,4,1,13,0,0,0,0
64,4.91,13,0,6,0,2,2,0
128,0.59,2,0,1,0,1,2,0
80,5.26,13,1,3,1,2,2,0
61,5.98,12,1,19,0,2,2,0
57,7.56,6,0,16,0,2,2,0
50,5.27,13,0,17,1,2,2,0
38,3.45,3,1,6,1,2,2,0
26,9.11,12,1,5,0,0,2,0
85,0.37,7,1,17,1,0,2,0
92,1.33,0,1,16,1,2,2,0
103,0.3,6,0,9,0,2,2,0
89,0.58,12,1,4,0,1,2,0
111,1.85,2,0,14,1,1,2,0
116,7.41,14,1,14,0,2,2,0
123,0.75,2,0,11,1,1,2,0
110,5.01,7,0,1,1,0,2,0
124,2.81,13,0,8,0,1,2,0
30,0.55,7,0,4,1,2,2,0
120,4.98,12,1,3,1,2,2,0
28,6.14,13,1,2,0,0,1,0
77,0.21,7,1,15,0,1,1,0
119,4.03,6,1,15,0,1,2,0
82,0.35,14,0,17,1,0,2,0
130,6.48,11,0,0,1,1,2,0
41,7.84,8,1,22,0,1,1,0
16,8.71,0,1,16,1,2,2,0
57,3.45,15,1,8,0,1,1,0
82,2.35,12,1,19,1,0,2,0
15,4.87,14,1,4,0,0,1,0
36,6.98,9,1,23,0,1,1,0
61,2.37,1,0,4,1,0,1,0
34,4.6,11,0,15,1,2,2,0
120,7.64,13,0,17,0,1,2,0
27,2.52,7,1,20,0,0,0,0
111,5.16,2,0,1,1,1,2,0
1,0.55,12,0,11,1,2,2,0
88,9.28,7,0,4,1,1,2,0
81,3.56,13,1,5,0,0,2,0
32,0.96,9,1,2,0,2,2,0
95,6.56,14,1,18,0,0,2,0
13,2.38,2,1,13,1,2,2,0
10,4.82,11,1,19,1,2,2,0
16,0.13,13,0,13,0,2,2,0
16,8.08,15,1,1,0,0,2,0
116,8.27,0,1,18,0,2,2,0
37,0.69,10,0,17,1,2,2,0
101,1.35,7,0,20,0,2,2,0
73,0.56,4,0,16,1,0,1,0
82,3.83,1,0,23,0,2,2,0
24,1.5,13,0,8,1,2,2,0
107,3.26,2,1,8,0,2,2,0
61,5.44,13,1,9,1,0,1,0
47,9.04,1,1,8,1,1,2,0
120,0.37,12,1,4,0,0,2,0
12,8.34,12,0,18,1,1,2,0
100,8.72,11,0,3,0,2,2,0
56,9.17,1,1,12,1,1,2,0
110,8.36,11,0,11,0,2,2,0
92,6.44,14,1,10,1,2,2,0
54,8.26,15,0,18,0,2,2,0
78,4.88,7,1,4,0,2,2,0
48,3.26,4,0,22,1,0,1,0
31,0.27,14,1,8,1,0,0,0
78,1.87,7,0,2,0,0,1,0
12,1.31,13,0,7,1,1,1,0
49,9.92,3,0,7,0,2,2,0
62,0.98,8,1,5,0,1,1,0
3,2.07,12,0,6,0,2,2,0
113,2.64,4,1,13,1,1,2,0
100,4.14,1,1,17,0,0,2,0
12,7.16,11,0,17,0,1,1,0
120,8.32,1,0,10,1,0,2,0
85,4.54,3,0,15,1,2,2,0
70,6.19,3,1,16,0,1,1,0
29,9.55,8,1,13,0,2,2,0
87,2.53,14,0,1,0,1,2,0
93,4.15,4,1,12,1,2,2,0
92,2.9,10,1,7,1,0,2,0
127,9.31,15,1,13,1,2,2,0
90,6.18,1,0,21,0,1,2,0
72,9.23,4,0,17,0,1,2,0
46,1.85,13,1,16,1,2,2,0
27,5.26,12,0,9,1,0,1,0
59,4.04,10,0,21,1,0,1,0
51,0.87,11,0,20,0,0,1,0
50,3.46,3,0,14,0,0,1,0
124,5.07,15,0,9,1,1,2,0
49,4.46,5,0,19,0,1,1,0
97,0.76,13,0,5,1,2,2,0
87,6.66,8,0,3,0,2,2,0
80,6.96,15,1,0,1,1,2,0
114,2.74,14,0,19,1,0,2,0
107,1.04,15,1,13,1,1,2,0
124,5.9,1,1,3,0,2,2,0
74,2.63,10,0,2,0,2,2,0
80,2.61,10,0,18,0,1,2,0
26,3.69,4,1,7,1,2,2,0
64,0.06,13,0,21,1,0,1,0
97,2.52,3,1,9,1,0,2,0
62,4.92,11,0,0,0,1,1,0
97,6.13,8,1,21,0,1,2,0
76,9.94,11,1,7,0,1,2,0
108,8.96,8,0,23,0,0,2,0
68,0.72,15,0,0,0,1,1,0
28,5.74,15,0,21,1,1,1,0
26,3.12,11,0,8,1,1,1,0
48,5.43,6,1,17,0,1,1,0
44,5.95,13,0,16,0,2,2,0
65,2.41,2,1,17,1,2,2,0
35,8.58,5,0,20,0,2,2,0
8,4.56,0,1,23,1,1,1,0
64,3.4,7,0,21,0,1,1,0
0,2.62,3,0,16,0,2,2,0
122,2.31,1,0,5,1,2,2,0
96,2.39,4,1,5,0,0,2,0
127,2.22,13,1,1,1,0,2,0
37,9.17,12,0,10,0,1,2,0
118,2.34,6,1,4,0,1,2,0
93,2.6,6,0,11,0,2,2,0
119,8.89,9,1,3,0,2,2,0
88,8.09,13,1,4,1,0,2,0
97,8.24,0,1,5,1,1,2,0
2,7.01,2,1,20,0,0,1,0
99,2.91,2,0,22,0,1,2,0
93,4.2,1,0,22,1,1,2,0
44,4.28,1,1,4,0,0,1,0
48,5.21,6,1,14,0,2,2,0
81,9.24,9,1,17,0,0,2,0
83,0.64,15,1,15,1,0,2,0
69,6.23,14,1,12,1,1,1,0
26,1.62,10,1,6,0,1,1,0
125,4.08,11,1,1,0,0,2,0
0,0.78,4,0,7,0,2,2,1
126,3.56,6,1,5,0,1,2,0
73,7.37,6,1,9,1,1,1,0
73,5.64,7,1,16,0,2,2,0
32,3.62,11,1,6,0,2,2,0
49,9.38,7,1,5,0,1,2,0
16,4.9,9,1,13,0,1,1,0
38,9.72,8,1,3,1,1,2,0
82,4.15,3,0,17,0,2,2,0
19,0.39,6,0,5,0,0,0,0
35,2.1,10,1,3,0,0,1,0
106,5.96,7,0,6,0,2,2,0
90,9.11,3,1,4,0,1,2,0
59,6.28,13,0,3,1,1,1,0
81,2.03,15,0,10,0,1,2,0
82,1.25,12,1,17,1,1,2,0
128,8.1,2,0,20,1,2,2,0
25,2.08,13,1,5,0,0,0,0
100,1.9,11,1,13,0,0,2,0
49,7.17,6,0,1,1,1,1,0
21,5.68,7,0,6,0,1,1,0
75,3.41,4,1,17,1,1,1,0
41,6.3,0,0,6,1,1,1,0
72,0.22,7,0,19,1,2,2,0
20,6.0,11,0,15,1,1,1,0
100,5.7,6,0,18,0,2,2,0
74,5.62,14,1,12,0,0,1,0
60,9.63,2,0,1,0,1,2,0
23,3.62,3,1,10,1,0,0,0
115,2.11,6,0,5,1,0,2,0
33,5.05,12,1,13,1,2,2,0
94,8.13,8,0,2,0,1,2,0
41,9.14,1,1,11,0,1,2,0
64,8.42,6,1,23,1,2,2,0
74,7.49,2,0,10,1,1,1,0
126,0.66,1,0,21,0,2,2,0
36,4.61,13,0,17,1,2,2,0
98,6.1,6,1,16,1,0,2,0
65,9.02,6,0,8,1,1,2,0
42,7.42,5,1,22,1,0,1,0
108,1.39,0,0,17,0,2,2,1
69,0.48,3,1,3,1,2,2,0
26,2.92,11,0,17,1,0,0,0
20,7.04,8,1,20,1,2,2,0
41,9.7,12,0,13,1,0,2,0
46,1.72,13,1,14,0,1,1,0
68,6.89,5,1,10,0,2,2,0
101,0.13,9,0,8,0,2,2,0
21,4.54,8,0,11,0,2,2,0
102,5.28,10,0,14,1,2,2,0
45,0.19,3,0,5,0,1,1,0
98,3.9,8,0,17,0,2,2,0
124,0.02,0,1,18,0,2,2,0
111,6.74,11,0,21,1,2,2,0
19,0.75,10,0,7,0,1,1,0
14,1.35,11,0,7,1,2,2,0
121,0.02,12,0,9,0,1,2,0
122,9.21,14,0,11,0,1,2,0
22,4.92,1,0,10,0,0,1,0
58,0.25,6,0,10,1,2,2,0
106,2.72,8,0,6,0,0,2,0
25,3.57,13,0,19,1,2,2,0
77,1.58,13,1,6,0,1,1,0
77,8.83,0,0,6,1,2,2,0
30,2.47,11,1,20,1,0,0,0
97,4.32,2,0,12,1,1,2,0
50,3.29,9,1,5,0,2,2,0
34,2.13,10,0,9,1,2,2,0
47,8.24,14,0,22,1,2,2,0
104,3.55,14,1,10,0,2,2,0
56,3.47,3,1,0,1,1,1,0
1,9.55,9,0,4,0,2,2,0
19,3.23,1,0,9,1,1,1,0
128,2.04,14,1,0,0,1,2,0
50,1.42,0,0,20,1,2,2,0
29,2.53,0,1,4,1,2,2,0
101,2.01,13,1,5,1,0,2,0
18,1.87,12,1,21,1,1,1,0
51,3.88,13,1,19,1,1,1,0
78,3.9,5,1,19,1,2,2,0
49,0.05,2,0,6,0,0,1,0
124,6.15,4,0,14,0,0,2,0
106,6.66,15,0,19,1,0,2,0
75,8.57,9,0,17,1,0,2,0
78,7.35,11,1,3,1,2,2,0
10,7.96,9,1,22,0,1,1,0
7,8.19,5,0,16,1,2,2,0
80,7.11,2,1,2,0,2,2,0
97,3.83,11,0,19,0,0,2,0
86,9.53,14,0,17,1,0,2,0
108,5.68,6,0,22,0,1,2,0
123,7.37,2,0,5,0,0,2,0
120,2.13,4,0,16,1,2,2,0
84,7.02,3,0,18,0,0,2,0
118,1.52,6,0,6,0,1,2,0
38,2.23,11,0,3,0,0,1,0
127,7.63,15,0,17,1,2,2,0
40,4.39,14,1,14,0,0,1,0
100,0.08,9,0,4,1,1,2,0
84,1.04,8,1,16,1,1,2,0
117,2.71,0,1,4,0,1,2,0
16,3.09,9,0,18,1,0,0,0
12,1.73,2,0,6,0,0,0,0
69,2.38,6,0,9,0,2,2,0
29,7.55,2,1,18,1,0,1,0
49,0.21,10,0,14,1,2,2,0
86,0.53,9,1,7,0,1,2,0
24,8.26,5,0,4,1,2,2,0
67,7.62,3,1,2,1,2,2,0
54,9.79,13,0,8,0,2,2,0
84,9.82,3,1,7,0,0,2,0
129,1.04,15,0,23,1,1,2,0
75,0.76,7,1,13,0,0,1,0
106,8.53,10,1,3,1,0,2,0
92,9.31,6,1,2,1,0,2,0
80,4.93,2,0,13,1,1,2,0
111,4.11,8,1,3,0,0,2,0
15,7.92,3,0,5,0,1,1,0
87,6.85,3,1,16,0,0,2,0
13,0.94,12,0,4,0,2,2,0
94,2.5,10,1,16,0,2,2,0
3,0.97,8,0,17,0,0,0,1
62,3.37,7,0,12,1,1,1,0
101,0.49,14,0,12,0,1,2,0
70,8.71,14,0,17,0,2,2,0
50,8.44,7,1,15,1,2,2,0
11,3.48,2,0,20,1,1,1,0
59,9.91,0,0,16,0,0,2,1
55,1.14,2,1,16,0,1,1,0
23,8.31,9,0,0,1,1,2,0
79,3.82,14,1,4,1,2,2,0
105,2.21,0,0,2,1,1,2,0
57,2.47,11,0,1,1,0,1,0
93,0.89,2,0,20,0,0,2,0
6,4.43,12,1,2,1,0,1,0
99,7.03,3,1,21,1,2,2,0
68,8.55,9,0,20,0,2,2,0
125,1.26,9,0,16,0,2,2,0
99,5.74,4,0,8,1,1,2,0
14,3.27,14,0,9,1,1,1,0
43,0.83,7,1,6,1,0,1,0
6,7.07,2,1,0,1,2,2,0
75,9.52,15,0,6,0,2,2,0
7,0.63,1,1,13,1,0,0,0
112,1.34,11,0,11,1,2,2,0
13,8.07,9,1,1,1,2,2,0
116,0.88,5,1,10,1,1,2,0
98,8.57,8,0,21,1,1,2,0
101,3.9,14,0,10,1,0,2,0
21,8.22,4,0,15,0,0,2,0
4,6.93,6,1,18,1,1,1,0
47,8.04,13,0,11,1,0,2,0
88,4.6,2,1,0,0,0,2,0
88,8.72,8,0,16,1,0,2,0
129,4.31,6,0,8,0,1,2,0
37,1.61,15,1,6,0,0,1,0
0,0.65,7,0,18,0,0,0,1
3,2.81,1,0,15,1,1,1,0
79,8.34,0,0,9,0,1,2,1
110,3.33,0,0,11,1,2,2,0
125,0.37,1,1,19,0,0,2,0
118,7.35,0,1,12,0,1,2,0
17,7.78,3,0,16,1,1,1,0
48,3.8,13,1,2,1,2,2,0
49,3.89,14,1,2,1,2,2,0
117,3.18,13,1,21,0,2,2,0
98,6.23,11,1,22,1,2,2,0
22,6.72,8,0,22,0,1,1,0
83,8.32,14,1,1,1,0,2,0
120,3.38,10,0,10,1,0,2,0
67,2.95,2,1,14,1,0,1,0
25,2.26,3,0,16,1,0,0,0
112,9.21,2,1,5,0,0,2,0
61,2.76,9,0,17,0,2,2,0
19,9.36,9,0,9,1,0,2,0
79,4.75,13,0,11,1,0,1,0
55,4.11,5,1,7,0,0,1,0
128,6.61,0,0,9,1,1,2,0
79,3.97,9,0,5,0,2,2,0
10,8.65,10,1,19,1,2,2,0
107,1.02,14,0,1,1,2,2,0
0,5.73,2,1,12,1,1,1,0
17,4.65,11,0,2,0,0,1,0
89,4.04,5,1,15,1,0,2,0
17,0.57,1,0,16,0,1,1,0
116,7.58,10,1,0,0,0,2,0
65,2.98,2,1,13,1,2,2,0
60,0.41,11,1,5,1,1,1,0
111,1.55,5,0,5,0,1,2,0
81,5.41,5,0,18,0,1,2,0
49,4.59,3,0,20,1,2,2,0
100,7.02,0,1,5,0,2,2,0
55,1.53,8,0,4,0,2,2,0
119,8.91,15,1,13,1,1,2,0
69,9.36,12,1,6,0,1,2,0
29,9.68,9,1,4,1,2,2,0
130,9.73,1,1,14,1,1,2,0
73,4.37,11,1,21,1,2,2,0
95,3.94,9,1,2,0,1,2,0
35,4.48,7,1,12,0,2,2,0
92,0.91,11,0,5,1,0,2,0
83,1.08,14,1,16,1,0,2,0
66,9.94,2,1,9,1,2,2,0
124,4.41,14,1,6,1,2,2,0
19,9.54,0,0,2,1,0,2,0
127,4.86,13,0,13,1,1,2,0
72,7.3,5,0,10,0,2,2,0
83,4.71,9,1,5,0,0,2,0
103,2.09,13,1,2,1,1,2,0
29,3.46,2,0,2,1,0,0,0
59,7.12,4,1,19,0,2,2,0
110,6.61,13,1,3,1,1,2,0
104,8.08,3,1,0,1,2,2,0
60,6.14,14,0,3,1,1,1,0
42,1.84,9,0,23,0,1,1,0
98,9.57,11,1,4,1,2,2,0
124,5.61,6,1,3,1,2,2,0
61,1.4,5,0,14,0,0,1,0
54,6.53,1,0,4,0,2,2,0
71,6.01,1,0,23,1,1,1,0
80,8.16,10,1,14,1,0,2,0
74,6.87,6,0,17,0,0,1,0
17,1.88,2,0,13,1,2,2,0
67,6.24,7,1,18,0,2,2,0
69,3.9,15,0,4,1,1,1,0
130,2.73,10,1,4,1,0,2,0
48,4.66,4,1,9,1,2,2,0
70,3.48,0,0,12,1,0,1,0
76,4.67,6,0,13,0,1,1,0
74,4.05,10,1,5,1,1,1,0
76,3.89,7,0,4,1,0,1,0
10,5.79,5,1,9,0,2,2,0
11,5.89,2,0,4,0,0,1,0
46,9.58,2,1,20,0,0,2,0
129,3.54,6,1,16,1,0,2,0
83,2.91,3,1,21,1,0,2,0
58,4.89,0,1,15,1,1,1,0
19,6.14,1,0,5,0,2,2,0
110,0.27,7,1,14,1,0,2,0
41,4.26,8,1,13,1,2,2,0
56,0.78,1,0,4,0,0,1,0
90,8.11,7,1,22,1,1,2,0
60,0.55,11,1,17,0,0,1,0
108,8.85,8,1,19,1,2,2,0
38,1.39,6,0,4,0,0,1,0
91,9.53,11,0,23,0,2,2,0
52,0.21,3,1,3,0,1,1,0
119,0.21,13,1,1,1,1,2,0
47,8.42,9,1,22,1,1,2,0
120,3.26,14,0,3,0,0,2,0
95,8.08,13,1,6,0,2,2,0
10,1.31,5,1,9,1,2,2,0
109,8.86,8,1,16,1,1,2,0
54,7.09,0,0,6,1,2,2,0
88,5.03,15,0,12,0,2,2,0
47,6.95,15,1,1,0,1,1,0
18,6.06,12,1,5,0,2,2,0
1,1.73,14,0,16,0,1,1,1
63,4.35,13,1,18,1,0,1,0
96,6.49,10,0,23,0,2,2,0
103,6.63,8,0,23,0,1,2,0
105,1.44,10,0,5,0,0,2,0
30,8.83,15,0,21,0,0,2,0
10,5.38,4,0,4,0,1,1,0
60,1.31,5,0,17,0,2,2,0
91,3.83,1,0,9,1,1,2,0
18,8.49,3,0,2,1,1,2,0
46,2.64,14,1,18,0,0,1,0
124,1.91,1,1,13,1,0,2,0
103,5.15,11,1,22,1,0,2,0
46,4.65,6,0,13,0,0,1,0
89,0.53,9,1,0,1,0,2,0
32,7.42,1,1,4,1,0,1,0
109,6.08,8,1,13,1,1,2,0
106,3.79,12,1,13,0,1,2,0
42,7.14,9,0,0,0,0,1,0
28,2.12,14,1,6,1,2,2,0
69,4.89,3,0,15,0,2,2,0
45,1.9,5,0,10,0,0,1,0
123,4.27,5,0,6,0,1,2,0
84,0.44,10,1,3,1,1,2,0
103,3.69,13,1,2,0,2,2,0
12,0.36,11,0,3,1,0,0,0
68,5.0,7,0,20,0,1,1,0
130,6.65,2,1,1,0,1,2,0
99,9.64,7,0,10,1,2,2,0
89,6.76,1,0,16,1,1,2,0
127,7.72,14,1,3,0,0,2,0
130,9.29,7,0,6,1,0,2,0
71,2.75,12,1,0,0,2,2,0
50,6.31,2,0,16,1,2,2,0
76,8.53,9,0,19,0,0,2,0
103,7.4,10,1,1,0,1,2,0
114,2.5,15,0,2,0,1,2,0
92,1.93,1,1,9,1,0,2,0
47,4.73,7,0,20,0,2,2,0
39,8.78,5,1,14,1,1,2,0
0,4.34,0,1,3,1,2,2,0
99,0.11,11,1,12,0,0,2,0
47,5.51,4,0,22,0,1,1,0
80,5.03,9,0,11,0,0,2,0
126,3.22,6,1,6,0,1,2,0
34,5.02,13,0,16,1,0,1,0
121,3.2,12,1,6,1,1,2,0
70,7.99,12,1,21,0,0,1,0
7,4.16,4,1,10,0,0,1,0
2,1.98,11,0,21,1,1,1,0
103,6.26,7,1,23,1,2,2,0
24,7.19,1,1,7,1,2,2,0
61,9.21,5,1,23,0,1,2,0
113,5.06,6,1,1,1,2,2,0
48,1.38,2,0,12,1,0,1,0
125,4.52,3,0,0,0,1,2,0
11,1.75,15,0,13,0,1,1,0
79,3.19,8,0,15,0,2,2,0
69,6.39,0,0,1,0,0,1,1
23,2.28,1,0,23,0,1,1,0
4,2.55,0,0,2,0,2,2,1
41,1.09,2,0,14,1,0,1,0
68,2.89,14,1,9,1,1,1,0
19,5.18,9,1,17,0,1,1,0
50,2.06,12,1,19,1,1,1,0
124,8.84,3,1,16,1,2,2,0
30,6.03,0,0,7,0,2,2,1
96,3.48,3,1,17,1,2,2,0
18,1.36,12,1,21,0,1,1,0
40,7.29,14,1,21,0,2,2,0
128,8.12,13,1,11,1,1,2,0
108,3.71,14,1,21,1,2,2,0
118,4.9,15,0,22,0,0,2,0
118,3.18,13,0,6,0,1,2,0
60,8.38,7,0,8,1,1,2,0
23,9.27,5,1,15,1,1,2,0
114,0.52,7,1,8,1,0,2,0
92,1.55,14,0,4,0,0,2,0
55,0.03,10,1,21,0,2,2,0
130,5.25,0,0,22,0,2,2,1
88,3.34,15,1,19,0,0,2,0
55,4.98,1,1,19,0,2,2,0
2,4.17,6,0,11,1,0,1,0
78,2.94,2,1,9,1,0,1,0
73,5.41,12,1,3,0,2,2,0
112,7.54,5,1,19,1,2,2,0
96,2.4,6,1,11,0,2,2,0
64,1.04,4,1,14,0,1,1,0
2,5.05,12,0,17,1,0,1,0
21,8.9,7,0,3,1,1,2,0
108,4.49,2,0,16,1,0,2,0
118,1.11,8,1,22,0,2,2,0
11,4.76,2,0,4,0,0,1,0
62,1.05,12,0,10,0,0,1,0
79,3.85,2,1,7,1,0,1,0
123,8.99,8,0,8,1,1,2,0
93,3.0,2,0,7,0,1,2,0
93,5.87,13,1,23,0,1,2,0
105,4.06,0,0,12,0,0,2,1
105,7.15,12,1,0,0,1,2,0
75,2.62,10,0,10,0,0,1,0
22,4.13,7,1,8,1,0,1,0
100,6.51,13,1,15,0,0,2,0
67,0.65,10,0,8,1,2,2,0
110,2.75,2,1,6,1,0,2,0
4,6.69,6,1,23,0,2,2,0
70,0.39,12,0,19,0,2,2,0
65,6.37,12,1,3,0,0,1,0
116,0.86,1,1,19,0,0,2,0
109,7.66,8,0,16,1,1,2,0
6,7.33,3,0,20,0,1,1,0
12,9.3,3,1,6,0,2,2,0
38,6.59,12,0,10,0,0,1,0
109,3.61,3,0,22,0,2,2,0
75,9.79,3,0,16,0,0,2,0
6,4.28,7,0,16,0,2,2,0
43,2.68,3,1,15,0,1,1,0
115,4.0,13,0,15,0,0,2,0
120,1.41,4,0,7,1,2,2,0
31,2.49,6,1,6,0,1,1,0
63,3.52,5,1,23,0,2,2,0
79,9.82,0,1,22,0,2,2,0
64,1.04,14,1,2,1,2,2,0
42,5.32,5,0,17,0,1,1,0
73,3.86,5,0,12,0,1,1,0
33,5.98,0,0,16,1,2,2,0
72,6.44,14,0,4,0,0,1,0
35,9.58,8,0,13,0,1,2,0
54,3.93,2,0,10,1,0,1,0
75,3.42,4,1,17,1,1,1,0
88,6.11,8,1,14,1,2,2,0
23,4.43,9,0,8,1,0,1,0
0,3.44,9,0,12,1,0,0,0
89,2.17,7,0,8,1,1,2,0
59,2.78,11,0,18,1,1,1,0
1,7.53,14,1,10,1,1,1,0
34,7.17,3,1,21,1,0,1,0
109,4.24,11,0,3,1,0,2,0
47,0.26,6,1,14,0,1,1,0
73,5.48,15,0,9,1,2,2,0
33,4.3,11,0,16,0,0,1,0
82,7.51,4,0,17,0,2,2,0
44,0.21,15,0,19,0,0,1,0
9,5.8,4,1,5,0,0,1,0
70,7.67,6,1,21,1,1,1,0
20,2.12,5,1,18,0,2,2,0
2,1.68,2,0,0,0,0,0,1
122,5.98,4,1,14,0,1,2,0
64,9.28,5,1,1,0,0,2,0
43,3.0,0,1,15,0,0,1,0
59,4.81,3,1,3,1,0,1,0
97,5.42,4,1,12,0,2,2,0
130,8.91,11,0,21,0,2,2,0
83,1.17,11,0,5,0,2,2,0
130,4.17,12,0,0,1,2,2,0
74,5.78,3,0,14,0,1,1,0
15,2.35,9,1,7,1,0,0,0
88,6.14,0,0,4,1,2,2,0
109,5.06,6,1,7,0,2,2,0
113,5.41,13,1,2,1,1,2,0
47,8.09,10,1,15,0,2,2,0
77,4.39,15,0,1,1,0,1,0
21,7.42,1,0,11,0,0,1,0
102,8.15,11,0,3,1,0,2,0
51,2.66,10,0,11,1,2,2,0
111,4.2,3,1,21,0,2,2,0
119,0.56,3,0,10,1,0,2,0
29,1.12,10,1,19,0,2,2,0
37,7.25,12,1,21,1,0,1,0
121,2.05,12,1,13,1,2,2,0
30,2.79,2,0,14,1,0,0,0
0,7.0,1,0,3,0,1,1,0
63,5.55,5,1,8,0,0,1,0
98,3.47,8,1,2,0,2,2,0
124,5.01,10,1,2,1,2,2,0
28,3.46,7,1,18,0,2,2,0
54,2.7,8,0,0,1,2,2,0
69,0.49,1,0,1,0,1,1,0
83,4.01,2,0,6,0,0,2,0
101,4.71,5,1,12,1,0,2,0
60,7.08,14,1,0,1,2,2,0
6,6.55,13,1,0,0,0,1,0
96,4.47,1,0,14,1,1,2,0
25,0.18,10,0,0,1,1,1,0
55,7.24,9,1,11,1,2,2,0
50,5.94,2,1,23,1,1,1,0
85,2.56,7,1,14,0,0,2,0
105,5.17,3,0,15,1,2,2,0
61,1.76,2,1,1,0,0,1,0
125,6.27,3,1,23,1,0,2,0
63,9.65,5,1,10,0,0,2,0
29,1.65,14,1,13,0,1,1,0
24,5.46,14,1,9,0,1,1,0
99,4.68,0,0,8,0,1,2,1
113,8.82,10,1,2,0,1,2,0
65,2.98,11,1,14,1,0,1,0
100,0.64,0,0,21,1,0,2,0
5,3.35,9,1,18,1,0,0,0
95,1.45,3,1,11,0,2,2,0
116,8.17,6,0,14,1,1,2,0
102,4.86,4,1,20,1,0,2,0
3,9.67,7,0,10,1,2,2,0
126,0.09,11,0,3,0,1,2,0
94,7.57,15,1,17,0,1,2,0
57,3.27,13,0,3,0,0,1,0
117,1.2,13,1,5,0,2,2,0
58,3.58,13,0,2,1,2,2,0
114,1.73,13,1,10,0,0,2,0
32,7.93,13,0,6,1,2,2,0
66,9.38,14,0,2,0,0,2,0
51,6.46,4,0,1,0,1,1,0
57,0.43,12,1,23,1,0,1,0
116,0.94,11,0,7,0,0,2,0
87,4.04,7,1,13,0,2,2,0
117,3.39,3,1,17,0,0,2,0
96,2.88,4,0,11,0,2,2,0
106,2.53,14,0,12,1,0,2,0
53,7.19,6,0,5,0,1,1,0
11,4.66,3,0,2,1,1,1,0
125,2.63,2,0,11,0,0,2,0
26,5.45,6,0,9,0,2,2,0
19,4.69,2,1,8,1,2,2,0
93,8.83,13,1,18,1,0,2,0
88,2.02,14,0,3,1,0,2,0
34,0.43,9,1,22,1,2,2,0
68,1.22,14,1,12,1,2,2,0
44,2.08,0,0,4,0,1,1,1
45,1.29,14,0,12,1,1,1,0
58,9.88,6,1,2,1,2,2,0
40,9.18,2,0,10,0,2,2,0
41,4.42,0,0,23,0,1,1,1
120,4.29,8,0,1,0,2,2,0
23,4.99,7,0,1,0,0,1,0
29,0.31,8,1,1,0,1,1,0
47,6.48,1,1,18,1,1,1,0
106,5.35,12,1,2,0,0,2,0
91,2.11,5,0,14,0,2,2,0
46,7.38,0,0,10,0,0,1,1
78,2.68,0,1,13,1,1,1,0
118,4.73,12,1,9,0,2,2,0
90,9.63,5,0,8,1,0,2,0
18,1.66,9,1,21,0,1,1,0
116,2.62,2,0,12,0,2,2,0
130,2.65,14,0,17,0,0,2,0
41,2.13,8,1,20,1,1,1,0
116,7.89,9,1,16,1,2,2,0
101,7.78,9,1,10,0,2,2,0
67,1.77,11,1,4,0,1,1,0
33,3.79,1,1,2,0,0,0,0
21,2.7,4,1,12,1,2,2,0
101,1.15,4,0,23,1,1,2,0
67,3.67,4,1,23,0,0,1,0
113,1.73,0,1,14,1,2,2,0
55,0.6,14,0,7,0,1,1,0
102,5.59,5,0,22,1,1,2,0
54,5.63,2,0,17,0,2,2,0
21,5.1,6,1,0,1,0,1,0
128,3.03,10,1,0,1,0,2,0
100,5.09,11,0,21,0,1,2,0
106,1.33,10,1,20,1,0,2,0
18,4.69,12,0,21,1,2,2,0
45,3.1,3,1,8,1,1,1,0
89,0.83,8,1,10,0,2,2,0
8,0.7,8,1,23,0,0,0,0
66,3.21,9,1,0,0,0,1,0
36,1.4,9,0,6,0,0,1,0
13,9.6,7,0,17,0,0,2,0
38,6.54,5,0,22,0,0,1,0
79,8.77,15,1,13,1,0,2,0
103,8.71,6,0,17,0,1,2,0
104,4.48,1,0,21,0,2,2,0
123,4.88,10,1,18,1,0,2,0
93,6.66,11,0,23,0,0,2,0
23,2.17,10,0,1,0,0,0,0
86,2.22,6,1,23,1,1,2,0
109,5.81,14,0,13,1,2,2,0
84,9.16,9,1,0,0,2,2,0
22,2.68,5,0,3,0,2,2,0
66,9.1,10,1,5,0,1,2,0
95,3.2,7,0,3,1,2,2,0
83,8.79,11,1,0,0,1,2,0
72,7.98,0,1,16,0,2,2,0
100,0.54,5,0,17,1,2,2,0
51,9.61,4,1,12,0,0,2,0
7,4.0,10,0,16,1,1,1,0
79,7.34,1,1,5,0,2,2,0
108,1.03,8,0,13,0,2,2,0
113,0.18,5,1,8,0,0,2,0
11,8.75,11,0,5,1,0,2,0
113,5.7,7,1,15,0,0,2,0
67,5.08,3,1,19,0,2,2,0
91,8.64,5,1,17,1,2,2,0
72,6.33,9,0,9,1,0,1,0
66,0.06,14,1,18,1,0,1,0
82,6.98,12,0,4,0,2,2,0
51,4.56,1,0,12,1,2,2,0
3,3.08,15,1,22,0,0,0,0
2,7.81,9,1,20,0,1,1,0
26,9.04,5,1,4,1,1,2,0
125,8.21,14,1,3,1,1,2,0
61,7.79,8,1,23,1,1,1,0
87,8.27,6,1,3,1,1,2,0
60,3.97,3,0,12,1,2,2,0
95,9.91,4,1,2,1,0,2,0
110,5.22,9,1,17,0,1,2,0
104,6.38,8,0,5,1,0,2,0
2,1.23,2,0,5,0,2,2,1
30,7.85,2,1,2,0,0,1,0
22,7.42,1,0,20,1,1,1,0
119,2.58,2,1,21,1,2,2,0
111,0.96,8,0,6,0,0,2,0
17,1.73,10,0,8,1,2,2,0
2,5.09,0,1,1,0,1,1,0
92,4.49,6,1,22,1,0,2,0
84,2.75,9,1,1,0,1,2,0
27,6.29,9,1,12,1,2,2,0
33,9.22,0,1,22,0,2,2,0
117,1.49,7,0,23,1,0,2,0
130,8.79,7,0,9,1,1,2,0
59,5.82,11,0,17,0,2,2,0
5,6.88,10,1,22,0,0,1,0
77,2.79,4,1,16,0,1,1,0
33,6.59,8,1,3,1,1,1,0
14,2.64,14,1,2,1,0,0,0
125,6.33,5,1,20,0,1,2,0
5,8.96,4,0,21,0,0,2,0
4,0.14,5,1,17,0,1,1,0
123,7.31,4,1,13,1,2,2,0
80,2.03,4,0,5,0,0,2,0
32,5.14,3,1,19,0,0,1,0
81,8.2,6,0,22,0,0,2,0
42,4.95,7,1,8,0,1,1,0
18,8.99,12,0,16,0,2,2,0
20,2.54,8,0,21,0,0,0,0
49,1.27,9,1,12,0,2,2,0
113,0.81,3,1,6,0,0,2,0
61,6.43,14,1,22,0,0,1,0
66,3.45,11,1,8,1,0,1,0
39,4.78,1,1,16,1,1,1,0
65,1.65,5,1,19,1,0,1,0
8,2.18,8,1,20,0,2,2,0
54,7.83,14,1,7,0,2,2,0
12,7.52,1,1,21,0,2,2,0
63,0.02,14,1,7,1,2,2,0
97,4.83,11,1,18,1,1,2,0
23,7.27,10,1,7,0,0,1,0
85,9.96,6,1,18,0,0,2,0
63,5.34,9,0,10,1,2,2,0
74,6.79,14,1,3,0,1,1,0
30,1.53,1,1,19,1,0,0,0
71,5.41,11,0,5,1,2,2,0
34,7.54,10,1,3,1,2,2,0
62,8.98,14,0,1,0,1,2,0
5,0.64,14,1,20,1,1,1,0
100,4.55,9,1,7,1,0,2,0
11,8.9,14,1,9,1,2,2,0
130,5.64,1,1,3,1,1,2,0
125,5.19,1,0,0,0,1,2,0
34,2.19,0,0,17,0,0,0,1
77,1.21,15,0,10,1,2,2,0
4,9.93,6,0,1,0,2,2,0
2,1.9,11,1,6,0,0,0,0
112,7.36,3,0,22,1,2,2,0
7,7.95,8,0,19,1,2,2,0
93,5.65,14,0,4,0,2,2,0
34,8.75,15,0,19,0,2,2,0
60,8.83,12,0,18,0,2,2,0
9,4.2,0,1,13,1,2,2,0
106,9.11,1,0,17,0,1,2,0
17,9.13,8,1,15,0,1,2,0
97,6.99,13,1,8,1,2,2,0
16,1.2,11,0,1,0,1,1,0
67,6.69,14,0,10,1,1,1,0
58,0.15,3,0,16,1,0,1,0
86,5.03,5,0,0,0,0,2,0
121,9.27,5,1,22,1,0,2,0
29,6.87,5,1,23,0,0,1,0
17,8.65,8,0,9,0,2,2,0
98,3.84,7,0,13,1,1,2,0
93,7.95,14,0,14,1,1,2,0
28,6.53,8,1,0,1,0,1,0
77,9.53,10,1,9,0,2,2,0
97,7.92,7,1,22,1,2,2,0
129,4.9,13,1,12,0,2,2,0
32,5.65,15,1,6,1,0,1,0
83,2.41,0,0,2,0,0,2,1
8,4.82,15,0,3,0,2,2,0
104,2.03,8,0,18,1,2,2,0
12,2.08,5,0,10,0,2,2,0
22,6.24,7,0,5,1,1,1,0
74,8.74,8,1,23,1,1,2,0
123,9.47,14,1,22,0,1,2,0
72,7.97,14,0,14,1,0,1,0
104,9.25,12,1,18,1,0,2,0
1,6.81,12,0,6,1,1,1,0
42,1.91,12,0,17,0,1,1,0
52,9.12,15,1,18,0,2,2,0
17,1.77,2,0,2,0,1,1,0
55,3.16,3,1,13,1,0,1,0
8,1.73,12,0,5,1,2,2,0
26,6.08,6,1,13,0,2,2,0
73,2.91,15,0,17,0,2,2,0
65,0.28,3,0,11,0,0,1,0
11,2.65,5,0,18,0,2,2,0
40,5.0,3,0,9,1,2,2,0
101,6.59,13,1,16,0,0,2,0
49,9.72,15,0,19,1,0,2,0
55,8.76,15,1,2,0,1,2,0
106,8.87,8,0,9,0,2,2,0
97,4.95,3,1,10,0,2,2,0
39,0.03,8,1,11,0,2,2,0
86,0.91,8,0,11,1,2,2,0
74,7.54,11,0,22,1,0,1,0
25,0.47,14,1,5,1,2,2,0
121,1.65,10,1,23,1,0,2,0
32,9.09,10,0,22,0,2,2,0
40,8.86,5,1,5,1,1,2,0
73,6.77,11,1,20,0,0,1,0
3,4.53,10,0,10,1,1,1,0
120,9.67,4,0,19,1,1,2,0
124,5.2,0,1,10,0,1,2,0
51,5.43,12,1,5,1,1,1,0
76,0.13,1,1,6,1,2,2,0
34,1.7,3,1,12,1,2,2,0
3,2.18,2,1,20,1,1,1,0
64,0.25,5,0,19,1,1,1,0
85,0.19,10,1,17,1,0,2,0
69,5.71,4,0,10,1,0,1,0
34,1.35,7,1,2,0,2,2,0
124,7.73,12,0,13,0,2,2,0
11,3.5,8,1,1,1,0,0,0
67,2.29,3,1,11,0,0,1,0
112,1.6,2,0,17,1,1,2,0
101,2.01,2,1,14,1,0,2,0
45,4.22,1,1,11,1,2,2,0
81,1.95,15,1,17,0,1,2,0
107,5.15,1,1,10,0,0,2,0
129,5.54,9,1,22,1,0,2,0
46,0.83,14,1,9,1,1,1,0
73,8.95,14,0,12,0,2,2,0
87,7.38,6,1,17,1,1,2,0
72,7.53,7,0,14,1,1,1,0
21,9.74,2,1,13,1,0,2,0
121,4.54,2,1,12,0,1,2,0
102,8.88,2,0,11,0,1,2,0
38,0.27,10,1,12,0,0,1,0
108,7.19,8,1,1,1,2,2,0
102,6.35,6,0,7,1,1,2,0
84,6.95,6,0,23,0,0,2,0
22,2.63,7,0,11,1,2,2,0
83,9.31,5,0,23,0,1,2,0
109,4.35,6,1,15,1,2,2,0
22,0.35,0,0,4,0,0,0,1
10,0.2,5,1,12,1,0,0,0
119,5.61,12,1,9,0,1,2,0
36,9.53,15,1,11,0,0,2,0
75,9.34,5,1,1,0,0,2,0
34,8.13,3,1,6,1,0,2,0
116,3.28,5,1,2,1,1,2,0
100,9.08,12,0,9,0,2,2,0
48,2.13,0,0,21,0,1,1,1
11,1.16,14,1,9,1,0,0,0
56,2.96,12,1,18,0,1,1,0
82,0.1,6,0,4,0,0,2,0
29,8.57,7,1,19,1,1,2,0
44,1.03,15,1,2,0,2,2,0
56,4.53,3,1,3,1,1,1,0
104,6.95,5,0,19,1,2,2,0
49,9.53,4,1,16,1,0,2,0
40,8.12,9,1,6,1,1,2,0
91,6.56,0,0,4,0,2,2,1
20,2.63,11,0,10,0,1,1,0
93,2.37,0,0,18,1,1,2,0
69,5.69,15,0,10,1,1,1,0
92,6.78,3,1,10,0,0,2,0
1,1.37,6,1,0,1,0,0,0
63,8.37,13,0,9,0,0,2,0
36,9.56,3,0,1,1,1,2,0
124,6.09,11,0,2,0,0,2,0
72,5.51,10,1,5,1,2,2,0
84,7.08,12,0,5,0,2,2,0
14,9.53,10,1,9,0,1,2,0
22,0.18,12,1,6,0,2,2,0
55,6.98,13,0,14,0,1,1,0
64,6.8,15,0,22,0,1,1,0
48,9.47,10,0,14,1,2,2,0
35,0.54,14,1,0,0,1,1,0
50,6.98,14,1,4,1,0,1,0
43,3.62,6,0,14,1,0,1,0
59,1.56,12,0,4,1,0,1,0
108,8.72,6,1,16,0,1,2,0
60,9.01,4,0,0,0,1,2,0
105,2.57,15,1,0,0,2,2,0
14,7.94,10,1,2,1,2,2,0
42,0.62,15,0,1,0,2,2,0
5,2.76,8,0,6,0,1,1,0
11,5.84,1,0,8,0,2,2,0
104,6.97,1,1,12,1,2,2,0
100,3.74,9,0,5,1,0,2,0
118,4.4,11,1,10,1,2,2,0
111,8.41,9,1,4,0,1,2,0
126,3.41,2,0,4,1,0,2,0
104,8.25,9,1,4,0,0,2,0
23,4.24,1,1,5,0,2,2,0
26,9.76,14,0,22,1,0,2,0
5,7.31,7,1,14,1,1,1,0
56,1.2,8,0,9,0,2,2,0
98,7.11,6,1,4,0,0,2,0
125,3.38,11,0,6,1,0,2,0
76,9.13,14,1,6,0,2,2,0
111,3.2,11,0,14,1,1,2,0
76,9.24,12,0,11,1,0,2,0
7,6.4,15,1,16,0,1,1,0
79,6.38,4,0,13,1,1,1,0
29,6.24,14,1,0,1,1,1,0
20,0.99,11,1,11,0,0,0,0
126,9.31,3,1,19,1,0,2,0
22,3.72,0,0,15,0,2,2,1
128,4.38,4,1,0,0,2,2,0
47,8.82,6,0,11,1,0,2,0
66,1.86,12,0,11,0,0,1,0
103,6.25,15,1,19,0,1,2,0
68,2.47,4,1,17,0,2,2,0
17,6.05,9,1,2,0,2,2,0
33,6.66,5,1,22,0,0,1,0
121,7.82,4,1,14,1,2,2,0
35,1.2,5,0,1,0,1,1,0
130,6.13,1,1,13,1,0,2,0
20,4.43,2,0,20,1,1,1,0
53,7.71,2,0,16,1,2,2,0
116,8.72,2,1,17,0,1,2,0
5,6.83,9,1,11,0,0,1,0
27,2.22,3,0,11,1,1,1,0
0,9.59,15,0,8,0,0,2,0
91,6.51,0,1,8,0,1,2,0
105,2.54,15,0,20,1,2,2,0
33,6.3,8,0,13,0,0,1,0
22,2.96,10,0,19,1,2,2,0
2,7.79,4,0,14,1,2,2,0
88,6.66,8,1,17,1,0,2,0
45,1.32,14,1,12,0,0,1,0
24,5.54,1,1,13,1,0,1,0
85,1.77,6,1,8,1,1,2,0
31,7.12,1,1,14,1,1,1,0
36,0.65,0,0,0,1,0,1,0
70,2.95,15,0,0,1,0,1,0
84,4.44,11,1,5,0,1,2,0
61,3.38,8,1,4,1,2,2,0
107,5.2,6,0,5,1,0,2,0
86,0.26,5,1,14,1,2,2,0
101,6.4,0,0,7,1,1,2,0
28,2.2,15,0,10,1,2,2,0
125,7.28,4,0,5,0,2,2,0
41,9.79,1,0,23,1,0,2,0
38,2.15,8,0,1,0,0,1,0
122,6.41,9,1,6,1,0,2,0
13,1.25,10,1,7,0,1,1,0
96,4.16,8,0,13,1,2,2,0
96,7.31,9,0,19,1,2,2,0
82,8.52,3,0,22,1,1,2,0
80,7.26,7,0,19,1,1,2,0
127,1.9,10,1,4,0,0,2,0
128,6.47,12,0,12,1,1,2,0
58,2.44,9,0,16,0,2,2,0
20,0.97,8,0,12,0,1,1,0
118,4.56,11,1,21,0,0,2,0
66,8.84,13,1,20,1,1,2,0
101,3.53,5,1,15,1,2,2,0
4,4.58,7,1,3,0,2,2,0
63,2.61,11,1,5,0,0,1,0
77,6.67,10,1,10,0,1,1,0
39,1.55,6,0,19,1,1,1,0
102,0.36,13,1,13,1,2,2,0
110,0.84,8,0,7,1,1,2,0
24,3.12,15,1,18,0,2,2,0
38,3.72,5,0,9,0,1,1,0
54,7.54,5,0,16,0,0,1,0
20,7.02,13,1,22,1,1,1,0
114,5.24,13,1,6,0,0,2,0
117,0.63,2,0,12,1,1,2,0
29,6.63,4,1,19,1,2,2,0
21,5.04,14,0,22,0,1,1,0
58,7.2,14,1,0,1,1,1,0
19,5.78,9,1,21,0,0,1,0
123,2.89,12,0,9,0,0,2,0
113,3.1,9,1,2,0,0,2,0
84,8.52,6,1,0,0,0,2,0
60,3.46,8,0,2,0,0,1,0
7,3.11,5,1,12,0,0,0,0
38,5.42,11,1,21,1,0,1,0
102,7.75,7,0,20,1,0,2,0
18,0.08,13,1,14,0,1,1,0
33,7.37,11,1,19,0,0,1,0
82,2.79,1,1,8,0,2,2,0
40,2.22,11,1,17,1,1,1,0
20,5.38,13,1,16,1,0,1,0
44,0.8,7,1,18,1,0,1,0
89,6.02,6,1,1,1,0,2,0
118,1.43,10,0,12,1,2,2,0
53,3.82,3,0,16,1,0,1,0
82,4.69,13,0,19,1,1,2,0
95,9.16,15,0,23,0,2,2,0
110,2.55,3,1,12,1,2,2,0
62,9.84,11,1,23,0,0,2,0
111,8.06,10,1,14,1,2,2,0
85,2.31,4,1,19,1,1,2,0
55,6.13,1,0,20,1,0,1,0
53,1.26,0,0,17,1,0,1,0
95,7.21,9,0,23,0,1,2,0
51,4.49,0,0,14,0,1,1,1
18,5.5,10,0,14,1,1,1,0
29,6.9,1,1,13,1,1,1,0
83,3.78,13,1,7,1,2,2,0
53,3.91,3,0,19,0,2,2,0
35,8.85,6,0,9,0,0,2,0
14,2.31,5,0,9,1,2,2,0
55,4.98,1,0,5,0,0,1,0
85,7.72,6,1,20,1,2,2,0
88,5.97,2,0,19,0,2,2,0
33,6.19,0,0,7,0,1,1,1
3,7.44,10,1,8,0,2,2,0
82,0.49,15,1,19,0,0,2,0
57,6.04,4,0,13,1,2,2,0
79,6.23,4,1,17,0,0,1,0
61,5.49,0,0,7,0,0,1,1
111,7.5,6,1,2,1,2,2,0
15,2.84,13,0,19,1,1,1,0
107,0.87,10,0,16,0,2,2,0
19,0.12,9,0,18,0,0,0,0
60,0.63,15,1,22,0,2,2,0
37,0.42,1,0,0,1,0,1,0
58,1.48,4,1,9,1,2,2,0
60,8.01,2,1,8,0,0,2,0
130,9.47,6,1,8,1,0,2,0
86,2.48,9,0,8,1,0,2,0
126,5.01,8,1,23,1,0,2,0
39,2.15,4,0,2,0,2,2,0
16,3.74,2,0,0,1,2,2,0
61,7.39,14,0,7,1,0,1,0
7,6.7,4,1,4,1,0,1,0
82,6.07,12,0,3,0,1,2,0
40,4.24,9,1,2,1,1,1,0
110,8.34,13,0,22,1,1,2,0
112,7.02,13,0,23,0,1,2,0
43,7.68,15,1,22,0,0,1,0
23,6.89,9,0,1,0,2,2,0
38,3.44,5,0,1,1,1,1,0
24,1.16,13,0,10,0,1,1,0
38,8.92,0,0,9,1,0,2,0
93,2.74,0,1,1,1,2,2,0
85,6.58,2,1,23,0,1,2,0
32,8.07,9,1,6,0,2,2,0
112,5.59,14,1,4,1,0,2,0
41,1.65,8,1,3,0,0,1,0
49,3.22,1,0,21,0,0,1,0
55,4.8,15,0,0,0,0,1,0
54,3.18,4,0,10,0,1,1,0
44,4.68,2,1,15,0,2,2,0
51,1.67,12,0,8,0,1,1,0
25,3.12,10,1,7,1,2,2,0
28,7.15,4,1,11,1,1,1,0
73,6.51,9,0,6,0,0,1,0
69,8.17,6,0,21,1,2,2,0
20,5.01,11,1,7,1,0,1,0
110,1.25,4,1,17,0,2,2,0
70,6.12,8,0,14,0,0,1,0
54,0.67,6,1,23,1,1,1,0
103,7.76,10,0,5,0,0,2,0
4,3.74,9,1,21,0,1,1,0
94,0.65,5,1,12,1,0,2,0
48,6.83,3,1,13,0,2,2,0
42,0.45,8,0,23,1,2,2,0
129,9.29,8,0,0,1,1,2,0
19,8.02,13,0,3,0,2,2,0
56,7.75,14,0,9,1,0,1,0
44,0.95,11,0,20,0,2,2,0
118,8.64,10,0,3,1,1,2,0
33,8.17,12,0,5,0,1,2,0
5,8.98,1,0,4,1,2,2,0
50,4.94,10,0,17,0,1,1,0
9,6.39,5,0,17,1,2,2,0
68,0.13,15,1,20,1,2,2,0
66,8.7,7,1,2,0,2,2,0
40,8.05,9,0,3,1,2,2,0
35,8.72,9,0,12,0,2,2,0
71,8.75,15,1,20,0,1,2,0
106,6.12,6,0,0,1,1,2,0
20,8.36,11,1,0,1,1,2,0
48,7.37,7,0,9,0,1,1,0
69,5.55,11,0,22,1,2,2,0
120,2.93,7,0,21,1,0,2,0
28,9.75,0,0,19,0,0,2,1
5,0.51,3,0,7,0,0,0,1
29,6.43,0,1,11,1,2,2,0
119,5.38,13,0,2,1,0,2,0
64,5.06,9,0,1,1,0,1,0
77,9.27,15,1,11,0,2,2,0
37,8.95,4,0,12,0,0,2,0
117,6.53,10,0,15,0,0,2,0
124,1.22,12,0,11,1,1,2,0
36,5.34,13,1,6,1,0,1,0
13,2.09,5,0,16,0,0,0,0
32,4.81,9,1,7,0,1,1,0
74,0.28,12,1,10,1,2,2,0
46,2.62,1,0,7,0,0,1,0
7,5.08,11,1,23,0,1,1,0
23,2.53,5,1,7,1,2,2,0
68,9.04,1,1,21,1,1,2,0
23,5.34,2,0,4,1,0,1,0
104,1.5,2,1,13,0,0,2,0
55,3.51,14,0,23,0,1,1,0
15,1.69,10,1,11,1,0,0,0
74,6.3,3,1,3,1,1,1,0
116,6.64,1,1,8,0,0,2,0
48,6.19,13,1,11,0,2,2,0
93,7.03,8,0,18,0,2,2,0
46,7.68,14,1,10,1,1,1,0
95,4.11,4,1,0,1,1,2,0
48,9.83,15,0,13,1,0,2,0
95,7.56,7,1,3,0,0,2,0
74,3.94,1,1,1,0,2,2,0
84,5.3,0,1,5,1,0,2,0
38,2.4,1,0,12,1,2,2,0
81,9.43,15,1,15,1,2,2,0
74,6.03,12,1,15,0,1,1,0
36,0.99,0,0,9,0,0,1,1
129,5.92,8,0,19,0,2,2,0
52,2.67,12,1,15,0,1,1,0
56,6.21,10,1,5,0,2,2,0
83,2.91,13,0,13,1,0,2,0
40,9.3,15,0,2,0,1,2,0
16,5.83,13,1,14,0,0,1,0
36,1.2,14,1,11,1,0,1,0
76,2.65,15,0,0,1,1,1,0
57,8.92,14,1,18,1,2,2,0
25,6.96,4,1,12,0,1,1,0
62,5.76,1,1,7,0,0,1,0
119,5.9,5,0,22,0,2,2,0
19,4.74,15,0,21,1,1,1,0
56,6.22,2,0,16,1,2,2,0
26,7.42,4,1,20,1,1,1,0
56,3.28,3,0,11,1,0,1,0
76,3.0,13,1,0,0,2,2,0
75,4.48,8,1,21,0,2,2,0
59,8.53,12,0,12,1,0,2,0
10,5.45,4,1,17,1,0,1,0
109,7.32,15,1,13,0,2,2,0
96,3.86,11,0,15,0,1,2,0
2,0.18,14,1,11,0,1,1,0
2,6.51,8,0,22,0,2,2,0
59,7.81,1,0,2,1,1,1,0
38,7.94,4,0,20,1,2,2,0
3,9.85,15,1,3,0,1,2,0
106,7.06,13,1,8,0,0,2,0
0,1.31,0,0,5,0,2,2,1
77,2.94,12,1,2,1,1,1,0
23,4.73,11,1,12,1,0,1,0
103,3.55,15,0,9,0,2,2,0
51,1.97,5,0,21,1,0,1,0
30,1.87,12,0,14,1,1,1,0
93,4.48,9,0,14,0,1,2,0
67,9.51,14,0,23,1,1,2,0
119,1.54,4,1,8,1,2,2,0
83,8.06,13,1,22,1,1,2,0
28,5.01,2,1,13,0,1,1,0
59,8.8,3,0,0,0,1,2,0
120,4.7,12,0,1,0,0,2,0
3,0.25,7,1,9,0,0,0,0
130,1.67,7,1,10,0,0,2,0
7,6.02,3,0,8,1,2,2,0
102,1.86,3,0,23,0,0,2,0
92,2.58,0,1,3,0,0,2,0
103,3.33,11,0,10,1,0,2,0
113,7.76,10,1,22,0,1,2,0
77,8.48,10,0,19,0,1,2,0
37,5.11,15,1,21,1,0,1,0
15,9.68,6,0,9,0,0,2,0
103,1.01,7,0,16,1,2,2,0
74,4.53,0,1,19,0,2,2,0
32,2.23,15,0,1,1,1,1,0
15,4.95,3,0,21,1,1,1,0
108,5.4,1,1,22,1,2,2,0
80,5.39,0,0,19,0,0,2,1
117,7.96,15,0,10,0,2,2,0
127,3.33,10,0,23,1,0,2,0
115,6.41,1,0,18,1,2,2,0
126,2.03,0,0,8,0,1,2,1
49,1.65,13,1,20,1,0,1,0
2,8.22,4,0,4,0,0,2,0
99,3.64,12,0,22,0,0,2,0
66,5.62,2,0,9,0,0,1,0
16,8.99,14,1,12,1,1,2,0
124,2.19,10,0,22,1,0,2,0
85,8.83,2,1,6,0,0,2,0
71,2.26,3,1,18,0,1,1,0
121,8.1,12,0,14,1,0,2,0
58,3.28,6,0,1,1,1,1,0
69,1.24,14,0,15,0,1,1,0
14,3.91,15,1,8,0,0,0,0
46,3.84,0,0,10,0,2,2,1
33,1.31,6,0,18,0,0,0,0
19,7.65,6,1,0,1,2,2,0
82,7.88,1,0,20,1,0,2,0
127,1.64,9,0,1,1,0,2,0
128,4.57,8,1,3,0,2,2,0
94,8.26,14,0,17,1,1,2,0
98,4.99,7,0,12,0,2,2,0
39,4.73,13,0,23,1,2,2,0
112,8.15,11,1,23,0,0,2,0
14,9.92,13,1,10,0,0,2,0
26,0.36,10,0,2,1,0,0,0
85,3.82,12,1,22,1,2,2,0
113,7.54,6,1,2,0,0,2,0
37,6.32,2,0,8,0,0,1,0
83,6.27,8,1,19,1,1,2,0
91,2.9,11,0,16,1,1,2,0
66,5.41,10,0,12,0,1,1,0
61,5.8,15,1,19,1,1,1,0
0,3.96,4,1,18,0,2,2,0
93,5.96,1,1,21,0,0,2,0
4,1.87,0,1,14,1,0,0,0
13,5.33,2,1,7,0,0,1,0
56,2.07,12,1,14,0,1,1,0
36,5.64,4,1,7,1,0,1,0
36,9.37,14,0,7,0,1,2,0
56,9.21,4,1,16,1,2,2,0
4,3.04,2,1,5,1,1,1,0
45,1.37,4,0,2,1,1,1,0
69,3.1,11,0,4,1,1,1,0
18,0.18,2,1,17,0,0,0,0
126,1.02,15,1,21,1,0,2,0
3,9.4,10,0,22,1,2,2,0
100,0.1,6,1,5,0,1,2,0
10,2.43,5,1,0,1,1,1,0
5,1.03,2,1,17,1,1,1,0
52,9.0,9,0,12,0,1,2,0
86,3.65,1,0,5,0,1,2,0
61,0.83,5,1,17,1,1,1,0
117,4.39,12,1,12,0,1,2,0
61,2.06,4,0,18,1,2,2,0
24,4.06,11,0,2,0,2,2,0
120,9.46,1,0,9,1,0,2,0
120,8.83,1,0,15,0,2,2,0
33,2.67,12,1,17,0,0,0,0
78,9.69,12,1,5,1,0,2,0
130,8.1,5,0,4,1,2,2,0
50,6.24,13,1,22,1,2,2,0
125,2.13,4,0,15,0,1,2,0
42,6.04,2,0,7,0,1,1,0
1,9.27,2,1,21,1,1,2,0
5,3.58,4,1,8,1,0,0,0
93,7.21,13,1,21,0,1,2,0
21,9.06,13,0,6,1,0,2,0
18,1.56,10,0,5,1,1,1,0
43,0.83,14,1,15,1,0,1,0
76,7.33,1,1,4,1,0,1,0
73,1.46,13,1,12,0,1,1,0
18,8.71,1,1,12,1,0,2,0
6,8.79,0,1,5,1,1,2,0
100,8.93,0,1,22,0,0,2,0
55,6.17,15,0,14,1,1,1,0
96,3.8,7,1,15,1,0,2,0
78,7.72,5,1,5,1,2,2,0
79,7.83,2,0,17,1,2,2,0
105,7.7,3,0,23,0,1,2,0
27,1.59,14,1,19,1,2,2,0
129,0.73,9,0,13,0,0,2,0
117,3.47,2,0,9,0,2,2,0
108,4.72,6,0,10,1,2,2,0
68,5.21,0,1,5,1,1,1,0
19,9.42,12,1,12,0,2,2,0
107,8.93,2,0,0,1,1,2,0
28,3.55,4,0,23,1,2,2,0
107,8.8,9,1,15,0,0,2,0
107,9.46,12,0,0,0,2,2,0
61,1.93,4,1,0,1,1,1,0
62,6.74,2,0,15,1,1,1,0
35,9.37,10,1,7,1,2,2,0
17,1.63,0,1,11,1,0,0,0
90,8.39,11,0,9,0,1,2,0
10,0.57,10,0,23,0,2,2,0
102,6.43,13,0,11,0,2,2,0
80,5.69,8,0,18,0,1,2,0
130,2.46,4,1,15,0,0,2,0
28,1.07,12,1,21,0,0,0,0
46,5.25,2,1,19,1,1,1,0
111,8.6,3,1,17,0,1,2,0
66,6.76,6,1,2,0,1,1,0
61,5.58,7,1,12,1,1,1,0
50,2.83,9,0,1,0,1,1,0
36,4.3,14,1,10,1,1,1,0
16,1.09,10,1,12,0,1,1,0
0,5.96,12,1,21,0,1,1,0
112,5.11,13,1,0,0,1,2,0
40,6.76,12,0,9,1,0,1,0
4,4.52,0,0,14,1,2,2,0
34,9.45,15,0,0,0,2,2,0
109,6.25,9,1,11,0,0,2,0
121,2.92,11,1,10,1,0,2,0
108,5.62,9,0,22,0,2,2,0
100,8.83,8,0,9,1,1,2,0
90,9.99,14,0,17,0,1,2,0
108,7.17,15,0,16,0,1,2,0
108,0.84,0,0,20,0,0,2,1
123,8.73,12,0,19,0,1,2,0
72,7.79,15,0,18,1,1,1,0
118,6.8,12,1,18,1,1,2,0
127,1.09,2,1,11,0,1,2,0
9,5.81,3,1,20,1,0,1,0
22,8.03,10,1,6,1,1,2,0
14,4.12,4,0,1,0,1,1,0
46,4.33,13,1,15,0,1,1,0
129,6.97,7,0,5,0,1,2,0
53,9.75,6,0,18,1,2,2,0
44,3.05,13,0,4,0,0,1,0
110,4.73,14,0,13,1,0,2,0
94,9.65,2,1,23,1,0,2,0
18,1.58,6,1,21,1,1,1,0
20,8.78,12,1,12,0,1,2,0
27,3.51,0,1,20,1,1,1,0
42,5.49,6,0,1,1,1,1,0
95,4.69,12,1,19,0,0,2,0
38,8.62,1,0,12,1,2,2,0
122,6.47,9,0,9,1,0,2,0
14,0.83,0,0,9,0,0,0,1
96,10.0,14,0,2,1,0,2,0
71,8.35,13,1,16,1,2,2,0
7,9.59,3,1,19,1,0,2,0
31,0.81,13,1,3,0,0,0,0
10,2.65,10,0,12,1,2,2,0
0,7.48,3,1,21,1,1,1,0
26,8.32,13,1,22,0,0,2,0
39,9.59,1,1,2,0,0,2,0
25,2.38,0,1,0,1,0,0,0
66,4.85,6,1,16,0,2,2,0
68,3.97,4,1,22,1,1,1,0
3,9.91,14,1,6,1,1,2,0
72,7.98,14,1,12,1,1,1,0
22,8.31,12,0,2,0,0,2,0
60,5.84,5,1,0,0,2,2,0
123,8.1,2,0,6,0,0,2,0
100,3.4,0,1,4,1,2,2,0
121,6.79,10,0,23,0,2,2,0
57,8.45,6,0,19,0,1,2,0
87,6.27,2,1,21,1,0,2,0
21,6.01,7,0,8,0,0,1,0
22,9.59,11,0,11,0,1,2,0
58,1.11,14,1,11,1,1,1,0
47,1.86,3,0,16,1,1,1,0
6,6.99,9,0,1,0,2,2,0
90,8.05,5,0,5,1,2,2,0
45,6.91,8,1,8,0,2,2,0
102,4.32,2,1,18,0,2,2,0
32,1.34,15,1,22,1,2,2,0
98,0.66,6,0,11,1,2,2,0
30,2.95,5,0,3,1,0,0,0
71,3.5,1,1,2,0,0,1,0
9,5.52,3,1,16,0,2,2,0
126,9.18,6,1,7,1,1,2,0
50,1.5,8,0,1,1,1,1,0
15,7.47,13,1,18,1,2,2,0
47,3.16,0,1,23,0,1,1,0
40,6.01,8,1,23,0,0,1,0
112,1.43,2,0,15,0,0,2,0
110,7.24,12,1,2,1,2,2,0
121,1.81,15,0,4,0,2,2,0
74,0.79,5,1,5,0,0,1,0
52,0.13,6,0,0,0,1,1,0
57,6.37,7,1,2,1,0,1,0
23,6.77,5,0,1,1,0,1,0
20,2.3,14,0,18,1,0,0,0
115,9.3,2,0,23,0,1,2,0
36,8.53,15,1,16,0,2,2,0
1,0.14,15,1,19,1,1,1,0
40,7.18,14,0,19,1,2,2,0
94,1.49,7,0,6,1,1,2,0
17,2.26,14,1,8,1,2,2,0
31,7.95,11,1,8,0,2,2,0
57,2.05,8,0,5,1,2,2,0
129,9.54,10,0,0,0,2,2,0
26,4.44,0,1,8,1,0,1,0
20,3.4,13,1,21,1,2,2,0
2,5.59,14,0,10,1,1,1,0
126,9.73,10,0,16,0,2,2,0
115,7.94,7,1,6,0,1,2,0
120,5.24,3,0,21,0,1,2,0
38,1.14,15,1,9,1,2,2,0
51,0.9,2,1,21,0,1,1,0
73,6.16,0,1,1,1,1,1,0
87,1.16,12,1,18,0,0,2,0
6,3.8,13,0,19,0,0,0,0
122,6.53,9,0,10,0,1,2,0
104,8.43,14,0,19,0,0,2,0
97,7.15,9,1,6,0,2,2,0
122,3.53,10,0,5,1,0,2,0
84,6.67,11,0,7,0,0,2,0
17,9.03,13,1,8,0,0,2,0
62,1.83,13,0,11,1,0,1,0
107,6.17,6,1,15,1,0,2,0
13,3.08,15,0,16,1,0,0,0
119,8.46,12,1,10,1,1,2,0
90,3.59,6,0,16,1,0,2,0
52,9.44,15,1,19,1,1,2,0
94,6.94,9,0,13,1,2,2,0
76,1.49,6,0,16,0,1,1,0
59,0.05,0,0,3,1,0,1,0
29,6.51,6,0,5,0,2,2,0
7,8.1,13,1,14,0,2,2,0
51,5.37,3,1,23,0,0,1,0
109,0.7,3,0,23,1,2,2,0
69,9.76,13,1,17,0,1,2,0
19,5.12,9,0,9,1,1,1,0
61,3.54,7,0,16,1,2,2,0
117,8.31,2,1,7,0,0,2,0
80,3.55,7,0,13,1,2,2,0
1,9.54,5,0,10,0,2,2,0
23,4.98,4,0,3,0,2,2,0
17,2.48,10,0,0,0,1,1,0
21,6.1,11,0,8,1,2,2,0
107,6.68,10,1,4,0,0,2,0
9,5.91,14,1,12,1,2,2,0
68,1.97,12,1,10,0,2,2,0
82,2.59,6,1,6,0,0,2,0
2,0.42,0,1,14,0,1,1,1
103,8.12,4,0,9,0,1,2,0
63,7.45,1,0,4,0,2,2,0
73,0.12,0,0,2,0,2,2,1
88,1.34,15,0,17,1,2,2,0
74,0.98,12,1,13,1,2,2,0
60,4.51,15,0,20,1,2,2,0
60,6.4,15,0,14,1,0,1,0
65,2.36,7,1,11,1,1,1,0
42,1.26,9,1,12,1,0,1,0
14,6.11,9,0,18,0,2,2,0
39,3.81,7,1,17,0,1,1,0
25,2.98,11,1,1,0,1,1,0
130,9.97,12,1,13,0,2,2,0
64,3.87,11,1,21,1,2,2,0
80,9.06,14,1,11,1,1,2,0
17,1.6,9,0,1,0,2,2,0
83,1.34,0,1,0,0,1,2,0
6,4.83,5,1,5,0,0,1,0
37,7.45,14,0,5,0,2,2,0
76,2.22,5,0,0,0,1,1,0
21,6.73,11,1,14,1,0,1,0
73,1.1,7,1,4,0,0,1,0
116,2.26,15,0,20,0,1,2,0
17,5.01,14,1,18,1,2,2,0
92,2.09,11,0,10,1,0,2,0
81,3.24,10,0,10,1,0,2,0
74,2.48,1,1,7,1,0,1,0
73,2.35,9,1,23,0,1,1,0
67,6.5,9,1,23,0,1,1,0
12,5.68,12,0,7,1,1,1,0
124,5.74,1,0,10,1,0,2,0
0,8.68,6,1,16,1,1,2,0
69,3.47,10,0,19,1,1,1,0
61,4.83,8,1,13,0,2,2,0
90,9.47,12,0,10,0,1,2,0
25,8.24,7,1,9,0,0,2,0
117,3.62,8,1,21,0,0,2,0
70,1.77,10,0,7,0,1,1,0
62,3.81,7,1,1,0,0,1,0
31,0.29,11,1,18,0,2,2,0
73,3.89,12,1,6,1,2,2,0
54,0.21,13,1,13,0,1,1,0
31,4.15,1,1,23,1,1,1,0
115,9.63,1,1,11,1,2,2,0
75,1.92,5,0,6,0,2,2,0
54,0.74,4,0,22,0,2,2,0
31,1.18,1,0,17,1,1,1,0
48,9.29,0,0,14,1,2,2,0
24,8.59,12,1,0,1,1,2,0
110,5.09,9,0,6,0,1,2,0
82,0.32,6,0,17,0,2,2,0
46,4.9,9,0,3,1,0,1,0
92,3.05,7,1,12,1,1,2,0
62,5.15,9,0,18,1,0,1,0
124,1.78,11,0,2,1,0,2,0
94,5.21,13,0,0,0,0,2,0
46,8.4,1,0,0,0,2,2,0
34,3.8,12,0,3,1,0,0,0
129,3.55,11,1,11,0,1,2,0
24,6.26,2,1,21,1,0,1,0
77,1.59,13,0,9,1,0,1,0
105,4.94,0,1,20,0,0,2,0
4,5.01,1,0,20,1,1,1,0
26,2.03,10,1,8,1,1,1,0
68,1.4,4,1,10,0,0,1,0
113,4.88,2,0,11,0,1,2,0
44,9.91,13,1,12,0,0,2,0
127,1.98,8,0,9,0,2,2,0
15,0.25,0,0,5,1,0,0,0
5,9.14,2,0,14,1,1,2,0
7,3.89,12,0,11,1,1,1,0
120,2.96,3,0,4,1,2,2,0
73,1.75,15,0,15,1,2,2,0
38,0.78,8,0,21,1,1,1,0
22,2.03,15,0,13,0,2,2,0
106,5.25,9,0,20,0,1,2,0
60,6.9,4,1,19,1,0,1,0
78,3.5,11,0,18,1,0,1,0
54,1.96,1,1,1,0,2,2,0
41,7.04,5,1,23,0,1,1,0
15,2.92,14,0,8,1,1,1,0
99,8.79,9,1,8,1,1,2,0
110,8.51,3,0,3,0,0,2,0
18,9.49,11,0,5,0,2,2,0
23,3.51,11,0,5,0,1,1,0
105,3.84,5,0,4,0,1,2,0
25,0.72,10,0,5,1,2,2,0
67,5.75,9,1,14,0,0,1,0
20,4.7,3,0,2,0,0,1,0
71,4.7,15,0,1,0,1,1,0
20,2.77,7,1,11,1,1,1,0
87,6.81,11,0,14,0,2,2,0
49,0.05,13,1,22,1,2,2,0
116,3.92,14,0,11,0,1,2,0
100,9.32,11,1,20,0,1,2,0
37,7.83,12,1,4,0,0,1,0
111,0.53,3,1,2,1,1,2,0
40,8.8,5,0,19,1,1,2,0
51,9.46,12,1,2,1,1,2,0
74,8.79,3,0,10,1,0,2,0
7,5.19,7,0,21,1,0,1,0
4,7.81,14,1,22,0,2,2,0
9,8.61,14,1,10,0,0,2,0
25,1.05,15,0,21,1,2,2,0
19,3.33,8,0,13,1,0,0,0
108,8.81,13,1,1,1,1,2,0
126,8.12,10,0,23,1,2,2,0
45,0.23,11,0,20,1,1,1,0
76,8.08,2,1,9,0,2,2,0
94,9.4,12,1,2,0,2,2,0
23,0.8,15,1,6,1,2,2,0
14,5.59,10,0,22,1,2,2,0
103,8.64,14,1,14,0,2,2,0
97,5.71,9,0,4,0,0,2,0
51,7.61,9,0,21,1,2,2,0
50,6.13,12,1,14,0,0,1,0
90,4.64,1,0,13,1,1,2,0
16,6.26,5,1,20,0,0,1,0
56,5.19,14,0,1,0,2,2,0
29,9.02,14,1,1,1,0,2,0
101,8.74,5,1,4,0,0,2,0
89,7.81,11,0,14,1,0,2,0
30,8.57,11,0,5,1,0,2,0
112,8.02,1,1,12,1,1,2,0
70,8.81,0,1,18,1,0,2,0
4,2.41,10,0,15,1,1,1,0
15,9.48,6,0,22,1,2,2,0
35,5.64,3,1,1,1,2,2,0
107,4.88,9,0,14,0,2,2,0
17,4.29,6,1,22,0,0,1,0
68,7.55,14,0,0,0,2,2,0
43,9.89,14,1,0,1,1,2,0
9,8.62,10,0,23,1,2,2,0
44,9.85,9,0,2,0,0,2,0
55,8.11,3,0,6,1,1,2,0
67,8.17,1,0,23,1,2,2,0
67,1.47,0,0,3,0,2,2,1
15,2.37,8,0,0,1,0,0,0
77,8.23,6,0,10,1,1,2,0
6,7.9,4,1,20,1,2,2,0
101,5.18,3,1,8,1,1,2,0
112,2.58,4,0,6,0,2,2,0
102,9.7,8,0,10,0,1,2,0
104,2.79,14,0,22,1,1,2,0
35,3.87,9,0,13,1,0,1,0
38,2.7,0,0,2,1,2,2,0
9,8.1,5,1,22,0,2,2,0
26,1.01,13,0,14,1,0,0,0
25,0.23,12,0,13,0,0,0,0
96,5.61,15,0,23,0,0,2,0
12,3.8,2,1,2,0,2,2,0
33,2.81,6,0,18,1,2,2,0
76,0.04,11,1,16,1,1,1,0
37,9.49,12,0,22,1,0,2,0
70,7.91,14,0,15,0,0,1,0
125,0.37,1,1,8,1,0,2,0
4,2.11,9,1,23,1,1,1,0
18,5.77,2,1,21,1,0,1,0
72,6.98,2,1,4,0,0,1,0
71,0.25,2,0,13,1,1,1,0
33,8.26,0,1,1,0,2,2,0
56,8.49,9,0,14,0,2,2,0
56,7.27,4,1,15,0,1,1,0
76,6.65,4,0,4,1,2,2,0
113,7.98,3,1,23,1,0,2,0
7,2.8,11,0,8,0,1,1,0
56,6.37,11,1,9,1,1,1,0
55,6.04,2,0,2,0,2,2,0
11,3.86,7,1,15,1,2,2,0
122,6.2,14,1,12,1,1,2,0
107,2.8,13,1,12,1,1,2,0
65,9.64,2,0,9,0,1,2,0
71,9.1,6,0,9,0,0,2,0
28,4.23,8,1,6,0,2,2,0
72,7.21,9,0,3,1,1,1,0
24,0.13,9,0,10,0,0,0,0
85,8.43,3,0,13,1,0,2,0
74,4.0,1,1,19,0,2,2,0
58,4.81,11,0,19,1,2,2,0
8,0.36,14,0,8,0,0,0,1
12,4.98,1,1,1,0,1,1,0
69,9.03,11,0,6,1,1,2,0
9,1.26,9,0,23,0,2,2,1
11,6.65,10,1,0,0,0,1,0
37,7.92,3,1,10,1,2,2,0
94,5.71,5,1,2,1,0,2,0
110,3.91,10,0,12,0,0,2,0
22,1.09,15,0,6,0,2,2,0
11,6.71,4,1,6,0,1,1,0
18,8.76,8,0,15,0,0,2,0
107,3.38,9,0,2,0,1,2,0
104,5.53,5,1,3,0,1,2,0
60,4.78,5,0,11,0,2,2,0
65,3.5,6,1,10,1,1,1,0
57,0.88,3,0,3,0,0,1,0
47,3.1,8,1,12,1,0,1,0
28,9.6,12,0,2,1,0,2,0
70,9.54,8,0,12,0,0,2,0
74,4.19,3,0,0,1,2,2,0
70,5.96,9,1,14,1,0,1,0
51,4.26,1,0,15,1,2,2,0
27,9.21,6,1,7,0,2,2,0
62,9.52,8,0,14,1,0,2,0
128,0.29,0,1,21,1,1,2,0
94,5.35,10,1,8,0,2,2,0
109,5.59,12,0,4,0,2,2,0
87,7.67,15,0,10,0,1,2,0
52,0.42,1,1,4,1,2,2,0
80,3.86,7,1,13,1,1,2,0
49,0.98,6,1,23,0,2,2,0
101,2.47,14,1,9,1,0,2,0
30,6.69,5,0,9,0,2,2,0
91,6.08,6,0,18,1,0,2,0
113,9.86,4,0,11,1,1,2,0
97,0.14,1,0,17,1,1,2,0
78,4.6,0,1,8,0,0,1,0
61,3.37,5,0,8,1,0,1,0
59,8.9,1,1,17,1,0,2,0
63,5.91,7,1,0,1,2,2,0
37,8.72,6,0,7,0,2,2,0
35,5.85,15,1,8,1,1,1,0
92,4.2,0,0,21,0,2,2,1
105,5.04,12,1,18,0,1,2,0
79,9.26,3,0,19,1,1,2,0
82,9.71,9,0,14,1,0,2,0
88,6.04,3,1,3,0,1,2,0
76,3.1,14,1,5,0,0,1,0
128,9.97,9,0,23,0,1,2,0
114,7.79,0,0,6,0,2,2,1
96,1.1,4,1,16,0,2,2,0
66,6.88,5,1,3,0,1,1,0
92,3.26,2,0,17,1,0,2,0
41,1.09,15,1,20,1,1,1,0
95,9.58,7,1,10,0,2,2,0
55,7.84,15,0,9,1,0,1,0
41,1.93,14,0,20,0,1,1,0
5,3.77,5,0,23,0,0,0,0
56,9.78,11,0,7,1,2,2,0
84,0.83,13,0,22,1,1,2,0
38,2.65,11,1,16,1,0,1,0
59,8.21,11,0,18,1,1,2,0
40,8.49,4,1,15,0,0,2,0
93,6.31,9,1,17,1,1,2,0
72,1.36,1,1,9,1,0,1,0
28,1.86,12,1,7,0,2,2,0
93,6.76,7,1,0,1,2,2,0
55,1.46,1,0,20,0,1,1,0
21,6.08,11,1,15,1,0,1,0
33,5.95,11,0,12,1,0,1,0
18,8.76,13,1,8,1,0,2,0
127,2.83,15,0,7,0,0,2,0
105,3.93,13,0,4,1,2,2,0
130,4.55,3,1,10,1,0,2,0
85,2.26,2,1,10,1,0,2,0
47,5.07,15,1,23,0,1,1,0
40,4.62,13,0,0,0,1,1,0
23,0.0,11,0,16,1,0,0,0
60,3.73,15,0,18,1,2,2,0
113,2.58,0,0,19,1,0,2,0
109,2.67,8,0,22,1,2,2,0
18,6.4,10,0,9,1,0,1,0
24,3.25,10,1,5,1,2,2,0
7,7.91,14,0,1,0,1,1,0
16,1.15,0,0,19,1,0,0,0
28,0.75,13,1,20,0,1,1,0
32,1.47,6,1,10,0,2,2,0
108,0.29,15,0,23,0,1,2,0
98,3.83,14,0,21,0,1,2,0
2,4.28,10,0,22,1,1,1,0
7,3.55,2,0,5,1,0,0,0
24,6.59,8,0,14,0,1,1,0
51,9.12,6,1,7,0,1,2,0
48,7.39,9,1,3,1,2,2,0
91,1.56,9,0,2,0,1,2,0
20,2.94,3,0,13,0,1,1,0
94,5.4,7,1,20,0,1,2,0
61,5.37,13,1,13,0,2,2,0
104,9.69,8,1,12,1,1,2,0
13,9.61,6,0,19,1,1,2,0
109,3.3,3,0,20,0,2,2,0
64,8.71,8,0,0,1,2,2,0
79,3.29,8,1,19,0,2,2,0
43,8.09,7,0,15,1,0,2,0
79,6.56,10,0,20,0,2,2,0
108,0.13,2,0,16,0,1,2,0
104,8.35,2,0,16,0,2,2,0
24,6.95,7,1,16,0,0,1,0
28,0.44,14,0,16,1,1,1,0
64,2.55,7,0,11,1,1,1,0
34,0.89,2,1,2,0,0,0,0
69,3.62,4,1,11,0,0,1,0
104,3.41,2,1,13,0,2,2,0
2,8.5,0,1,20,1,1,2,0
27,3.08,14,1,5,0,0,0,0
129,3.69,13,0,2,1,2,2,0
59,3.55,2,0,23,1,0,1,0
36,4.63,2,0,7,1,1,1,0
115,2.47,3,0,5,1,2,2,0
49,7.83,10,0,6,1,2,2,0
80,1.14,11,0,20,1,2,2,0
70,0.39,0,1,8,1,1,1,0
34,2.27,14,0,3,0,0,0,0
12,4.39,1,1,21,1,1,1,0
118,9.94,1,1,4,1,0,2,0
112,9.09,13,1,15,0,0,2,0
95,8.88,12,1,0,1,0,2,0
45,5.48,15,0,15,0,0,1,0
7,3.61,3,0,3,1,2,2,0
111,1.8,12,1,16,0,1,2,0
58,2.65,1,1,5,1,2,2,0
83,7.38,9,1,12,0,2,2,0
103,9.97,10,0,4,0,2,2,0
19,6.71,7,0,23,0,1,1,0
76,1.26,15,1,6,1,2,2,0
88,4.16,11,0,9,1,1,2,0
43,2.58,9,1,3,1,0,1,0
23,4.25,12,1,3,1,0,1,0
13,0.62,7,1,18,0,1,1,0
112,2.66,4,0,4,0,1,2,0
101,0.21,0,1,13,0,0,2,0
24,6.27,1,0,14,0,1,1,0
38,9.51,15,1,7,0,2,2,0
113,8.71,4,0,12,1,1,2,0
113,2.26,10,1,1,0,2,2,0
83,7.15,1,1,17,1,1,2,0
17,7.12,12,1,2,1,1,1,0
43,9.59,4,1,2,1,0,2,0
103,0.93,3,1,15,0,2,2,0
110,5.05,15,0,0,0,1,2,0
65,5.41,10,1,14,0,0,1,0
56,1.34,10,0,22,1,0,1,0
64,5.54,2,0,0,0,1,1,0
61,8.84,4,1,20,1,2,2,0
29,6.68,7,0,0,1,2,2,0
20,9.36,15,1,5,1,0,2,0
71,9.22,12,0,0,0,0,2,0
111,9.69,2,1,23,0,1,2,0
23,5.29,6,0,18,1,1,1,0
49,9.97,12,0,9,1,0,2,0
19,5.53,15,1,1,0,1,1,0
77,7.52,6,1,20,0,0,1,0
86,0.66,5,1,3,0,0,2,0
79,0.63,5,0,4,0,2,2,0
61,7.9,6,1,6,0,0,1,0
98,0.39,7,0,16,1,2,2,0
91,9.47,7,1,23,1,1,2,0
111,9.5,9,0,0,1,1,2,0
35,0.31,4,1,19,1,2,2,0
1,1.93,12,1,18,1,2,2,0
20,1.93,7,0,18,1,2,2,0
81,3.61,4,1,10,1,2,2,0
65,8.09,5,1,2,1,0,2,0
60,7.52,6,0,11,1,2,2,0
110,8.57,7,0,23,0,2,2,0
54,0.11,13,0,20,0,0,1,0
19,1.24,7,1,4,0,2,2,0
107,4.69,1,0,23,0,0,2,0
94,7.26,5,0,2,0,0,2,0
26,5.17,0,0,21,0,2,2,1
123,5.85,6,0,6,0,2,2,0
16,1.88,2,1,0,0,0,0,0
130,1.53,13,0,17,0,1,2,0
60,2.04,10,1,5,0,1,1,0
129,7.18,0,1,17,1,1,2,0
111,5.0,14,1,17,1,2,2,0
13,1.78,9,1,8,1,0,0,0
51,6.56,12,1,16,1,0,1,0
47,6.86,15,0,4,0,1,1,0
95,2.56,4,0,20,1,2,2,0
9,0.91,14,1,17,0,1,1,0
48,6.47,3,1,19,1,1,1,0
130,3.75,3,1,1,0,1,2,0
64,8.88,8,1,7,1,1,2,0
48,6.52,5,1,6,0,1,1,0
88,6.82,1,0,2,1,1,2,0
96,4.08,2,1,9,1,1,2,0
95,5.19,8,0,16,1,1,2,0
31,0.49,1,1,3,0,1,1,0
3,9.39,5,0,20,1,2,2,0
106,0.12,11,1,11,0,0,2,0
92,0.23,9,1,6,1,0,2,0
69,5.34,9,1,23,0,2,2,0
27,4.96,10,1,23,1,1,1,0
103,5.23,4,1,20,0,1,2,0
3,6.35,15,0,20,0,0,1,0
108,3.55,1,1,14,1,1,2,0
112,8.1,8,0,6,1,0,2,0
116,0.54,10,1,0,0,2,2,0
51,2.07,9,0,23,0,1,1,0
34,9.75,15,1,19,1,2,2,0
57,0.97,11,0,23,1,0,1,0
37,3.91,3,0,3,1,2,2,0
81,9.67,4,1,6,0,0,2,0
21,0.46,10,1,15,1,1,1,0
36,9.66,11,1,4,0,2,2,0
22,0.9,13,1,16,0,1,1,0
42,3.99,9,0,2,0,1,1,0
112,8.11,14,1,3,0,2,2,0
32,4.63,11,0,6,0,2,2,0
69,5.26,4,1,13,0,1,1,0
53,7.95,8,1,7,1,1,1,0
26,5.32,12,0,10,1,1,1,0
59,8.38,9,1,14,0,1,2,0
114,1.85,8,1,19,0,0,2,0
6,4.42,4,0,6,1,1,1,0
26,6.84,3,1,11,1,0,1,0
56,4.39,14,1,21,0,1,1,0
26,2.5,10,1,2,0,1,1,0
69,1.95,7,1,18,0,1,1,0
62,1.28,14,1,10,1,1,1,0
128,2.86,0,1,4,0,0,2,0
124,5.91,10,1,13,0,0,2,0
103,7.17,12,1,18,0,2,2,0
47,4.93,6,1,20,0,2,2,0
126,5.82,1,1,23,0,0,2,0
127,6.59,7,0,16,0,0,2,0
27,9.05,6,1,4,1,0,2,0
129,7.43,2,1,21,0,2,2,0
96,2.61,12,1,9,1,1,2,0
105,6.91,6,0,4,1,0,2,0
93,3.05,12,1,23,1,2,2,0
2,7.52,11,1,8,1,1,1,0
46,0.07,4,0,7,1,0,1,0
115,8.66,3,1,5,1,0,2,0
128,6.59,1,0,7,1,0,2,0
69,6.08,9,0,23,1,2,2,0
107,3.17,7,1,7,1,1,2,0
27,1.76,4,0,15,0,0,0,0
81,7.97,1,1,12,0,0,2,0
47,1.5,15,0,7,0,2,2,0
21,2.37,6,1,17,0,0,0,0
99,5.37,0,1,8,0,2,2,0
59,5.6,11,1,11,0,1,1,0
48,1.75,0,0,22,0,2,2,1
32,8.01,9,1,21,0,0,2,0
10,6.28,3,0,16,1,1,1,0
124,0.55,3,0,13,1,0,2,0
97,2.74,3,1,3,0,2,2,0
34,1.82,9,0,7,0,2,2,0
95,0.62,0,0,7,0,0,2,1
40,7.21,3,0,18,0,2,2,0
80,9.26,3,1,5,1,0,2,0
81,0.36,4,0,22,1,2,2,0
21,3.93,2,0,22,0,2,2,0
86,2.24,4,0,0,1,2,2,0
122,5.02,9,0,21,0,1,2,0
63,6.36,3,1,22,0,2,2,0
119,9.44,2,1,13,0,0,2,0
27,5.95,3,0,11,1,0,1,0
29,8.14,14,0,2,1,0,2,0
0,9.39,9,0,0,1,1,2,0
89,3.8,4,0,20,0,2,2,0
48,6.32,15,0,13,1,0,1,0
52,6.1,4,1,20,0,0,1,0
80,3.79,13,1,19,0,1,2,0
113,9.46,2,0,14,1,1,2,0
4,0.97,0,1,18,1,0,0,0
82,7.98,7,0,9,1,0,2,0
117,6.68,0,1,17,1,2,2,0
130,4.73,13,0,18,0,0,2,0
34,8.19,4,1,9,0,1,2,0
3,1.42,2,1,12,1,1,1,0
15,1.0,13,0,5,1,2,2,0
67,5.18,0,1,0,1,1,1,0
47,7.06,2,1,15,0,1,1,0
111,3.01,14,0,15,0,2,2,0
31,1.7,3,1,7,0,1,1,0
91,2.25,9,0,0,0,1,2,0
116,5.05,6,0,3,0,2,2,0
45,9.1,1,1,22,0,0,2,0
92,4.0,10,0,6,1,1,2,0
13,3.41,11,1,11,1,0,0,0
120,7.47,7,1,1,1,1,2,0
77,8.67,4,0,18,1,1,2,0
81,3.65,2,0,16,0,0,2,0
25,8.06,9,1,8,0,0,2,0
60,1.41,10,1,9,0,1,1,0
105,7.41,0,1,19,1,2,2,0
87,0.23,9,1,17,1,2,2,0
72,0.67,13,0,17,0,2,2,0
16,0.13,10,0,11,0,0,0,0
26,1.2,9,1,5,0,0,0,0
21,4.34,12,1,11,1,0,1,0
109,8.68,0,0,21,1,2,2,0
49,2.03,1,0,11,1,1,1,0
3,4.58,11,1,22,1,2,2,0
73,8.49,8,1,23,1,0,2,0
87,6.19,4,0,23,1,0,2,0
94,7.55,14,1,22,0,2,2,0
100,1.23,13,1,13,1,1,2,0
118,4.02,0,1,6,0,1,2,0
91,3.4,12,0,14,0,0,2,0
14,4.22,13,1,18,1,2,2,0
57,6.16,5,1,18,1,0,1,0
58,3.11,6,1,19,0,2,2,0
80,0.84,13,0,22,0,1,2,0
72,4.44,9,0,15,0,0,1,0
63,4.15,1,0,1,1,2,2,0
108,4.78,1,1,6,1,2,2,0
85,0.37,10,0,13,1,1,2,0
14,6.28,12,0,16,1,1,1,0
77,5.54,15,1,0,1,1,1,0
100,3.06,0,0,12,0,2,2,1
43,8.81,4,1,12,0,0,2,0
127,0.98,4,0,14,0,1,2,0
99,7.48,10,1,13,1,0,2,0
14,3.78,1,1,5,1,2,2,0
126,7.58,6,1,11,1,1,2,0
19,9.43,14,1,13,1,2,2,0
120,6.29,13,1,0,0,0,2,0
101,1.1,4,0,8,1,1,2,0
114,1.74,8,0,14,1,1,2,0
47,4.23,9,0,0,1,2,2,0
122,5.13,2,0,6,0,1,2,0
3,2.21,7,0,11,1,1,1,0
123,0.09,6,0,20,0,2,2,0
84,0.87,6,1,1,1,2,2,0
103,6.9,9,1,13,0,0,2,0
10,8.42,0,1,11,1,0,2,0
7,9.33,1,1,8,0,1,2,0
19,3.96,3,0,0,1,0,0,0
83,2.84,11,0,18,1,0,2,0
3,2.91,0,0,10,1,1,1,0
124,3.6,8,0,5,1,2,2,0
62,5.02,2,0,17,0,1,1,0
58,3.38,9,1,21,1,1,1,0
5,3.42,14,0,20,0,0,0,0
82,1.32,2,1,22,1,2,2,0
113,6.4,5,1,11,1,1,2,0
58,4.35,1,1,3,0,2,2,0
21,4.11,14,1,7,0,1,1,0
62,1.97,6,1,12,0,1,1,0
85,4.47,1,0,10,0,2,2,0
62,2.7,3,1,4,0,0,1,0
82,4.05,3,0,8,0,0,2,0
94,9.59,2,0,0,1,1,2,0
79,6.17,2,0,20,1,0,1,0
97,5.04,14,0,21,1,0,2,0
36,9.83,11,1,9,1,0,2,0
30,6.76,1,1,12,0,1,1,0
7,0.15,12,0,17,1,1,1,0
78,2.64,10,0,8,1,2,2,0
126,9.2,13,0,11,1,0,2,0
62,3.89,13,0,0,0,0,1,0
41,2.13,5,0,0,0,1,1,0
127,1.6,9,1,7,0,2,2,0
22,4.11,1,0,10,0,0,1,0
69,9.7,1,1,4,1,2,2,0
2,2.75,9,1,3,0,2,2,0
110,5.25,7,0,2,0,1,2,0
63,6.33,15,1,16,1,0,1,0
49,9.73,8,1,12,1,1,2,0
102,5.31,6,0,0,1,0,2,0
120,0.15,14,1,9,1,1,2,0
59,5.08,10,0,16,0,1,1,0
115,0.31,8,1,11,1,0,2,0
62,3.67,15,1,5,0,0,1,0
68,2.33,1,1,9,1,2,2,0
67,7.45,7,0,3,1,0,1,0
7,7.72,14,1,22,0,2,2,0
58,6.6,11,1,14,1,0,1,0
7,8.62,8,0,15,0,2,2,0
61,6.02,13,1,9,1,2,2,0
50,6.82,6,0,23,1,0,1,0
105,2.31,14,0,22,1,1,2,0
128,0.41,14,0,11,1,1,2,0
89,7.87,5,1,16,0,1,2,0
27,2.87,0,1,8,1,2,2,0
44,0.97,6,0,22,0,1,1,0
123,3.89,12,1,12,0,2,2,0
71,8.46,12,1,23,1,0,2,0
66,1.04,15,1,9,0,0,1,0
83,4.01,6,0,13,0,1,2,0
108,2.18,1,0,10,1,2,2,0
106,3.37,7,1,15,1,1,2,0
100,4.6,6,1,0,0,0,2,0
24,1.11,5,1,10,1,0,0,0
91,8.8,15,1,8,0,2,2,0
89,0.66,13,0,22,0,1,2,0
107,9.42,1,0,7,1,0,2,0
7,3.74,13,0,5,0,0,0,0
130,0.2,14,0,4,1,0,2,0
32,2.73,15,1,17,0,0,0,0
109,1.34,12,1,2,1,0,2,0
30,2.68,14,1,14,0,1,1,0
51,1.16,10,0,16,0,2,2,0
102,1.42,14,1,3,0,2,2,0
16,5.66,7,1,22,1,0,1,0
33,4.34,1,0,10,1,1,1,0
54,3.75,9,0,16,1,2,2,0
74,1.59,0,1,19,1,2,2,0
64,9.24,5,1,12,1,2,2,0
86,4.33,10,0,16,1,1,2,0
19,3.12,10,0,18,0,2,2,0
78,8.16,6,0,15,0,0,2,0
44,9.64,9,0,16,0,2,2,0
76,3.1,1,0,0,1,0,1,0
119,2.34,3,0,2,1,1,2,0
129,4.28,8,1,22,0,2,2,0
110,0.79,5,0,10,0,2,2,0
130,4.47,1,0,18,0,1,2,0
40,9.89,13,1,4,0,2,2,0
32,8.72,11,1,4,1,1,2,0
56,4.61,4,0,23,0,1,1,0
107,9.23,8,1,13,1,1,2,0
13,9.22,14,0,14,0,0,2,0
13,5.66,11,1,15,1,0,1,0
129,8.8,4,1,22,1,2,2,0
65,6.88,14,0,3,1,2,2,0
18,8.43,11,1,19,0,2,2,0
16,7.18,15,0,16,1,1,1,0
129,7.61,11,0,16,1,0,2,0
60,6.02,14,1,1,1,0,1,0
93,4.77,11,1,5,0,0,2,0
12,8.28,8,1,22,0,2,2,0
74,0.45,10,1,16,1,2,2,0
9,8.1,6,1,0,1,0,2,0
77,4.23,6,0,1,0,1,1,0
75,1.73,15,0,14,1,0,1,0
60,1.11,8,1,0,0,0,1,0
100,6.85,11,1,22,0,2,2,0
32,4.03,5,0,12,0,0,1,0
24,9.92,7,1,4,0,1,2,0
130,8.19,13,0,0,0,2,2,0
128,3.94,4,0,2,0,0,2,0
30,5.88,10,0,11,0,0,1,0
89,9.26,5,1,7,1,2,2,0
72,4.47,4,1,10,0,2,2,0
127,5.34,6,0,18,0,1,2,0
38,1.98,4,0,20,0,2,2,0
46,7.04,14,1,9,0,0,1,0
120,0.5,10,1,9,0,1,2,0
76,4.86,11,0,5,1,0,1,0
51,4.21,1,1,1,0,2,2,0
76,5.84,3,1,21,0,0,1,0
120,8.65,15,1,16,1,1,2,0
91,7.4,12,0,0,1,1,2,0
77,3.42,9,0,15,1,0,1,0
119,2.15,6,0,12,1,0,2,0
115,1.47,9,1,18,1,2,2,0
30,1.63,5,1,18,1,0,0,0
74,6.49,7,1,19,0,0,1,0
15,5.8,4,1,22,1,0,1,0
79,7.44,1,0,19,1,0,1,0
130,9.23,11,0,16,1,0,2,0
111,6.64,1,0,6,1,1,2,0
100,8.33,4,1,7,1,1,2,0
32,2.63,2,0,10,0,0,0,0
5,2.95,9,1,19,1,0,0,0
83,0.38,10,0,10,1,2,2,0
3,4.09,1,0,10,1,2,2,0
41,4.61,0,1,2,0,2,2,0
92,0.4,3,1,3,1,0,2,0
112,1.49,3,1,15,1,0,2,0
79,4.73,14,1,21,0,0,1,0
30,3.63,9,1,23,0,1,1,0
76,2.15,7,0,16,0,1,1,0
118,9.67,1,1,8,0,2,2,0
106,5.51,4,1,23,1,1,2,0
24,5.88,14,0,20,0,0,1,0
112,3.41,11,1,17,1,2,2,0
24,3.8,8,0,23,0,0,0,0
9,7.32,6,0,5,0,1,1,0
74,4.02,0,1,20,1,1,1,0
44,6.16,7,1,2,1,2,2,0
21,7.24,0,0,16,0,2,2,1
103,2.01,0,0,13,1,2,2,0
39,8.33,1,0,2,1,0,2,0
41,1.7,13,1,20,0,2,2,0
113,4.63,5,1,14,0,1,2,0
59,9.79,3,0,7,0,1,2,0
56,1.49,10,0,13,0,0,1,0
17,6.35,3,0,7,0,1,1,0
54,5.25,1,0,20,0,0,1,0
22,1.36,6,1,11,0,0,0,0
15,0.77,14,1,10,0,0,0,0
89,7.04,1,0,2,1,0,2,0
82,5.04,11,0,2,0,1,2,0
5,6.64,9,0,5,0,2,2,0
87,0.6,2,0,5,1,1,2,0
15,9.89,5,1,14,0,0,2,0
14,5.89,7,0,14,0,1,1,0
61,4.93,3,0,1,1,1,1,0
28,3.03,8,1,22,0,1,1,0
81,7.52,2,0,18,1,2,2,0
58,7.94,9,0,10,0,0,1,0
119,3.36,7,1,23,0,1,2,0
121,6.14,1,1,5,0,2,2,0
49,9.41,9,1,10,0,2,2,0
17,8.94,6,1,23,1,0,2,0
96,9.3,8,0,20,1,2,2,0
84,5.06,2,0,17,1,1,2,0
115,4.75,15,0,14,1,1,2,0
120,4.26,13,0,14,0,0,2,0
99,1.03,1,1,5,0,0,2,0
5,4.73,11,0,17,1,2,2,0
36,8.59,2,1,19,1,2,2,0
5,0.09,14,1,3,1,2,2,0
0,0.62,10,0,8,1,1,1,0
80,0.61,14,1,16,0,1,2,0
76,9.26,7,1,8,1,2,2,0
43,4.0,5,1,6,1,0,1,0
27,7.15,7,0,6,1,2,2,0
77,9.49,10,1,5,0,1,2,0
118,4.71,14,0,6,1,2,2,0
105,1.17,12,0,1,0,0,2,0
26,1.17,15,1,2,1,2,2,0
118,6.66,5,0,1,0,1,2,0
120,1.41,10,1,1,0,2,2,0
1,8.56,5,1,0,1,1,2,0
98,6.67,0,1,0,1,2,2,0
6,9.36,5,1,23,1,2,2,0
40,8.62,14,0,14,1,0,2,0
113,6.59,8,0,18,0,0,2,0
68,8.22,13,0,15,1,0,2,0
48,9.45,14,0,1,0,1,2,0
57,8.1,6,0,3,0,1,2,0
31,8.48,13,1,14,0,1,2,0
95,7.41,10,0,5,0,0,2,0
63,7.8,9,1,15,0,1,1,0
96,3.58,6,1,3,1,2,2,0
7,0.11,8,0,16,0,1,1,1
37,8.27,2,0,1,0,2,2,0
27,9.1,4,1,5,0,1,2,0
108,6.85,11,1,10,1,0,2,0
129,4.33,14,0,11,0,0,2,0
111,8.49,14,0,13,1,2,2,0
114,8.03,8,0,21,0,0,2,0
88,1.08,0,0,15,0,0,2,1
58,3.3,14,0,19,0,2,2,0
50,6.92,13,1,23,0,1,1,0
104,3.6,2,0,14,1,0,2,0
107,0.68,14,0,4,1,1,2,0
14,8.92,11,1,18,0,2,2,0
29,8.03,15,0,13,1,0,2,0
50,2.7,8,1,6,1,0,1,0
46,8.86,10,1,18,0,0,2,0
130,4.57,3,1,10,1,1,2,0
63,3.13,0,0,23,0,2,2,1
108,7.61,6,0,1,0,1,2,0
52,5.54,12,1,9,0,1,1,0
0,1.06,4,1,19,0,2,2,0
117,6.48,4,1,18,1,1,2,0
23,9.53,7,1,17,1,1,2,0
97,0.44,7,0,0,1,0,2,0
66,3.64,2,0,10,1,0,1,0
35,7.72,10,0,5,1,0,1,0
2,4.02,8,1,13,1,1,1,0
106,3.66,8,0,9,0,2,2,0
21,6.45,6,1,8,1,0,1,0
108,2.99,13,1,2,0,0,2,0
41,2.99,14,1,20,1,0,1,0
82,3.52,4,0,21,0,0,2,0
21,2.48,12,0,18,0,0,0,0
128,1.6,14,1,15,0,0,2,0
4,4.95,2,0,6,1,0,1,0
58,1.89,13,1,19,1,2,2,0
36,4.95,6,1,15,1,1,1,0
75,4.9,5,1,10,1,0,1,0
84,9.52,11,1,18,1,2,2,0
64,4.76,14,1,1,1,0,1,0
44,9.0,2,1,15,0,1,2,0
23,3.85,9,1,9,0,2,2,0
48,5.83,6,0,8,1,0,1,0
2,3.1,11,1,23,1,1,1,0
29,1.65,1,1,7,0,1,1,0
10,5.37,12,0,8,0,0,1,0
121,6.39,12,1,10,0,0,2,0
56,5.78,15,1,19,0,1,1,0
128,5.29,3,1,16,0,1,2,0
106,8.26,3,0,16,0,0,2,0
69,4.01,1,0,13,0,1,1,0
54,5.4,8,1,7,0,0,1,0
101,2.45,0,1,5,0,2,2,0
95,0.37,4,0,12,0,1,2,0
63,3.07,10,1,12,1,2,2,0
129,9.73,0,0,15,1,0,2,0
79,0.61,0,0,14,1,1,1,0
6,2.93,7,1,14,0,1,1,0
23,1.51,15,1,0,0,2,2,0
92,2.4,15,0,21,0,2,2,0
43,5.94,4,0,16,0,2,2,0
20,6.56,15,1,20,0,0,1,0
126,2.52,4,1,5,1,0,2,0
42,9.59,15,1,1,0,1,2,0
96,4.74,4,1,8,0,1,2,0
123,1.72,4,0,13,1,1,2,0
38,5.02,7,0,7,1,2,2,0
60,1.59,12,0,21,0,0,1,0
34,1.5,14,1,12,0,1,1,0
90,5.28,9,1,21,0,1,2,0
56,0.25,2,0,22,0,1,1,0
36,2.8,5,1,7,1,2,2,0
126,3.71,4,0,4,0,2,2,0
56,5.89,8,0,0,0,2,2,0
59,4.08,14,1,2,1,1,1,0
87,2.7,9,1,8,1,0,2,0
118,9.21,15,0,13,0,0,2,0
59,2.04,8,0,6,1,2,2,0
90,3.72,14,0,15,1,0,2,0
59,9.69,6,0,3,1,1,2,0
55,1.14,13,1,11,1,2,2,0
96,4.45,11,1,1,1,1,2,0
27,8.21,15,0,11,0,2,2,0
57,9.08,7,0,11,1,0,2,0
95,3.37,3,0,10,1,0,2,0
14,7.07,7,1,2,0,0,1,0
112,1.93,4,0,21,0,0,2,0
8,0.83,14,0,17,0,0,0,1
110,7.75,1,1,17,1,2,2,0
105,4.21,0,1,0,1,1,2,0
104,8.02,14,1,13,0,2,2,0
43,6.25,10,0,2,0,0,1,0
78,5.82,6,0,10,0,2,2,0
62,1.46,14,1,6,0,2,2,0
99,6.07,12,0,21,0,0,2,0
20,8.44,0,1,10,0,0,2,0
43,2.37,12,0,3,1,1,1,0
79,8.84,3,0,10,0,2,2,0
98,2.93,8,1,10,0,0,2,0
106,7.77,15,0,13,0,0,2,0
3,0.04,14,0,6,0,0,0,1
106,0.4,0,1,21,0,2,2,0
20,2.01,8,1,7,0,0,0,0
93,2.13,7,0,5,0,1,2,0
69,1.61,4,0,23,1,0,1,0
110,0.33,2,0,21,1,0,2,0
52,7.12,5,0,4,0,0,1,0
24,9.67,3,0,13,0,2,2,0
125,8.08,9,1,21,0,1,2,0
39,7.0,14,1,21,1,1,1,0
61,1.03,1,0,19,1,1,1,0
51,0.77,8,0,4,0,1,1,0
83,7.44,7,0,15,0,1,2,0
123,7.76,5,1,0,1,1,2,0
39,1.96,4,1,11,0,2,2,0
69,9.07,8,0,2,1,2,2,0
73,7.47,6,1,0,0,1,1,0
20,4.36,15,1,7,0,1,1,0
51,4.65,4,1,15,1,2,2,0
66,5.31,12,0,19,0,1,1,0
8,1.02,6,0,0,0,2,2,1
82,8.24,4,0,21,0,0,2,0
86,5.3,4,0,8,0,2,2,0
33,2.28,9,0,4,1,1,1,0
19,0.17,8,1,4,0,0,0,0
92,3.81,12,1,14,1,1,2,0
3,7.28,12,0,20,0,1,1,0
31,4.86,7,1,5,0,0,1,0
79,2.35,6,0,7,0,1,1,0
105,2.61,13,0,4,1,2,2,0
121,2.92,11,0,20,0,1,2,0
108,6.63,13,0,4,1,1,2,0
96,9.21,10,1,12,1,1,2,0
109,5.64,13,1,19,0,0,2,0
40,4.73,14,1,13,1,2,2,0
46,3.32,9,1,14,1,0,1,0
75,2.95,14,0,1,0,0,1,0
49,4.9,12,0,11,0,2,2,0
19,2.35,4,1,5,0,1,1,0
107,7.48,7,1,5,0,2,2,0
126,6.36,10,1,4,1,1,2,0
116,5.72,6,0,1,0,2,2,0
12,1.92,8,0,6,0,1,1,0
118,5.65,0,0,20,0,0,2,1
22,8.4,6,0,7,1,0,2,0
86,3.7,0,1,5,1,0,2,0
31,0.51,6,0,19,1,1,1,0
70,7.46,1,1,12,1,2,2,0
97,2.71,13,0,20,0,2,2,0
107,3.23,12,1,2,0,1,2,0
81,8.7,8,1,6,1,0,2,0
69,1.64,2,1,3,1,0,1,0
60,5.55,14,1,1,0,0,1,0
87,2.71,11,0,13,0,1,2,0
121,3.98,6,0,5,0,1,2,0
76,9.46,6,0,13,0,1,2,0
39,0.06,15,1,1,0,2,2,0
9,6.3,1,1,7,1,0,1,0
101,4.19,1,0,2,1,2,2,0
113,4.35,14,0,8,1,2,2,0
110,0.22,10,1,18,0,2,2,0
16,5.84,8,0,8,1,2,2,0
17,6.53,12,0,11,0,0,1,0
112,6.1,4,1,20,0,0,2,0
83,3.36,10,1,9,0,2,2,0
66,7.19,1,0,13,1,0,1,0
59,4.16,8,0,18,0,2,2,0
97,8.77,2,1,18,0,0,2,0
62,9.29,6,0,12,0,1,2,0
82,7.94,5,0,8,0,0,2,0
45,7.41,12,1,8,1,1,1,0
130,0.95,9,1,13,0,1,2,0
40,6.36,13,0,10,0,1,1,0
105,4.66,0,1,22,1,2,2,0
24,4.39,0,1,0,0,0,1,0
88,4.4,1,1,0,0,2,2,0
42,9.51,8,1,2,1,1,2,0
13,9.91,15,1,19,1,1,2,0
8,9.8,0,0,5,0,2,2,1
115,6.21,13,1,20,1,0,2,0
79,6.9,13,0,2,1,1,1,0
101,0.69,9,1,13,0,1,2,0
105,9.98,11,0,4,1,0,2,0
108,7.92,4,0,5,1,0,2,0
70,1.79,4,1,15,1,1,1,0
124,5.21,3,0,13,0,2,2,0
70,9.0,0,1,8,1,0,2,0
86,6.86,1,0,23,0,1,2,0
35,6.1,14,0,8,0,0,1,0
34,1.09,5,0,11,1,0,0,0
50,9.56,5,1,20,0,0,2,0
56,9.91,9,1,13,0,1,2,0
17,7.2,5,1,4,0,2,2,0
60,5.44,10,0,4,0,2,2,0
55,1.22,2,1,5,0,0,1,0
20,3.62,9,1,18,1,2,2,0
2,2.58,7,0,22,0,0,0,0
96,6.61,10,0,18,1,1,2,0
62,7.57,5,1,11,0,0,1,0
53,5.36,8,0,2,0,1,1,0
74,5.72,2,1,16,1,1,1,0
71,1.79,6,0,0,0,0,1,0
25,5.33,15,0,13,0,0,1,0
37,8.14,1,0,3,1,0,2,0
130,9.31,2,1,17,0,1,2,0
61,9.63,3,1,11,0,1,2,0
125,1.5,0,1,13,1,2,2,0
14,6.64,13,1,11,0,1,1,0
5,0.5,4,1,21,1,0,0,0
105,0.69,4,1,14,1,0,2,0
84,2.59,6,0,22,1,0,2,0
18,5.4,3,1,22,0,2,2,0
29,5.07,5,0,1,0,1,1,0
70,6.06,5,1,13,1,1,1,0
26,4.08,13,0,3,1,1,1,0
9,7.46,2,0,18,0,0,1,0
121,2.31,13,1,10,1,2,2,0
121,8.91,10,1,15,0,2,2,0
10,1.91,2,0,17,1,1,1,0
18,4.64,15,0,20,1,0,1,0
124,1.7,0,1,6,1,2,2,0
56,1.21,3,1,2,0,0,1,0
27,1.75,5,1,16,1,0,0,0
55,6.84,3,0,6,1,2,2,0
6,4.55,2,0,18,0,0,1,0
14,9.37,8,1,21,0,2,2,0
121,6.08,12,0,16,1,1,2,0
63,3.26,8,1,17,0,2,2,0
106,3.84,6,0,0,0,1,2,0
59,3.91,14,1,15,0,2,2,0
17,3.31,0,1,15,0,0,0,0
109,5.26,13,0,9,1,1,2,0
67,9.02,11,1,14,1,0,2,0
17,0.62,1,0,13,1,2,2,0
113,3.1,5,1,10,1,0,2,0
69,5.23,2,0,11,1,0,1,0
25,6.79,11,0,19,1,2,2,0
64,2.76,8,0,2,1,2,2,0
105,8.19,13,1,18,0,1,2,0
40,3.61,10,0,16,0,2,2,0
38,2.74,4,0,1,0,0,1,0
41,8.81,9,0,19,1,0,2,0
80,9.83,3,0,4,0,2,2,0
76,1.16,4,0,1,1,0,1,0
31,4.42,15,1,19,0,2,2,0
44,9.27,6,0,9,1,0,2,0
28,0.06,13,1,0,0,1,1,0
16,0.73,13,0,9,1,2,2,0
115,4.63,4,1,8,1,1,2,0
53,9.14,14,0,3,1,2,2,0
44,0.73,4,1,19,0,2,2,0
14,4.04,8,1,9,0,2,2,0
127,9.5,9,1,21,1,1,2,0
48,6.76,11,1,6,0,0,1,0
21,8.71,11,1,23,0,1,2,0
97,4.7,10,1,9,1,0,2,0
30,2.06,3,1,12,0,0,0,0
107,5.0,7,0,21,0,2,2,0
8,7.08,13,0,16,1,1,1,0
113,9.75,1,1,4,1,2,2,0
11,7.58,3,1,19,1,0,1,0
124,9.29,0,1,17,0,1,2,0
40,4.9,3,0,11,0,1,1,0
82,7.02,14,0,13,0,0,2,0
47,0.36,1,1,7,0,0,1,0
49,3.87,3,1,18,0,0,1,0
21,2.12,15,0,13,1,0,0,0
103,4.58,3,1,18,1,2,2,0
112,5.24,12,0,12,1,1,2,0
24,7.58,2,1,17,0,1,1,0
93,5.81,1,0,14,0,0,2,0
28,9.99,4,1,2,0,0,2,0
90,1.23,14,0,19,1,0,2,0
117,2.19,13,1,6,1,2,2,0
38,5.54,8,0,13,1,2,2,0
106,7.35,14,1,0,1,1,2,0
89,9.25,3,0,0,1,0,2,0
32,7.36,15,0,15,0,0,1,0
69,2.66,14,1,3,1,2,2,0
